#key	synopsis
3rd Degree (USA)	Would you like to protect your boss who is having an affair? If you got an anniversary gift you didn't like, what would you do? If you found $1 million, would you keep it? You know how you would answer--but what about your friends? Do you think you know? You'll be quizzed on love, family, career, money and potpourri. Sometimes you're right, and sometimes you're not! The answers will surprise you. It's 3rd Degree--the first CD-i game show. You are the contestant in the hot seat in this interactive game. Meet hilarious hosts and a very astute judge. Choose from an assortment of colorful characters and challenge your friends to three rounds of provocative dilemmas! In 3rd Degree it all adds up to lots of laughs, and the kind of lively conflict everyone loves.
7th Guest, The (USA) (Disc 1) (The Game)	The 7th Guest is a puzzle-adventure game which takes place inside an abandoned mansion. Venture into the 22 rooms of the spooky mansion, solve over 20 mind-bending puzzles to unravel a tale of revenge and horror that took place in the 1930s. The owner of the mansion was Henry Stauf, a famous maker of children's toys. Once a homeless drifter and thief, influenced by a vision in a dream, Henry invented a wondrous doll, so incredibly life-like that it sold like wildfire. Stauf's toys became popular overnight bringing fame and fortune and changing his rags to riches. But things took a tragic turn when owners of the doll became infected with a fierce and deadly virus. None of those children recovered. After this turn of events Stauf secluded himself inside his estate, stopped making his toys and never came into contact with the outside world for a long time. Something very strange happened when six people receive an invitation to a party at the mansion. By solving the riddles inside Stauf's &quot;fun house&quot;, you'll delve into the past to learn what happened to them, and the mysterious 7th guest, on that fateful night. The game is played in first person perspective with a point-and-click interface featuring horror-themed animated cursors (skeletons, bulging-eye skulls etc.). It is one of the first games to be released on the then-new CD-Rom media. The graphics are fully rendered in SVGA, and real actors and actresses bring the story to life during numerous full-motion video cut scenes. The visuals are accompanied by an original, orchestrated musical score. To finish the game, you must solve the puzzles in Stauf's manor; each solved puzzle will unlock new rooms or new movie sequences to watch. The puzzles are quite varied; there's the classic &quot;eight queens puzzle&quot;, another puzzle where you need to compose a sentence by rearranging letters, and others. If you get stuck, you can visit the library; a book within will give you hints on the puzzle. If the hints aren't enough, the puzzle will solve itself automatically once you consult the book enough times. Some later, limited releases of the game came with a separate video that included a &quot;behind the scenes&quot; look at the making of the game and interviews with the developers.
Accelerator (Europe)	Accelerator is na all-time classic 2D racing game! You select from one of eight diferente drivers and then it's off to the races. Drive around the track as fast as possible avoiding enemy bullets and collecting Money all along the way. If you collect enough cash and finish in one of the top four spots, you can buy your own ammunition or improve your driving skills. Don't Forget, select your driver carefully, since each driver has their own abilities including traction, acceleration, speed and armor.
Affaire Morlov, L' (Europe) (En,Fr)	L affaire Morlov is a spy thriller in which you play Paul Keirn, a journalist for the newspaper &quot;Liberation&quot;. Your girlfriend Virginie has been kidnapped and you are framed for a murder. You have 48 hours to clear your name and rescue Virginie. The game takes place from the first-person perspective, with all the action going on in real time. Similar to numerous other detective games, your key tasks are to talk to the right people, search each location thoroughly for clues, and study photographic evidence. The game features full-motion video and includes some adult scenes. To travel around in Paris the game provides a map.
Alice au Pays des Merveilles (France)	Now you are Alice and Wonderland awaits you. Mad Hatter, the Cheshire Cat, the Queen of Spades, and all the Wonderland characters are there. This interactive fast-paced adventure game of the classic Alice in Wonderland excites the player with 250 amazing scenarios and 40 eccentric and rich characters. There are mushrooms, cakes and potions, all ready to eat. One will make you small as a mouse; another big as a giant! Characters appear to help (or hinder) you as you gather clues and acquire the powers needed to escape from Wonderland and return home. Rich digital color and sound add to one of the most inventive, fun CD-i programs yet.
Alice in Wonderland (USA)	Now you are Alice and Wonderland awaits you. Mad Hatter, the Cheshire Cat, the Queen of Spades, and all the Wonderland characters are there. This interactive fast-paced adventure game of the classic Alice in Wonderland excites the player with 250 amazing scenarios and 40 eccentric and rich characters. There are mushrooms, cakes and potions, all ready to eat. One will make you small as a mouse; another big as a giant! Characters appear to help (or hinder) you as you gather clues and acquire the powers needed to escape from Wonderland and return home. Rich digital color and sound add to one of the most inventive, fun CD-i programs yet.
Alien Gate (USA)	A terrifying evil is threatening the safety of your planet. Hordes of monsters are advancing through the Alien Gate with one objective in mind - the destruction of your world! Only you can ward off this danger. As a rocket fighter pilot, your coolheadedness will be tested to the utmost. The last battle has begun.
All the Fun of the Fair - Engels voor Kinderen (Netherlands)	The annual Country Fair is coming to Bear Country, but no one has time to take Brother and Sister. Oh boy, are the Bear Cubs going to be upset! So Mama agrees to let them prove they can be responsible enough to go to the fair on their own. Children can join this story and visit delightful locations with over twenty games and learning activities and nine new songs.
Ange et le Demon, L' (France)	It is up to the player to find an angelic sword that is stolen by the forces of evil.
Apprentice, The (USA)	Poor Marvin needs your help! As apprentice to the great wizard Gandorf S. Wandburner III, Marvin must perform treacherous tasks throughout the castle towers. Take control of the apprentice and guide him through six heart-stopping levels in the arcade-style platform game that delivers fast, furious play with thousands of frames of animation. You'll be running, jumping, flying, even swimming your way around the towers, working against the clock and all the beastly enemies who are eager to prove that a wizard's work is never done!
Arcade Classics (Europe)	Remember the good old days spending hours behind the arcade machine? These days are back. &quot;Arcade Classics&quot; has 3 all time classic games from the time that &quot;Game play&quot; was #1: Ms. Pac-Man, Galaxian and Galaga!
Asterix - Caesar's Challenge (Europe)	This interactive board game offers action and adventure as Asterix and his friends journey around the Roman Empire on a challenge from Caesar while learning about different countries' history and culture. You can play as various characters including Asterix, Obelix, Impedimenta, Panacea, Justforkix and Geriatrix. You have to collect souvenirs from various places as proof you've been there, and then get back to your village in time or else Caesar will win. It allows for up to 4 players or you can play against the computer. The game track has 54 squares that can be landed on which represent countries, challenges, prisons, magic potions, traps, rest, and meeting character opportunities. The druid Getafix is host and will hand out magic potion flasks to players (except Obelix who, as fans of the comics know, fell into a potion when he was very young). You can acquire some interesting gadgets from the druid-spy Dubbelosix, that will help you move more quickly. To win the recquired souvenir items, you have to either answer the questions asked in the country squares or buy them from the Phoenician merchant Ekonomikrisis with sestertii won in challenge squares. The scoundrel Tortuous Convolvulus will also try to impede the players progress, so look out.
Asterix - De Uitdaging van Caesar (Netherlands)	This interactive board game offers action and adventure as Asterix and his friends journey around the Roman Empire on a challenge from Caesar while learning about different countries' history and culture. You can play as various characters including Asterix, Obelix, Impedimenta, Panacea, Justforkix and Geriatrix. You have to collect souvenirs from various places as proof you've been there, and then get back to your village in time or else Caesar will win. It allows for up to 4 players or you can play against the computer. The game track has 54 squares that can be landed on which represent countries, challenges, prisons, magic potions, traps, rest, and meeting character opportunities. The druid Getafix is host and will hand out magic potion flasks to players (except Obelix who, as fans of the comics know, fell into a potion when he was very young). You can acquire some interesting gadgets from the druid-spy Dubbelosix, that will help you move more quickly. To win the recquired souvenir items, you have to either answer the questions asked in the country squares or buy them from the Phoenician merchant Ekonomikrisis with sestertii won in challenge squares. The scoundrel Tortuous Convolvulus will also try to impede the players progress, so look out.
Asterix - Die grosse Reise (Germany)	This interactive board game offers action and adventure as Asterix and his friends journey around the Roman Empire on a challenge from Caesar while learning about different countries' history and culture. You can play as various characters including Asterix, Obelix, Impedimenta, Panacea, Justforkix and Geriatrix. You have to collect souvenirs from various places as proof you've been there, and then get back to your village in time or else Caesar will win. It allows for up to 4 players or you can play against the computer. The game track has 54 squares that can be landed on which represent countries, challenges, prisons, magic potions, traps, rest, and meeting character opportunities. The druid Getafix is host and will hand out magic potion flasks to players (except Obelix who, as fans of the comics know, fell into a potion when he was very young). You can acquire some interesting gadgets from the druid-spy Dubbelosix, that will help you move more quickly. To win the recquired souvenir items, you have to either answer the questions asked in the country squares or buy them from the Phoenician merchant Ekonomikrisis with sestertii won in challenge squares. The scoundrel Tortuous Convolvulus will also try to impede the players progress, so look out.
Asterix - El Desafio de Cesar (Spain)	This interactive board game offers action and adventure as Asterix and his friends journey around the Roman Empire on a challenge from Caesar while learning about different countries' history and culture. You can play as various characters including Asterix, Obelix, Impedimenta, Panacea, Justforkix and Geriatrix. You have to collect souvenirs from various places as proof you've been there, and then get back to your village in time or else Caesar will win. It allows for up to 4 players or you can play against the computer. The game track has 54 squares that can be landed on which represent countries, challenges, prisons, magic potions, traps, rest, and meeting character opportunities. The druid Getafix is host and will hand out magic potion flasks to players (except Obelix who, as fans of the comics know, fell into a potion when he was very young). You can acquire some interesting gadgets from the druid-spy Dubbelosix, that will help you move more quickly. To win the recquired souvenir items, you have to either answer the questions asked in the country squares or buy them from the Phoenician merchant Ekonomikrisis with sestertii won in challenge squares. The scoundrel Tortuous Convolvulus will also try to impede the players progress, so look out.
Asterix - La Sfida di Cesare (Italy)	This interactive board game offers action and adventure as Asterix and his friends journey around the Roman Empire on a challenge from Caesar while learning about different countries' history and culture. You can play as various characters including Asterix, Obelix, Impedimenta, Panacea, Justforkix and Geriatrix. You have to collect souvenirs from various places as proof you've been there, and then get back to your village in time or else Caesar will win. It allows for up to 4 players or you can play against the computer. The game track has 54 squares that can be landed on which represent countries, challenges, prisons, magic potions, traps, rest, and meeting character opportunities. The druid Getafix is host and will hand out magic potion flasks to players (except Obelix who, as fans of the comics know, fell into a potion when he was very young). You can acquire some interesting gadgets from the druid-spy Dubbelosix, that will help you move more quickly. To win the recquired souvenir items, you have to either answer the questions asked in the country squares or buy them from the Phoenician merchant Ekonomikrisis with sestertii won in challenge squares. The scoundrel Tortuous Convolvulus will also try to impede the players progress, so look out.
Asterix - Le Defi de Cesar (France)	This interactive board game offers action and adventure as Asterix and his friends journey around the Roman Empire on a challenge from Caesar while learning about different countries' history and culture. You can play as various characters including Asterix, Obelix, Impedimenta, Panacea, Justforkix and Geriatrix. You have to collect souvenirs from various places as proof you've been there, and then get back to your village in time or else Caesar will win. It allows for up to 4 players or you can play against the computer. The game track has 54 squares that can be landed on which represent countries, challenges, prisons, magic potions, traps, rest, and meeting character opportunities. The druid Getafix is host and will hand out magic potion flasks to players (except Obelix who, as fans of the comics know, fell into a potion when he was very young). You can acquire some interesting gadgets from the druid-spy Dubbelosix, that will help you move more quickly. To win the recquired souvenir items, you have to either answer the questions asked in the country squares or buy them from the Phoenician merchant Ekonomikrisis with sestertii won in challenge squares. The scoundrel Tortuous Convolvulus will also try to impede the players progress, so look out.
Asterix - O Desafio de Cesar (Portugal)	This interactive board game offers action and adventure as Asterix and his friends journey around the Roman Empire on a challenge from Caesar while learning about different countries' history and culture. You can play as various characters including Asterix, Obelix, Impedimenta, Panacea, Justforkix and Geriatrix. You have to collect souvenirs from various places as proof you've been there, and then get back to your village in time or else Caesar will win. It allows for up to 4 players or you can play against the computer. The game track has 54 squares that can be landed on which represent countries, challenges, prisons, magic potions, traps, rest, and meeting character opportunities. The druid Getafix is host and will hand out magic potion flasks to players (except Obelix who, as fans of the comics know, fell into a potion when he was very young). You can acquire some interesting gadgets from the druid-spy Dubbelosix, that will help you move more quickly. To win the recquired souvenir items, you have to either answer the questions asked in the country squares or buy them from the Phoenician merchant Ekonomikrisis with sestertii won in challenge squares. The scoundrel Tortuous Convolvulus will also try to impede the players progress, so look out.
Atlantis - The Last Resort (Europe)	The parole officer has just made you an offer you cannot refuse... &quot;Shut down the reactor at the heart of the Atlantis resort and you can have your freedom&quot;. Your reply... &quot;Where's my rocket launcher?&quot; 20 levels of mindless blasting!!
Axis and Allies (USA)	It's 1942. World War II is raging, and you control the fate of nations… on the land, on the sea and in the air. Lead one or more of the major powers; Germany, Japan, USSR, United Kingdom, and United States; in history's greatest conflict, challenging the shrewd CD-i oponente or up to four other players. Use sound judgment, brillant strategy, and clever tactics, as you deploy your country's economic and militar might to defeat your enemies. Actual combat footage, detailed global and close-up views of the world, CD quality sound effects; plus extensive on-line help; add powerful dimensions to this engrossing CD-i version of the popular Milton Bradley board game.
Backgammon (USA, Europe)	Backgammon is a translation of the classical board game for the CD-i. The game allows the player to chose between three different opponents with each their own skill level. The game can be played in a first person perspective in which the opponents are displayed in an animated cartoon style. You can also play against a friend and choose for a top down view of the game board. A hint system is available when you don't know what to do and it is also possible to undo a turn when you change your mind.
Battleship (World)	Battleship is a conversion of the classic board game for the CD-i. The game plays exactly like the original board game. You take turns to fire on certain coordinates in the hope of hitting enemy ships. On the side of the screen there's a little window that shows short naval archive footage whenever you are firing or get hit. You can play against the computer or against a friend.
Berenstain Bears, The - Bij de Berenstain Beren Thuis - Thuis en bij Jou (Netherlands)	The Berenstain Bears: On Their Own is an interactive story book for children based on the popular children's book series. A yearly fair has come to Bear country, but nobody has the time to accompany brother and sister bear to go to it. Mother bear agrees that they can go on their own if they prove they can be responsible. The game includes 29 educational games for children. With each successful completion the player can win stars. Games include cleaning their virtual room, catching the bus to school, matching the alphabet, reading the clock and others. Initially all the games are around the house, but once the player has shown his responsibility, more games at the fair are unlocked.
Berenstain Bears, The - On Their Own (USA)	The Berenstain Bears: On Their Own is an interactive story book for children based on the popular children's book series. A yearly fair has come to Bear country, but nobody has the time to accompany brother and sister bear to go to it. Mother bear agrees that they can go on their own if they prove they can be responsible. The game includes 29 educational games for children. With each successful completion the player can win stars. Games include cleaning their virtual room, catching the bus to school, matching the alphabet, reading the clock and others. Initially all the games are around the house, but once the player has shown his responsibility, more games at the fair are unlocked.
BrainDead 13 (Europe)	As Lance, the world's hippest computer repair guru, you're called to the mysterious castle of the disembodied brain, Dr. Nero Neurosis. You learn of the Doctor's master plan... There's no turning back now! Race through the evil playground of the demented Doctor's twisted castle and battle the ultimate mishaps of science: Moose, Vivi, and Fritz, the half-human half-pet of Dr. Neurosis.
Brer Rabbit and the Wonderful Tar Baby (USA, Europe)	Everybody knew Brer Rabbit was the sassiest of creatures. But no one was prepared for what happened after Brer Fox tried to fricassee him for dinner! The hilarious battle of wits and the way in which Brer Rabbit finally triumphs make for a classic tale.
Burn-Cycle (USA, Europe) (Disc 1) (The Game)	Burn Cycle (stylized as Burn:Cycle) is a 1994 adventure video game for the CD-i that incorporates full motion video. The game's star, Sol Cutter, is a computer hacker and small-time data thief whose latest steal at the beginning of the game comes with a nasty sting. The Burn Cycle virus has been implanted in his head and has given him a two-hour realtime deadline to find a cure before his brain deteriorates completely. The player must guide Sol out of Softech and into the Televerse in order to find his cure. Various obstacles and games stand in his way, and there is the overarching realisation that Burn Cycle has been planted by someone with malicious intent.
Caesars World of Boxing (Europe)	Your sports fantasy comes true in the boxing arcade/strategy game that puts you in the ring at the fabulous Caesars Palace, Las Vegas. Behind the scenes, the managers, trainers, reporters, high-rollers and groupies who make up your entourage offer advice, encouragement and temptation. Under the lights, the world is watching as you tape the gloves, climb through ropes, and fight for the heavyweight crown.
Caesars World of Gambling (USA, Europe)	Caesars World of Gambling is much like the many other iterations. The player starts out with $500 to gamble in the famed Caesar's Palace in a variety of games such as Blackjack, Roulette, Craps, Slot Machines, etc. The game boasts photo realistic graphics of an actual casino, dealers and slot machines and has real-life odds applied to the game to give it a more realistic feel. It also features the ability for four different players to compete against each other.
Caraibes Offshore (France)	Here's your shot at Paradise, bro. You're in the middle of an action-packed adventure with your cohorts Spence (Terry &quot;Hulk&quot; Hogan) and Bru (Chris Lemmon). Blast your way through these mind-blowing action encounters as you attempt to rescue Spence's daughter Jessica, regain control of the M.A.J.O.R., and crush your arch enemy, RAMPIKE! Race at hyperspeed through the Caribbean, aboard THUNDER, a 45-foot piece of hi-tech marine hardware. Take control of the boat's weapon systems and defend THUNDER from a shower of deadly threats. Face down minions of the psychotic RAMPIKE on the eerie trails of Rossiter's Island. Go toe-to-toe with the M.A.J.O.R., a bio-humanoid gone haywire, in a battle for Jessica's life!
CD Shoot (USA) (En,Ja,Fr,De,Es,It,Nl,Pt)	CD Shoot is a clay dove shooting game for the CD-i. The game has four game modes: sporting, Olympic trap, balltrap and English skeet. In the game clay doves are launched in the air and using a targeting crosshair you have to shoot them out of the sky.
Chaos Control (USA)	The year is 2071, the aggressive Kesh Rhan aliens have already destroyed the human colonies on Mars and Pluto, and now plan to wipe out all humans from Earth as well. You play as Jessica Darkhill, lieutenant and most skilled pilot of the Orbital Defence Forces. The counter-attack you are about to launch is the last hope to save the Earth of chaos. Chaos Control is a fast-paced shoot'em up featuring 3d pre-rendered environments, which means you cannot actually control the spaceship you are flying in, but are merely in charge of aiming at the various enemies appearing on screen.
Christmas Country (Europe)	Christmas Country is a 2D platform game for the CD-i with a Christmas setting. The game is aimed at younger children. The player has to walk and run around and defeat enemies. The game comes with 16 levels.
Christmas Crisis (Europe)	Christmas Crisis is a 2D plaftorm game with a Christmas theme. The player plays as Santa Claus and has to disarm twenty-four presents that have been rigged with explosives by the malicious Dr. Rubberchicken. As Santa the player is armed with snowballs which can be used to knock out evil toys sent to stop you in your path by Dr. Rubberchicken. Aside from snow, which allows the player to replenish his snow balls there's various other types of pickups that can be collected such as treasure. When enough treasure is collected the player receives a password that allows him to restart the game from that level after he has died. The game features new themes for each level and in the end the player has to fight a final boss. Most levels are vertically orientated and thus allow for lots of jumping. In between levels there's some 3D bonus levels in which the player rides Santa's sleigh in first person perspective. The sleigh moves along a rail and the player has to dodge obstacles.
Clue (USA)	Clue is a full-motion video adaptation of the popular board game of the same name. There are three storylines with four difficulty levels, each with a unique solution making it altogether twelve different mysteries: The Hodded Madonna, Happy Ever After and Deadly Patent. The movement system, where the player moves the cursor to a portion of the screen and clicks on it to move or turn to that direction is similar to the one found in the The 7th Guest. Inside the rooms the screen switches to a 360Âº panorama that can be scrolled by moving the cursor to its edges. Clicking on clocks starts a flashback video of what happened on the room before the crime was committed. Clicking on suspects brings up the interrogation screen, where they can be inquired about weapons, their alibis, etc. Clicking on secret passages transports the player to another room. Clicking on the bell calls the butler and the accusation menu, where the player chooses the weapon and the murderer. Afterwards, the butler informs if the player made the right choice. A notebook keeps track of all the information collected, and can be accessed at any time. Each of the four difficulty levels have a different number of accusations available (3 on the easiest level, 1 on the hardest one). In the easier levels the room positions are fixed, while in the tougher levels they are random. In each player's turn they can perform two moves, two actions or a action and a move. A move is defined by entering and leaving a room. A action is defined by examining items, interrogating suspects or watching a flashback.
Clue - The Mysteries Continue (USA)	Cluedo, known as Clue in the USA, is a popular board game with a murder mystery theme. The CD-i version makes full use of Digital Video to present the viewer with a challenging game. By interviewing real characters and using a process of deduction the viewers must play against each other to find the murderer, the murder weapon and the murder room, and correctly accuse the culprit.
Cluedo (Europe)	Clue is a full-motion video adaptation of the popular board game of the same name. There are three storylines with four difficulty levels, each with a unique solution making it altogether twelve different mysteries: The Hodded Madonna, Happy Ever After and Deadly Patent. The movement system, where the player moves the cursor to a portion of the screen and clicks on it to move or turn to that direction is similar to the one found in the The 7th Guest. Inside the rooms the screen switches to a 360Âº panorama that can be scrolled by moving the cursor to its edges. Clicking on clocks starts a flashback video of what happened on the room before the crime was committed. Clicking on suspects brings up the interrogation screen, where they can be inquired about weapons, their alibis, etc. Clicking on secret passages transports the player to another room. Clicking on the bell calls the butler and the accusation menu, where the player chooses the weapon and the murderer. Afterwards, the butler informs if the player made the right choice. A notebook keeps track of all the information collected, and can be accessed at any time. Each of the four difficulty levels have a different number of accusations available (3 on the easiest level, 1 on the hardest one). In the easier levels the room positions are fixed, while in the tougher levels they are random. In each player's turn they can perform two moves, two actions or a action and a move. A move is defined by entering and leaving a room. A action is defined by examining items, interrogating suspects or watching a flashback.
Cluedo - The Mystery Continues (Europe)	Cluedo, known as Clue in the USA, is a popular board game with a murder mystery theme. The CD-i version makes full use of Digital Video to present the viewer with a challenging game. By interviewing real characters and using a process of deduction the viewers must play against each other to find the murderer, the murder weapon and the murder room, and correctly accuse the culprit.
Comando Tierra (Spain)	Earth Command is a strategic simulation game that focuses on both ecological and social threats to our planet. The player takes on the role of the head of a special United Nations command post in space. You are in full control to allocate budgets and taxes, dispatch emergency assistance, decree emergency laws and other actions of global interest. You must combat both natural as social disasters. The game is viewed in a top down map of the world. Whenever a situation arises it is accompanied with full motion videos. The game covers 500 possible emergencies in 130 different countries and includes real video footage from among others CNN, Greenpeace and the U.S. State Department.
Compton's Interactive Encyclopedia (USA)	The entire twenty-six volume Compton's Encyclopedia comes to life on your television! You can instantly access high resolution visuals, CD quality sound, and exciting video and audio segments! Travel to the past in a Time Machines. or around today's world in an interactive world atlas. Listen to the music of Bach or Vivaldi. Examine the valves of a beating heart, Watch man's first steps on the moon.
Connect Four (USA, Europe)	Connect Four is a digital version of the 1974 Milton Bradley board game of the same name. In the game players take turn dropping coloured discs on a vertical playing field while trying to get four of them in a row either horizontally, vertically or diagonally. This version can be played against a friend or against the computer. There are three difficulty levels for the computer opponent. Players can pick their own colour of choice.
Cosecha del Sol, La - Vincent van Gogh Revivido (Spain)	&quot;Harvest of the Sun&quot; invites you on an extraordinary journey into the world of Vincent Van Gogh. You will discover every detail of his life and art in vibrant color and set to period music. On this CD, you are a critic like Theo Van Gogh, who was the painter's &quot;agent,&quot; or a &quot;connoisseur&quot; like Doctor Gachet, who treated him. You decide the program yourself. Enter the painter's studio and pick up a painting, and you're off to Paris and the bustling streets of Montmartre, or to the sun-drenched plains of Provence. You will be able to visit the six main periods of Van Gogh's dramatic life at your own pace and whenever you please. Even more: you will be able to see the very places where the artist lived and worked, discover where he set up his easel, and understand how he observed a scene and reproduced it. In the music gallery, you will admire the work of Van Gogh with the accents of the music of Debussy, Frank, Chabrier and Bizet in a symphony of colors and digital sounds.
Crayon Factory, The (USA)	Enter the most colorful world a child could ever imagine. The Crayon Factory, and extraordinary interactive environment where kids play and learn! Each existing trip to the Crayon Factory is a new experience, loaded with fun-filled activities that help your child develop critical learning skills. Narrated by Julie Walters.
Creature Shock (Europe) (Disc 1)	In 2123, the UNS Amazon is sent as part of an exploration fleet to various planets to determine new viable locations for settlement as the Earth is destroyed by human activity. En route to Saturn, the Amazon is ensnared by a massive alien being resembling a large asteroid. The protagonist, Commander Jason Barr, is sent to investigate the incident. He encounters heavy resistance on his way to Saturn, and after fighting through multitudes of alien ships, encounters the UNS Amazon almost completely absorbed by the organic asteroid. As he explores it, he comes into contact with what appears to be Captain Sumoki of the Amazon. However, she morphs into a demonic looking alien and attacks. Upon defeat, it reverts to the appearance of the Captain and Barr takes it back to the Moon base. The being is examined and determined to be an alien clone. Upon interrogation, it reveals an alien listening base located on Tethys. Barr heads to Tethys to find the base and destroy its communication uplink. Upon his arrival he encounters a probe which proceeds to scan his ship before heading back to the base. Barr chases it through the valleys, where he locates the base. He manages to complete his mission and escape the base before it's destroyed. His ship, however, gets caught in the data beam and he is pulled up through it. Regaining consciousness, he pilots the ship through several pieces of debris and destroys an awaiting alien ship. His ship is badly damaged in the process and crashes into the alien mothership. With no means of escape, he searches the ship and engages the leader in battle, finally defeating him on the bridge. He then accidentally activates the ship terraforming ability, changing its coordinates from Earth to Mars. With this Mars is transformed into a second Earth, providing humanity a new home.
Crime Patrol (Europe)	Originating in the arcades, this is a full-motion video rail shooter with real actors, produced by the makers of Mad Dog McCree. Crime Patrol puts the player in the shoes of a police officer, who starts as a Rookie and has to work his way up to become a member of SWAT and eventually the Delta Force team. To do that, he has to complete missions, which involve taking down criminals in a variety of locations. Beginning with smaller-scale criminals (such as shoplifters), the hero will later have to face gangsters, drug lords, and eventually terrorists. For each set of missions, the player characters is being teamed up with another police officer. The gameplay is quite similar to any other of the large live-action laser-gun games found in the arcades - all the player has to do is take the gun (or the mouse in the computer version) and show those criminals who's the boss!
Dark Castle (USA, Europe)	The Black Knight has brought misery to the land, and the end way to end this is to enter his haunted house to slay him. You are the brave adventurer taking on this quest through 14 increasingly-tough zones. The bulk of the game is side-viewed, involving single screens to pass through, which incorporate ropes, cages and trapdoor. There are enemies walking, flying and hovering through this, and many of them respawn. Unusually your weapon to take them on (rocks) can be thrown through 360 degrees, which aims to make the gameplay more realistic and methodical. The screens were linked by hub screens, which the player passes through simply by clicking on a door.
Defender of the Crown (USA, Europe)	Strategy is vital in this chivalrous charade, and smarts will protect your hide better than armor as you command the role of a brave Saxon knight destined to avenge King Richard's murder. To reclaim the crown and conquer the heart of a beautiful maiden, you must outwit and outmaneuver hordes of medieval marauders. Read maps, plan raids, even team with Robin Hood, then plunder enemy strongholds, dueling for gold needed to build an army of mercenary vassals. You'll also need to stash cash for catapults that launch boulders, fire and disease into formidable fortresses. So wise up and rise up to this unique challenge where leadership is as important as swordsmanship. For when you've survived this strategic adventure, complete with daring jousts and courageous castle sieges, you won't be sorry - you'll be king!
Destination Great Britain - Central and Northern England (Canada)	Come explore brooding moors, elegant gardens, and castle strongholds in the heart of England. Take a turn through the university towns of Cambridge and Oxford. Let our photojournalists guide you over hill and dale to some of England's best kept secrets! Destination Great Britain is a multimedia odyssey captured in postcards, snapshots, personaö commentary and over 20 minutes of video.
Dimo's Quest (USA)	To be able to marry Princess Dori, Dimo the frog has to collect all the sweets her father King Greenfoot wants throughout the kingdom! That means over 50 levels; so help Dimo in his quest in this cute puzzle game...
Do You Remember the '60s (UK)	Do you remember the '60s? is a quiz game with questions about the 1960s for the whole family.
Domino (Netherlands)	Domino is a digital conversion of the classical tile laying game of Dominoes. Each rectangular tile has a number of dots on both long ends. In turns players place one of their tiles on the table. Tiles must connect to evenly numbered edges. The first player to lose all his tiles wins the game. When the player can't place any of his tiles he has to pass.
Dragon's Lair (USA)	Players control Dirk the Daring as he struggles his way through a dungeon to fight Singe, the Dragon, and rescue the beautiful Princess Daphne. With limited movement allowed, the game's main emphas
Dragon's Lair II - Time Warp (USA)	Flintstones Jetsons: Timewarp is an graphical adventure game based on the two popular cartoons The Flintstones and The Jetsons. In the game Fred Flintstone and George Jetson have switched places in time and space. It is for the player to set things right again.
Drug Wars (Europe)	Drug Wars is another in the long line of traditional American Laser Games arcade-conversion shooters. It's a straightforward point-and-click game in which you fight the usual gang of not-so-law-abiding citizens in a typically small town.
Earth Command (USA)	Earth Command is a strategic simulation game that focuses on both ecological and social threats to our planet. The player takes on the role of the head of a special United Nations command post in space. You are in full control to allocate budgets and taxes, dispatch emergency assistance, decree emergency laws and other actions of global interest. You must combat both natural as social disasters. The game is viewed in a top down map of the world. Whenever a situation arises it is accompanied with full motion videos. The game covers 500 possible emergencies in 130 different countries and includes real video footage from among others CNN, Greenpeace and the U.S. State Department.
Earth Rhythms (USA)	Discover a fascinating and powerful world that stretches into the distance of the earth. This album offers lively, cheerful and rhythmic music from the world, accompanied by breathtaking natural landscapes. Relax for the gentle sound of nature and enjoy a collection of stunning and inspiring images.
Effacer (USA)	Effacer is a futuristic take on the classic paper and pencil game of hangman. The set-up has the player compete in a series of grammar games against aliens that have &quot;committed crimes against grammar&quot; by competing in games to learn proper nouns, adjectives and the like in the style of hangman. If the player chooses the right letters, the enemy alien will be zapped, but if the player picks the wrong one their character will start to be hanged. If they player chooses too many wrong letters, their character will be hanged and the game will be over.
Escape from CyberCity (USA, Europe)	The Earth is under attack. The evil Guardian's forces are in control. Only a few continue to resist and only you can help. Your mission is to survive the dangers of CyberCity, fight your way to the train and destroy the Guardian's planet. Beware: things are not what they seem! Escape From CyberCity is the first CD-Interactive action adventure to utilize full cel-animation, giving the player the feel of starring in a fast action motion picture. This beautifully animated production features a dynamic, high impact soundtrack and complete interactive play.
Exploring Our Solar System (USA)	Fly to the planets, fly to the sun, asteroids and comets. Patrick Moore the world famous astronomer and television personality is your in flight guide to the planets. Tom Baker, time traveller extraordinaire will take you back in time to explore the beginning of the solar system and to discover how the planets got their names. You'll test your interplanetary flying skills to the limit when you pit your wits against the force of gravity in the fascinating games of planetball and gravity golf. The Solar System brings you: – Hundreds of fabulous NASA space pictures. – Over 2 hours of expert information. – Thousands of facts and figures. – Planetary flyovers and other movies never seen before.
Face Kitchen (Europe)	Uby the French chef has a wonderful kitchen where he stores hundreds of features to cook up his faces. There are eyes and ears in cupboards, noses in the refrigerator, mouths in the freezer and hats under the sink. With the help of your imagination Uby flies about mixing features into his bowl to create the craziest and funniest faces you can devise.
Family Games I (Europe)	Here's a game collection for the whole family. It'll keep EVERYONE glued to the screen for hours! Take your pick - action and adventure, brain teasers or straightforward entertainment. There are ten great games - Full Attack, Jokisen, Where's That Sound, Skid Kart, Captain Alphabet, Draw Stamp Color, SuperSlide, Morphon Invasion, Wizard and Hot Rocks.
Family Games II - Junkfood Jive (Europe)	If you like to flit around like a fly along dirty food residue, have to fight over the bill with your partner, if you want to invent your own clever pizza topping, have had greater ambitions than smaller people or have painted (yes) your masterpieces on thick place mats, then you will feel quite at home here!
Flashback (USA)	You're Conrad B. Hart, Galaxis Bureau of Investigation Agent and right now you're stranded on a far-away planet after discovering an alien plot to overtake Earth. You must travel and find your way through four planets back to Earth and foil the aliens' sinister and deadly plans. This is truly the most explosive and intriguing Flashback experience. And it's gonna rip you right out of your comfortable little century and hurl you smack into a time and place that'll have you begging for a nap!
Flintstones-Jetsons Timewarp (USA)	Flintstones Jetsons: Timewarp is an graphical adventure game based on the two popular cartoons The Flintstones and The Jetsons. In the game Fred Flintstone and George Jetson have switched places in time and space. It is for the player to set things right again.
Geants du Jazz, Les (France)	The big Basie beat, the bebop of Charlie Parker. the sass of Sarah Vaughan, the blues of Billie Holiday. Miles Davis' cool, Stan Getz's swing. All of these Jazz Giants had monumental impact on the world of music. and the world itself. Experience nineteen great songs in this fully interactive disc, where music fills the air and the lives of these Jazz Giants are at your fingertips. Artist's notes offer an illustrated biography on each performer. Liner notes offer information on the songs, the competition, the musicians, sessions stories and technique tips.
Girl's Club (USA, Europe)	Girl's Club is a fantasy dating simulation game starring American actress Heidi Lucas. It is however not possible to date Heidi, since this game is aimed at girls and allows the player to date thirty different men.
Girls (France) (En,Fr,De,Es,Nl)	Girl's Club is a fantasy dating simulation game starring American actress Heidi Lucas. It is however not possible to date Heidi, since this game is aimed at girls and allows the player to date thirty different men.
Gnomes (USA)	Would you like to know at which age a Gnome retires, how strong he is compared with an human being, and how he deals with Trolls and Snotgurks?
Go (Spain)	Go: Special Edition is a digital version of the classic Chinese board game. The game is played with two players or against an AI. Like in the board game players take turns to place white or black markers on intersections of the game grid. The goal is to gain a majority control of the board. Players can remove an opponents markers by completely surrounding them with their own. The game includes video tutorials from professional Go players and a complete history behind the game Go and a strategy guide.
Goal! FIFA World Cup Soccer Quiz Game (Europe) (En,Ja,Fr,De,Es,It,Nl,Pt)	Goal: FIFA World Cup Soccer Quiz Game is a quiz game about the FIFA World Cup. In the game two players play a match of soccer against each other. But in stead of directly controlling the players, a player is given three choices in a particular situation. Depending on the player's choice he's presented with an easy, medium or hard multiple choice question about the World Cup event. Answering the question correctly makes the choice a success. More difficult questions have a greater benefit on the field. Players can choose for a game of five, ten or fifteen minutes.
Golden Oldies I (Europe)	Golden Oldies I is collection of two games that mimic the game mechanics of classic arcade games. The games are: Guardian, a remake of Defender. Invaders, a remake of Space Invaders Both games have modernized graphics over the original, while the gameplay stays mostly the same. In Guardian you fly around on a horizontally scrolling background shooting at enemies. In Invaders you hover about at the bottom of the screen and shoot enemies that come descending from the sky. There are three bunkers to hide in, until they are shot to bits.
Golden Oldies II (Europe)	Golden Oldies II is a sequel to Golden Oldies I. Like the previous title it is a collection of two games that mimic the game mechanics of classic arcade games. For part II the games are: Blockbuster, a remake of Arkanoid. Bughunt, a remake of Centipede. Both games have modernized graphics over the original, while the gameplay stays mostly the same. In Blockbuster the player moves a paddle left and right to bounce a ball against blocks at the top of the screen. Blocks are destroyed when hit by the ball and in order to win all blocks have to be destroyed. Some blocks contain powerups that make it easier for the player. In Bughunt the player tries to kill centipedes by shooting it from the bottom of the screen. Whenever shot the centipedes lose parts of their body, making them harder to hit for a successive hit.
Golden Oldies Jukebox (USA)	Golden Oldies I is collection of two games that mimic the game mechanics of classic arcade games. The games are: Guardian, a remake of Defender. Invaders, a remake of Space Invaders Both games have modernized graphics over the original, while the gameplay stays mostly the same. In Guardian you fly around on a horizontally scrolling background shooting at enemies. In Invaders you hover about at the bottom of the screen and shoot enemies that come descending from the sky. There are three bunkers to hide in, until they are shot to bits.
Golf Tips (Europe) (En,Ja)	A mixture of animation, photos, graphics and inset-picture-video provides amazingly clear golf instruction suitable for all standards. Material for the disc has been compiled by an international team led by John Stirling, respected British PGA pro and English national coach. Fault Finder and Course Management provide instant access to punchy tips from a choice of three pros, one of whom is sure to help your game.
Golgo 13 (Japan)	Golgo 13 is an adventure game based on the manga of the same name. It follows the adventures of Duke Togo, the world's greatest assassin, as he sets out on various missions. It includes thirteen different plots adapted from stories in the original manga; these are presented in the form of black and white manga panels with voice acting. At key points in the story, the player interacts by choosing from one of several choices. It also includes a &quot;database&quot; mode, in which the player is quizzed on details of Duke Togo's adventures spanning the last few decades.
Great Day at the Races, A (USA)	A Great Day at the Races is an interactive tutorial for an aspiring gambler wanting to learn how to bet on horse races and learn advanced handicapping methods. It also features lessons on the history of horse racing and a dictionary where players can learn track jargon. It also features simulated races where players, six total, can try out their newly learned skills and try their hand at FMV races before trying it out on the real thing.
Guignols de l'Info, Les ...le Jeu ! (France)	A point-and-click game based on the satirical news-themed puppet show of the same name.
Harvest of the Sun - Van Gogh - Une Moisson de Soleils (France)	&quot;Harvest of the Sun&quot; invites you on an extraordinary journey into the world of Vincent Van Gogh. You will discover every detail of his life and art in vibrant color and set to period music. On this CD, you are a critic like Theo Van Gogh, who was the painter's &quot;agent,&quot; or a &quot;connoisseur&quot; like Doctor Gachet, who treated him. You decide the program yourself. Enter the painter's studio and pick up a painting, and you're off to Paris and the bustling streets of Montmartre, or to the sun-drenched plains of Provence. You will be able to visit the six main periods of Van Gogh's dramatic life at your own pace and whenever you please. Even more: you will be able to see the very places where the artist lived and worked, discover where he set up his easel, and understand how he observed a scene and reproduced it. In the music gallery, you will admire the work of Van Gogh with the accents of the music of Debussy, Frank, Chabrier and Bizet in a symphony of colors and digital sounds.
Harvest of the Sun - Vincent Van Gogh Revisited (USA)	&quot;Harvest of the Sun&quot; invites you on an extraordinary journey into the world of Vincent Van Gogh. You will discover every detail of his life and art in vibrant color and set to period music. On this CD, you are a critic like Theo Van Gogh, who was the painter's &quot;agent,&quot; or a &quot;connoisseur&quot; like Doctor Gachet, who treated him. You decide the program yourself. Enter the painter's studio and pick up a painting, and you're off to Paris and the bustling streets of Montmartre, or to the sun-drenched plains of Provence. You will be able to visit the six main periods of Van Gogh's dramatic life at your own pace and whenever you please. Even more: you will be able to see the very places where the artist lived and worked, discover where he set up his easel, and understand how he observed a scene and reproduced it. In the music gallery, you will admire the work of Van Gogh with the accents of the music of Debussy, Frank, Chabrier and Bizet in a symphony of colors and digital sounds.
Hieroglyph (Germany)	Hieroglyph is a puzzle game with an Egyptian theme. Like in the board game Master Labyrinth the player has control over the layout of a maze that's made out of different tiles. The player has to help the puppet inside to escape. The game offers three difficulties: slow, normal and fast.
Hotel Mario (USA)	Bowser has taken over the Mushroom Kingdom, -He's captured Princess Toadstool and is holding her in one of the seven hotels in the kingdom. Only you and Mario can free the Princess but you'll have to battle Koopas, Parabombs, Banzai Bill, Spiney, Monty, Pat the Bat and other nefarious nasties!
How the Camel Got His Hump (USA)	Rudyard Kipling's Just So Stories have been enchanting children for generations. This popular tale of the camel who said “Humph” once too often is recounted by Jack Nicholson, with music by Bobby McFerrin. In addition to endearing storytelling, this interactive experience offers a detailed parents guide which will help you enrich your child's learning experience.
Inca (USA)	You are a space pilot who can travel through time. Now your mission is to land in South America at the time of the European invasion, and find the mysterious treasure of the great Inca civilization. Inca is a game that combines adventure and action, or to put it more correctly, it's an adventure games with many action elements (such as space combat).
International Tennis Open (USA) (En,Fr)	More of a simulation than an action game, with a multimedia showcase (the game's got thousands of mini-videos, voiceovers, etc.). You select one of 9 nations to represent and get to play singles against a variety of opponents (no doubles play) in either practice mode, quick match, or tournament. Practice is pretty self-explanatory, quick match allows you to select your opponent (among 4 fictional players) and the type of court (concrete, grass, clay). While on tournament mode you select a host city from around the world and start playing from the quarter-finals on. You view the action from a 3rd-person perspective and in-game graphics consist of 2-d rotoscoped-animated sprites.
Jan Pienkowski Haunted House (Europe) (En,Fr,De,Es,It,Nl)	Jan Pienkowski Haunted House is an adaptation of the pop-up children's book of the same name by Jan Pienkowski. In this game for children of ages 4 to 8 they explore a haunted house that's filled with strange creatures and fun-filled games. There is no real horror to be found, but strange ghosts and monsters from both Earth and beyond do hide out in the house. Each room features original art from the pop-up book and can be explored at will. Clicking on hotspots in the room activates funny animations that will appeal to children. These are accompanied by sometimes ominous music but mostly funny sound effects. Using a map of the house the player can quickly travel to any part of the house. There's no real objectives rather than to have fun and explore.
Jazz Giants - From Big Band to Bossa Nova (USA, Europe)	The big Basie beat, the bebop of Charlie Parker. the sass of Sarah Vaughan, the blues of Billie Holiday. Miles Davis' cool, Stan Getz's swing. All of these Jazz Giants had monumental impact on the world of music. and the world itself. Experience nineteen great songs in this fully interactive disc, where music fills the air and the lives of these Jazz Giants are at your fingertips. Artist's notes offer an illustrated biography on each performer. Liner notes offer information on the songs, the competition, the musicians, sessions stories and technique tips.
Jeopardy! (USA)	If you've always anted to be on Jeopardy! (and who hasn't), play the world's most popular 'answer and question' game and feel like you're on the set! You're standing in front of the cameras, hand at the buzzer, as host Alex Trebek calls you by name and peppers you with categories and dollar amounts. Advance from the Jeopardy! round to Double Jeopardy! And then Final Jeopardy.challenged by the game itself and by your brilliant opponents. Win the most money, become champion and see your score immortalised in the Jeopardy! Hall of Fame. The unique response to directory on CD-I makes this version as fast paced as the television game itself.
Jigsaw - The Ultimate Electronic Puzzle (USA)	Jigsaw: The Ultimate Electronic Puzzle is a collection of digital Jigsaw puzzles. The game allows you to choose a picture from its library and select the number of pieces (3,000 to 15,000) and shape of the pieces. The game has a simple aid function that shows the correct location for a piece with a simple button press. The game is accompanied with a soothing New Age soundtrack.
Joker's Wild! Jr., The (USA)	“It's the game where Knowledge is King, and Lady Luck is Queen…It's The Joker's Wild!” The Joker's Wild! Has been one of America's most popular television game shows for years, and this interactive version is loaded with all the entertainment and excitement of the original. Join host Wink Martindale to spin the wheels and answer questions in multiple categories for three fun, fast-paced rounds. Win the most money! Step up, start spinning…and remember, The Joker's Wild!
Joker's Wild!, The (USA)	“It's the game where Knowledge is King, and Lady Luck is Queen…It's The Joker's Wild!” The Joker's Wild! Has been one of America's most popular television game shows for years, and this interactive version is loaded with all the entertainment and excitement of the original. Join host Wink Martindale to spin the wheels and answer questions in multiple categories for three fun, fast-paced rounds. Win the most money! Step up, start spinning…and remember, The Joker's Wild!
Joy of Sex, The (USA)	Welcome to “The Joy of Sex” on Interactive Compact Disc. You will discover a wise, entertaining, uninhibited guide to lovemaking, containing a sparkling combination of video, illustrations, commentary and music made easily and instantly accessible. Sexual techniques and positions, as well as ideas about love and relationships, are explored through intimate video sequences, hundreds of candid and tender drawings and over three hours of commentary. Exactly what you choose to view next is your decision, but to help you, the disc's interactive features include: Introduction Guides Insights Questionnaire Game Bookmark
Kether (USA) (En,Fr)	Kether is a mixture of genres that include space flight, puzzle-solving and corridor shooting. The story takes place in space above the planet of Kether. An evil force by the name of Khork has kidnapped a princess by the name of Eta Carene and a young warrior by the name of Melkhor along with his space cruiser the Anterte must travel to five different temples orbiting in space above the planet, explore them and face off against the ultimate evil and save the princess. When the player chooses which temple they want to explore, the game perspective takes on a space flight where the player must dodge against asteroids and collect green orbs scattered throughout to gain an extra energy boost in order to complete the stage. To enter the temple the player must solve a mysterious puzzle in a certain time limit, if the player is successful they can then enter the temple. Once inside the view goes to a first-person corridor shooter where the player, using an auto-map feature, will be presented with a choice of where to proceed. The goal is to reach the end of the temple and avoid enemies, if the player encounters an enemy however they can shoot at them to destroy them and proceed.
Kingdom - The Far Reaches (USA)	Venture into a fully-animated game world of wizards and specters, of bright steel and dark magic, of heroic deeds and base treacheries. You are Lathan, striving to restore an amulet of great power - now scattered throughout three kingdoms - and defeat the evil Torlock, whose reign of terror has vanquished your homeland. Collect items of power and magic, learn clues to determine friend from foe and strive to return Princess Grace Delight to the throne, as every move you make opens new vistas of awesome animation and the chance to conquer The Far Reaches!
Labyrinth of Crete (Europe)	Labyrinth of Crete is a graphical puzzle game based on Greek mythology. Uniquely for the time of the game's release, you control two separate characters. Jason and Hercules are on their quest to recover the Golden Fleece from the heart of the terrible Labyrinth, converging three unrelated myths into one. The maze is split into three sections, each of which is vaguely mapped out on the back cover. Your success is by no means certain - tricks, traps and monsters abound. The game features hi-res graphics for some locations but is otherwise a text adventure.
Labyrinth von Kreta (Germany)	Labyrinth of Crete is a graphical puzzle game based on Greek mythology. Uniquely for the time of the game's release, you control two separate characters. Jason and Hercules are on their quest to recover the Golden Fleece from the heart of the terrible Labyrinth, converging three unrelated myths into one. The maze is split into three sections, each of which is vaguely mapped out on the back cover. Your success is by no means certain - tricks, traps and monsters abound. The game features hi-res graphics for some locations but is otherwise a text adventure.
Laser Lords (USA)	Laser Lords is a comedic adventure game that takes place in space. In the game the player takes on the role of a human hitchhiker who is abducted from a desert road by a space ship. The plot will unfold to have the player save the universe. An evil and ancient being called Sarpedon is trying to obtain a certain crystal that will allow him to possess the entire universe. Needless to say the player has to prevent this from happening. The game requires you to explore seven planets, each of which has settings that resemble our own mythology and history such as the planet Argos that looks much like ancient Greece. Each world is full of references to historic events and stories. The game combines adventure game elements with platform game elements. The player has 9 lives. When you run out the game is over, but you can save and load the game to prevent from having to start the game over completely. You can collect and trade items to solve puzzles. When talking to NPCs highlighted words in their dialogue can be remembered. This places them in your &quot;word bank&quot; and allows you to ask other NPCs about those subjects. All the NPCs are fully voiced. Actors often impersonated famous voices like those of Arnold Schwarzenegger, John Wayne and Gregory Peck. In spite of its &quot;Ages 12 and up&quot; rating, the game is filled with dark humor, sex, drugs, homosexuality and gambling references. It is even possible to play Russian Roulette in the game.
Last Bounty Hunter, The (Europe)	So you're the new bounty hunter the whole town's been buzzin' about. You're going to take on these four vicious outlaws and their gangs, huh? Well, stranger, you got that look in your eyes that says you ain't afraid of nothing. That's good, because there's plenty to be afraid of with these four villains.
Lemmings (USA)	A unique mind-boggling game of multiple skill levels. Take command of the wackiest collection of misdirected rodents ever seen on your screen. Featuring fantastically animated graphics and simple yet addictive gameplay.
Lingo (Netherlands)	Lingo is a digital version of the TV game show of the same name. Like in the game show it is the objective to guess five letter words. You are only given the first letter. You get several tries and with each try the letters are marked which are correctly placed and those who appear in the word but at a different location. Within words you get to blindly draw a ball from a pool. There are 17 numbered balls that correspond with a numbers on a bingo card. There's a ball with a question mark that let the players pick a number at will. When the players complete a row or column they receive bonus points. There's also three red balls that passes the turn to the other player and three green balls. A green ball allows you to pick another ball and also when you get three green balls before the game is over you win a jackpot. The game starts with two players, but after some rounds the player with most points goes to the finale. The game is in Dutch so only features Dutch words. It contains a library of 15,000 words. There's also options for six and seven letter games. It is officially licensed by the Dutch iteration of the game show and thus includes the Dutch TV presenter FranÃ§ois BoulangÃ©.
Link - De Gezichten van het Kwaad (Netherlands)	Link: The Faces of Evil is a video game developed by Animation Magic and released for the Philips CD-i in 1993. It was developed in tandem with, and released on the same day as The Wand of Gamelon, and followed up a year later by Zelda's Adventure, which was developed separately by Viridis Corporation. A product of a compromise between Nintendo and Philips due to their failure to release a CD-ROM based add-on to the Super Nintendo Entertainment System, The Faces of Evil, alongside the other two, are the only licensed The Legend of Zelda games developed for and released on a non-Nintendo system. The games have been subject to much criticism, and Nintendo does not recognize them as canon to The Legend of Zelda series.
Link - Die Fratzen des Boesen (Germany)	Link: The Faces of Evil is a video game developed by Animation Magic and released for the Philips CD-i in 1993. It was developed in tandem with, and released on the same day as The Wand of Gamelon, and followed up a year later by Zelda's Adventure, which was developed separately by Viridis Corporation. A product of a compromise between Nintendo and Philips due to their failure to release a CD-ROM based add-on to the Super Nintendo Entertainment System, The Faces of Evil, alongside the other two, are the only licensed The Legend of Zelda games developed for and released on a non-Nintendo system. The games have been subject to much criticism, and Nintendo does not recognize them as canon to The Legend of Zelda series.
Link - The Faces of Evil (USA)	Link: The Faces of Evil is a video game developed by Animation Magic and released for the Philips CD-i in 1993. It was developed in tandem with, and released on the same day as The Wand of Gamelon, and followed up a year later by Zelda's Adventure, which was developed separately by Viridis Corporation. A product of a compromise between Nintendo and Philips due to their failure to release a CD-ROM based add-on to the Super Nintendo Entertainment System, The Faces of Evil, alongside the other two, are the only licensed The Legend of Zelda games developed for and released on a non-Nintendo system. The games have been subject to much criticism, and Nintendo does not recognize them as canon to The Legend of Zelda series.
Litil Divil (USA)	Litil Divil is a video game released by Gremlin Interactive in 1993. The player takes control of a little red devil called Mutt who is trying to escape from a dungeon. The dungeon consists of a maze maneveured through from an over-the-shoulder perspective and rooms where Mutt is facing various riddles. The character was created by a student from Cann Hall Primary School as part of a nationwide competition. The schoolboy, William Cummings, received the first copy of the finished product as a reward for winning the competition.
Lords of the Rising Sun (USA)	Japan, 12th century. After your father has been murdered, you set out on a quest to become Shogun to restore the honor of your family. You'll have to defeat all your enemies - including your brother. Most of the time, you'll move your troops through the big map of Japan - as soon as something happens, you'll have to fight your enemies in action sequences, such as a Gauntlet-like fortress attack or defending against a Ninja assassin. If two troops collide, a battle might ensue in which you'll have to use all your strategical wits to guide your men to victory. In the CD-i version the informative sequences include life actor FMVs and voice acting as well as new background art.
Lost Eden (Europe) (En,Fr,De,Es,It)	Your civilisation is menaced. Armies of Tyranns, led by Moorkus Rex, are gathering around your kingdom. Soon they will swarm in, destroy everything and kill your people.
Lost Ride, The (Europe)	The Lost Ride is a rail shooter game where you are literally on rails. The player is put inside a futuristic roller coaster and has to shoot anything that might get in his way. The game comes with three different themes for its levels: Mine World, Aqua World and Future World. Each world has different seamless prerendered 3D backgrounds that feature as backdrops for the shooting action. At the end of each stage a Boss creature has to be killed, which will unlock a bonus ride. These random generated tracks are maze-like and require you to choose a direction at various points. They are presented in surround sound so they really feel like being inside a roller coaster.
Loving for a Lifetime (Europe) (Disc 1)	Loving For A Lifetime offers a unique opportunity to enjoy our love lives and sexual relations to the full. Renowned sexologists Goedele Liekens and Jelto Drenth answer practical questions and give expert advice on a variety of topics such as oral sex, sensual massage, safe sex & delaying the orgasm etc. Special attention is given to both men and women. The visuals are unique: a couple demonstrating every aspect of love making, in an explicit but yet sensitive manner.
Lucky Luke - The Video Game (Europe)	Hello Greenhorn! Together with Lucky Luke, you can have lots of fun chasing the Daltons brothers.
Mad Dog 2 - Le Tresor Perdu (France)	A live-action adventure that challenges your shooting skills by confronting bandits, renegades, and Mad Dog's men. Select one of three different guides and experience a variety of trails in a quest to beat Mad Dog to the lost gold and return with it to the old mission where the longest interactive battle ever filmed awaits the more-skilled game player!
Mad Dog II - El Oro Perdido (Spain)	A live-action adventure that challenges your shooting skills by confronting bandits, renegades, and Mad Dog's men. Select one of three different guides and experience a variety of trails in a quest to beat Mad Dog to the lost gold and return with it to the old mission where the longest interactive battle ever filmed awaits the more-skilled game player!
Mad Dog II - The Lost Gold (Europe)	A live-action adventure that challenges your shooting skills by confronting bandits, renegades, and Mad Dog's men. Select one of three different guides and experience a variety of trails in a quest to beat Mad Dog to the lost gold and return with it to the old mission where the longest interactive battle ever filmed awaits the more-skilled game player!
Mad Dog McCree (USA, Europe)	There's trouble in old Tuscon. Mad Dog McCree and his gang have kidnapped the town's Mayor and his daughter. To save the town, you will be challenged by a saloon full of outlaws, a hair-raising bank robbery, gunfighters, a slew of old West ambushes, and Mad Dog himself. Blaze your way into town and blast the desperadoes in a classic live-action shooting game!
Making the Grade (UK)	Welcome to Making the Grade. Throw away your shoot'em up discs and open up your intellect. This game is fast moving, challenging and fun and includes lots of high quality, full screen, full motion vídeo. You are the General Manager responsible for planning, constructing and running a chemical plant over a 10 year period and have a team of larger-than-life characters working with you. Hours of fun and management training, there's never been a game like it!
Marco Polo (Europe) (Disc 1) (The Game)	Marco Polo is a business simulation game. You act as Marco Polo, the young Venetian merchant, and travel in Asia. Your goal is to become rich in making business in native markets. You can also accomplish missions. These missions are illustrated by numerous pictures from Italian TV series. As a bonus, a historical database about Marco Polo and ancient China is included.
Master Labyrinth (Europe) (En,Fr,De,Nl)	Master Labyrinth is a digital version of the 1991 board game of the same name by Ravensburger. The digital version plays just like the board game. Players alternate turns in which they can shift rows or columns of the game board, which represents the layout of the maze. Scattered around the maze are various magical components that have to be collected by the players. Cards determine which components need to be collected. The player who collects most components wins the game.
Max Magic (USA)	In your hands lies the first interactive magic set, hosted by the one and only Max Magic, expert extraordinaire of virtuality and the robot alter-ego of renowned mentalist Max Maven. Be prepared to laugh, for Max is always witty and wise. Max will call you by first name as you partner with him to perform astonishing tricks that will baffle your friends and family. You can customise the tricks you enact together, or watch him perform mind-boggling illusions just for you.
Mega Maze (USA)	Mega Maze is a video game approach to the real-life games where you would turn a platform of a maze with a metal ball to miss the holes and reach the middle with a few twists. You control a steel ball, being chased by enemies balls who can destroy you by blowing up when they touch you. You also have to avoid explosive traps, trap doors and electric sensors. You can even make dummy balls to attract the enemy balls or use them to set on a switch to keep weight on it, giving you time to get through a trap without being caught. It features 75 levels, each with either with one maze clear up to three mazes.
Merlin's Apprentice (USA)	Merlin's Apprentice is a puzzle game in which you have to become an apprentice to Merlin the Wizard -- but first you have to find him by solving many puzzles and trying to outsmart three clever demons. The game has cartoon-style graphics and funny sound & voices.
Micro Machines (Europe)	If you're bored of racing Formula 1 cars, rally cars or MotoGP bikes in their natural habitats, the Micro Machines series could be for you. It involves racing miniatures representing particular vehicle types across a particular terrain found around the house. The Sports Cars race on the desktop, 4x4s in the sandpit, Formula 1 cars on a snooker table, and so on. These levels were packed with variation. The Snooker tables has the track painted on, although this is open to deviation (as are most levels), and had you racing through the pockets and across the rim of the table. Tanks raced as well, with the chance of shooting out your opponent if they got directly in front of you. The desktop levels include binders to jump across, pencil-sharpeners to avoid, and lots of visual jokes in the open homework.
Monty Python's Invasion from the Planet Skyron (Europe)	Monty Python's Invasion from the Planet Skyron is an &quot;interactive variety show&quot; for the CD-i. You guide a group called the Lost Boys through nine levels in which you have to find out for yourself what to do. Each level consists of a screen in typical Monty Python art style. Clicking on elements may or may not instigate an event which could be either positive or negative. Behind the Lost Boys walks a sheep that keeps the score which goes up or down whenever you do something. Levels are broken up by sketches from the show. With enough points it is also possible to buy new sketches. There are several mini games to be found in the game such as memory, &quot;guess who said it&quot; and &quot;guess the sketch&quot; in which additional points can be scored.
Monty Python's More Naughty Bits (USA)	A CD-i collection of classic Monty Python sketches, with video playback of those memorable moments out of the films, series, and TV specials, as well as extra silly bits inside the Gilliamesque menu.
Mutant Rampage - Bodyslam (USA)	Civilization is in decay. Teams of bionic warriors rule the ravaged capitals of the world. But now a human challenge has been issued - YOU! Only you have the speed and skill to beat the mutants and triumph in MUTANT RAMPAGE! Face ten mutant teams in ten ravaged cities around the world. Expect to be taunted and teased by in-your-face foes in full-screen digital video animation.
Myst (Europe)	Journey to an island world eerily tinged with mystery--where every rock, every scrap of paper, every fleeting sound holds a clue to an ancient mystery. Enter, if you dare, a starkly beautiful landscape shrouded in intrigue and injustice. Only your wits and imagination hold the power to unlock the shocking betrayal of ages past. During your virtual exploration, Myst challenges your wits, instincts, and powers of observation.
Mystic Midway - Phantom Express (USA)	Mystic Midway: Phantom Express is a gallery shooter and spin off from the game Mystic Midway: Rest in Pieces. In the game each level represents a period of your life, which is presented as a rollercoaster ride where you are assaulted by various objects from that period (baby toys, braces, etc.). The goal is to shoot as many of them as possible to get a high enough score to advance to the next level. During the rides there's also parts of conversations you can hear where people argue about you or blame you for problems. In between levels you are greeted by an unfriendly host that only tries to insult you.
Mystic Midway - Rest in Pieces (USA, Europe)	Mystic Midway: Rest In Pieces is basically a shooting gallery with a B-movies/TV horror theme - complete with a demonic host called Dr. Dearth, zombies, and other spooky things that glow in the dark. Like a typical shooting gallery game, your goal is to move a gun across the screen, shooting skulls, bugs, ghosts, and other creeps that pop up at random intervals. You'll have a limited amount of time and ammunition to do this. Every time you hit a target, you score points. Shooting a target usually results in an animation and sound effect. In some stages, gravestones move across the bottom of the screen to block your shots. Each stage requires a certain number of points to complete and stages will get harder as you advance through the game.
Name That Tune (USA)	Name That Tune is a musical pop quiz hosted by Bob Goen. It is an adaptation of the US TV show of the same name. In this game the player is quizzed on 160 different categories and will hear 600 different songs from the '50s to the '90s. The show features four different rounds with different gameplay.
NFL Football Trivia Challenge '94-'95 Edition (USA)	NFL Football Trivia Challenge '94-'95 Edition is a trivia game with an National Football League license. It is an updated version of NFL Football Trivia Challenge with new questions and footage. Gameplay is fairly identical to the previous game. Either player can pick his favourite team to play with. TV commentators Pat Summerall and Tom Bookshier describe various situations in play accompanied by 1,200 images and 300 Full Motion Video clips. 1,500 multiple choice questions are waiting to be answered in the game. For each correct answer the player gains yardage in the game and increases his chances of scoring a point. The player with most points after 60 questions wins the game. There are three different difficulty levels to play at.
NFL Football Trivia Challenge (USA)	Pit yourself against the toughest football minds in the country in the trivia game that puts you on the gridiron! Start in the locker room, where you pick your favorite NFL team and one of three skill levels: rookie, veteran, or pro. Then head up the ramp and onto the field for kickoff. Famed television commentators Pat Summerall and Tom Brookshier describe the play by play as you face over 1,500 questions, illustrated by over 1,200 action-packed NFL images and 300 exciting film clips. Gain yardage by answering quickly and correctly to move the ball downfield. Score a touchdown or field goal, or punt if you must on fourth down. As the crowd roars and time is running out, the chance to rise to the occasion and act like a true NFL champion is in your hands.
NFL Hall of Fame Football (USA)	NFL – Hall of Fame Football lets you live out the ultimate football fantasy. Recruit your dream team form the 145 football legends of the Pro Football Hall of Fame and compete against 40 of the most formidable NFL teams ever to take the field.
Noah's Ark (USA)	The Ultimate Noah's Ark is a digital version of the picture-book of the same name by artist Mike Wilks. Like the book the player is presented with a large drawing of Noah's Ark. On the Ark are 354 different animal species to be found. All but one of them have a mate. It's up to the user to find which animal is missing his mate. The original drawing can be broken up into 256 different screen-wide detail close-ups. In addition to the drawing this software title comes with additional information for all the animals including videos of them in their natural habitats.
Open de Palm Springs, L' (France)	ABC Sports Presents: The Palm Springs Open is a golfing game. The game makes use of real actors and photographic backgrounds. For each round you can select which club you want to use, and decide how you want to slice or hook the ball. The game features only one the Palm Springs course, which has 18 holes. Throughout the game your progress is verbally discussed on by two commentators.
Origami (Europe) (En,Fr,De,Nl)	Origami, The Japanese art of paper-folding, transforms the sheets of paper into three-dimensional works of art. In Origami, the fier points of the technique are demonstrated more clearly than any instruction book has ever been able to do. You're soon folding original greeting cards, little houses, animals and much, much more.
Othello (Europe)	Haven't you always had a secret desire to challenge some of the greatest minds of all time? With this CD-i you can. Take on the likes of Albert Einstein or Leonardo da Vinci as they vie for the chance to play you at Othello!
Ours Berenstain, Les - Comme des Grands (France)	The Berenstain Bears: On Their Own is an interactive story book for children based on the popular children's book series. A yearly fair has come to Bear country, but nobody has the time to accompany brother and sister bear to go to it. Mother bear agrees that they can go on their own if they prove they can be responsible. The game includes 29 educational games for children. With each successful completion the player can win stars. Games include cleaning their virtual room, catching the bus to school, matching the alphabet, reading the clock and others. Initially all the games are around the house, but once the player has shown his responsibility, more games at the fair are unlocked.
Pac Panic (Europe) (Beta) (1995-10-17)	Much more than the return of the ghost-chompin' legend, PAC-PANIC is a think-fast challenge and a puzzle game, too. As the blocks, you gotta think quick and move quicker, to line 'em up and make 'em vanish.
Pac-Panic (Europe)	Much more than the return of the ghost-chompin' legend, PAC-PANIC is a think-fast challenge and a puzzle game, too. As the blocks, you gotta think quick and move quicker, to line 'em up and make 'em vanish.
Palm Springs Open, The (World)	ABC Sports Presents: The Palm Springs Open is a golfing game. The game makes use of real actors and photographic backgrounds. For each round you can select which club you want to use, and decide how you want to slice or hook the ball. The game features only one the Palm Springs course, which has 18 holes. Throughout the game your progress is verbally discussed on by two commentators.
Pinball (World)	Pinball is an aptly named pinball game for the CD-i. The game features four different tables: Cyber, Meltdown, Spring Break and Dogfight. Cyber features a magnetic strip in the centre of the table which can hold your ball in its field at certain times. When it is you can try to deactivate it at the right time to guide your ball to the target you want to hit. Meltdown features various chutes in a reactor that can be opened for more points. Spring Break has a beach theme where you need to spell the words Spring Break. Dogfight has a World War I airplane theme. At the table you are required to refuel your flippers from time to time or else they go dead.
Power Hitter (USA)	ABC Sports Presents: Power Hitter is a baseball game for the CD-i. The game only lets you bat, the rest of the game is taken care of by the AI. Before batting you are shown screens in which you have to select batter strategies and guess the type of pitch. After you are presented with a first-person view from the batter and you have to time your swing right. When you hit the rest of the action is shown through video clips from an actual match. The game has no team licenses so all the teams are fictional. The game features commentary audio. The player doesn't play for a specific team, so either a single player bats for both teams or two players can alternate between the teams. The AI cannot take on the role of the batter.
Pyramid Adventures - Episode 1 - Treasures of the Lost Pyramid (USA)	Pyramid Adventures: Episode 1 - Treasures of the Lost Pyramid is the first and only part in the Pyramid Adventures series. It was never met with a planned sequel. The game is an adaptation of a book by Jack Sughrue. The story is about the world famous archaeologist Dr. Olivia Pitt and her nephew Dash Daniels who discover an ancient pyramid in Egypt. They get trapped inside it and Dr. Pitt gets kidnapped by the the evil pharaoh Antu. It's up to Dash and his cat to help her and escape the pyramid. The game plays as a typical side-scrolling platform game with an educational twist. The game's main theme is nutrition and the game was sponsored by the USA National Cancer Institute. In the game the player controls Dash and has to defeat Antu's evil minions and restore order inside the pyramid. Dash is spiritually aided by the gods Tofu and Yam. With his slingshot he can defeat enemies. Dash can also pick up items and store them in your backpack. Collectable items include bonus lives and gold. Gold can be used to buy important items need for survival such as a bedroll. Dash can examine everything in the pyramid and each examination provides further clues for finding out about the pyramids secrets. Dash has to eat and sleep regularly to stay alive. So he has to look for healthy food. He also has to feed several of the creatures inside the pyramid (as part of restoring the balance), such as a sphinx and Sebek the Devourer. In doing so the player learns about the USDA food group pyramid. The pyramid also features an arcade where the player can play mini-games. With each mini-game gold can be earned.
Renaissance Gallery, The (USA)	This disc takes you on a breathtaking tour of treasures of the Renaissance, from the early Giotto frescos to the triumph of Michelangelo's Sistene Chapel.
Richard Scarry - La Citta piu Indaffarata del Mondo! (Italy)	Richard Scarry's Best Neighborhood Disc Ever! is an edutainment title for children based on a book by Richard Scarry. In the game players explore Busytown, a fictional place where there's always a lot going on. The whole town comes to life in cartoon animations. Players choose places and characters to visit. At these places players can practice and learn important pre-reading skills and listen to stories. Taught skills include memory, color recognition, vocabulary, pattern recognition and counting.
Richard Scarry's Allerbeste Buurt Disc! (Netherlands)	Richard Scarry's Best Neighborhood Disc Ever! is an edutainment title for children based on a book by Richard Scarry. In the game players explore Busytown, a fictional place where there's always a lot going on. The whole town comes to life in cartoon animations. Players choose places and characters to visit. At these places players can practice and learn important pre-reading skills and listen to stories. Taught skills include memory, color recognition, vocabulary, pattern recognition and counting.
Richard Scarry's Allerwitzigste Geschichten aus Schaffenau (Germany)	Richard Scarry's Best Neighborhood Disc Ever! is an edutainment title for children based on a book by Richard Scarry. In the game players explore Busytown, a fictional place where there's always a lot going on. The whole town comes to life in cartoon animations. Players choose places and characters to visit. At these places players can practice and learn important pre-reading skills and listen to stories. Taught skills include memory, color recognition, vocabulary, pattern recognition and counting.
Richard Scarry's Best Neighborhood Disc Ever! (USA)	Richard Scarry's Best Neighborhood Disc Ever! is an edutainment title for children based on a book by Richard Scarry. In the game players explore Busytown, a fictional place where there's always a lot going on. The whole town comes to life in cartoon animations. Players choose places and characters to visit. At these places players can practice and learn important pre-reading skills and listen to stories. Taught skills include memory, color recognition, vocabulary, pattern recognition and counting.
Richard Scarry's Best Neighbourhood Disc Ever - Richard Scarry no Saikou ni Tanoshii Nakamatachi (Japan)	Richard Scarry's Best Neighborhood Disc Ever! is an edutainment title for children based on a book by Richard Scarry. In the game players explore Busytown, a fictional place where there's always a lot going on. The whole town comes to life in cartoon animations. Players choose places and characters to visit. At these places players can practice and learn important pre-reading skills and listen to stories. Taught skills include memory, color recognition, vocabulary, pattern recognition and counting.
Richard Scarry's Busiest Neighborhood Disc Ever! (World)	Richard Scarry's Best Neighborhood Disc Ever! is an edutainment title for children based on a book by Richard Scarry. In the game players explore Busytown, a fictional place where there's always a lot going on. The whole town comes to life in cartoon animations. Players choose places and characters to visit. At these places players can practice and learn important pre-reading skills and listen to stories. Taught skills include memory, color recognition, vocabulary, pattern recognition and counting.
Richard Scarry's Busiest Neighbourhood Disc Ever - Richard Scarry no Isogashii Nakamatachi (Japan)	Richard Scarry's Best Neighborhood Disc Ever! is an edutainment title for children based on a book by Richard Scarry. In the game players explore Busytown, a fictional place where there's always a lot going on. The whole town comes to life in cartoon animations. Players choose places and characters to visit. At these places players can practice and learn important pre-reading skills and listen to stories. Taught skills include memory, color recognition, vocabulary, pattern recognition and counting.
Richard Scarry's wunderbarste Geschichten aus Schaffenau (Germany)	Richard Scarry's Best Neighborhood Disc Ever! is an edutainment title for children based on a book by Richard Scarry. In the game players explore Busytown, a fictional place where there's always a lot going on. The whole town comes to life in cartoon animations. Players choose places and characters to visit. At these places players can practice and learn important pre-reading skills and listen to stories. Taught skills include memory, color recognition, vocabulary, pattern recognition and counting.
Rise of the Robots (Europe)	Rise of the Robots is a 2.5D fighting game. You play as the cyborg Eco35-2, half-man half-robot, created by the Electrocorp company, in order to counter the mutiny that is brewing in their Metropolis 4 factory, following the reprogramming of certain robots by injecting them with the EGO virus, making them aware of their situation and therefore aggressive. You will have to fight them one by one in duel battles to stop this rebellion. The title was intended to be graphically revolutionary. But although the fighting robots are quite nice (with 3D sprites transcribed in a 2D universe), the scenery is only in dull static 2D. Also, the in-game animation is slow, even quite &quot;heavy&quot;, directly impacting the handling. The slowness of your robot and the varying power of the enemies (to the point that some robots are ultra powerful and atomize you in two shots) quickly make the fights unbalanced.
Sargon Chess (USA)	Sargon Chess is a chess engine inspired by the Mesopotamian king Sargon that allows you to play a game of chess. The game features 16 different difficulty levels. A special Novice level gives you starter tips and allows you to take back moves and changes sides. It is also possible to construct Chess challenges and let &quot;Sargon&quot; solve them. The game can be played with 3 distinct chess sets which are displayed in a quasi-3D perspective.
Scotland Yard Interactif (France)	Scotland Yard Interactive is a digital version of the board game Scotland Yard by Ravensburger. Mr. X is London's most wanted criminal and it's up to the players to catch him. In the game each turn players try to chase down Mr. X. Players have tokens for use of taxis, buses and the tube. But when the tokens run out the funding for the hunt is up and Mr. X. goes free. Mr. X. receives all used tokens and thus it becomes easier for him to travel throughout the game. But as a clue to the other players he must show which token he uses each turn. Mr. X. has a limited number of black tokens which could stand for any means of transportation. At five specific times during the game, Mr. X. has to reveal his current position. The detectives win when they land on the same square as Mr. X. Mr. X. wins when all tokens are spend up. This digital conversion features photographs and digital animations of London. The game can be played with up to six players and both Mr. X. and the detectives can be A.I. controlled.
Scotland Yard Interactive (Europe)	Scotland Yard Interactive is a digital version of the board game Scotland Yard by Ravensburger. Mr. X is London's most wanted criminal and it's up to the players to catch him. In the game each turn players try to chase down Mr. X. Players have tokens for use of taxis, buses and the tube. But when the tokens run out the funding for the hunt is up and Mr. X. goes free. Mr. X. receives all used tokens and thus it becomes easier for him to travel throughout the game. But as a clue to the other players he must show which token he uses each turn. Mr. X. has a limited number of black tokens which could stand for any means of transportation. At five specific times during the game, Mr. X. has to reveal his current position. The detectives win when they land on the same square as Mr. X. Mr. X. wins when all tokens are spend up. This digital conversion features photographs and digital animations of London. The game can be played with up to six players and both Mr. X. and the detectives can be A.I. controlled.
Secret Mission (Europe)	It's the 1950's. The place is the Indo-Chinese country of Opalia. Opalia has become the target of the USSR and the United States and its geographic position has made it a real hot spot in the Cold War battle of the superpowers. Networks of underground informants and foreign spies have totally destabilized this once peaceful country and local rebels, led by the devious Prime Minister, Vishaka, are trying to topple the king. The safety of Opalia is in your hands alone... you can't let them down!
Shadoan (Europe)	Many years ago, the wise Mobus broke a powerful amulet called &quot;The Hand&quot; in 5 pieces in order to protect it from getting into the hands of his evil brother Torlock. These pieces were sent to the far corners
Shaolin's Road (Europe) (En,Fr)	Enter the legend of the martial arts. The Warlords have stolen the sacred sabre. You have sworn to take back your property. Your long quest will be strewn with traps, spells and battles. You must acquire strengh, knowledge and widsom. The ancestral secrets of Kung-Fu will be revealed to you. But never forget that in the face of man's cruelty your true weapon is called “courage”. So your trials will become games. And the gods will guide your steps on the long road… Shaolin's Road.
Solar Crusade (Europe)	Alert! “All members of the Orbital Defence Force to battle stations! Calling all available pilots – return immediately to the Crusader for briefing!” Solar Crusade is a realistic shoot'em up which will take you through stunning settings from the far-flung corners of the galaxy to the very heart of the earth itself. Board your craft for a perilous and fantastic journey through a worlds which is modelled entirely in 3D using SiliconGraphics workstation.
Solar System (Europe)	Fly to the planets, fly to the sun, asteroids and comets. Patrick Moore the world famous astronomer and television personality is your in flight guide to the planets. Tom Baker, time traveller extraordinaire will take you back in time to explore the beginning of the solar system and to discover how the planets got their names. You'll test your interplanetary flying skills to the limit when you pit your wits against the force of gravity in the fascinating games of planetball and gravity golf. The Solar System brings you: – Hundreds of fabulous NASA space pictures. – Over 2 hours of expert information. – Thousands of facts and figures. – Planetary flyovers and other movies never seen before.
Space Ace (USA)	You're playing Dexter, a guy fighting the evil madman Borf who has kidnapped your girlfriend Kimberly and is now threatening the world with his dreaded weapon, the &quot;Infanto Ray&quot; which turns adults into small children. The game plays like a comic strip - visuals are similar to many cartoon movies. In each scene, you only have to decide which direction of the keyboard has to be hit in order to avoid one of the countless death screens and to advance to the next screen...
Sport Freaks (Netherlands)	Sport Freaks is a sports quiz game based on a Dutch television game show of the same name. The game includes all the questions that were written for the show but were never used. All the questions relate to a selection of 45 sports in 50 countries since the year 1900. The number of questions in the game (1250) equals 60 game show episodes. Using a sort of slot machine each turn a sport, year and country is chosen which you receive a question about. The emphasis lies on Dutch sports history.
Steel Machine (Europe)	Your mission is to destroy 6 enormous battle cruisers to save the planet. You have 15 days to destroy the ships before they reach your planet. If they do, the consequences will be disastrous. Your prototype ship has been developed and its name is &quot;Steel Machine&quot;. You will have to find a way to destroy the main reactors of each battle cruiser, by destroying the main reactor the ship will destabilise causing the cruiser to blow up. The cruisers have lots of enemy defences to be destroyed. The game is a horizontal shoot'em-up based on the old Commodore 64 game Uridium by Andrew Braybrook. It is one of the first CDi game titles which fully uses the hardware. Controlling the Steel Machine is quite simple.
Striker Pro (USA)	Striker Pro is a soccer game for the CD-i. The game has a top-down view with the goals at the top and bottom of the playing field. In the game you can choose from 64 national teams to play with. There are various game modes such as friendly, world league and world cup. Optionally the game can be played in a 6 vs 6 mode. The game can be played against the AI or another player.
Strip Poker Live (Europe) (En,It)	Strip Poker Live is a strip poker game. There are six women to play against: a Swedish blonde, a Mediterranean brunette, a Maui, a Parisian and an athletic girl. Like most strip poker games you play poker against the AI and as you are winning the opponent will gradually lose pieces of clothing.
Strip-Poker Pro (France) (En,Fr)	Ready for a hot night? In front of your TV, Michael, Max, Lucie, Jane and Nadia will try to win playing poker with you, but not any poker… Stip poker! You understood that you need to get your tactic and strategy ready if you don't want to finish in shorts! In the other side, if you win, the reward will be great if you win against Jane, Lucie or Nadia, each one more sexy than the other, or Max and Michael beautiful muscular playboys.
Super Mario's Wacky Worlds (USA) (Proto) (1993-03-03)	As an unreleased, incomplete pastiche of Super Mario World, Mario can only walk and jump. Enemies are not programmed correctly, as they disappear when Mario ends up above them, suggesting incomplete stomping implementation. Enemies cannot harm Mario, and are stopped if touched, even if it means floating in the air. Mario can't die when he falls into a pit but floats on it.
Surf City (USA)	Surf City is an interactive musical with songs from the Beach Boys. In the game the player is presented with an overview map of the beach town aptly named Surf City. The player can click on various streets, which triggers a scene where the street scrolls by and the player can click on the various buildings he wants to visit. Inside the building the player can talk to people and interact with items. The scenes are accompanied with Beach Boys music from the 60s and help tell the story of the main characters of the game. There's various games and activities to be played as well such as: Build a hot rod Go bowling at the Beach Bowl Design a surfboard Play the video jukebox Race cars at the arcade speedway Take a pizza order Learn surf lingo from Tiki Visit the love teller Take a pop quiz at the high school Watch fireworks on the pier Order a burger-to-go Play spin-the-bottle at Wendy's house
Taiyou o Karitoru Hito - Harvest of the Sun - Vincent van Gogh (Japan)	&quot;Harvest of the Sun&quot; invites you on an extraordinary journey into the world of Vincent Van Gogh. You will discover every detail of his life and art in vibrant color and set to period music. On this CD, you are a critic like Theo Van Gogh, who was the painter's &quot;agent,&quot; or a &quot;connoisseur&quot; like Doctor Gachet, who treated him. You decide the program yourself. Enter the painter's studio and pick up a painting, and you're off to Paris and the bustling streets of Montmartre, or to the sun-drenched plains of Provence. You will be able to visit the six main periods of Van Gogh's dramatic life at your own pace and whenever you please. Even more: you will be able to see the very places where the artist lived and worked, discover where he set up his easel, and understand how he observed a scene and reproduced it. In the music gallery, you will admire the work of Van Gogh with the accents of the music of Debussy, Frank, Chabrier and Bizet in a symphony of colors and digital sounds.
Tangram (Europe) (En,Ja,Fr,De,Es,It,Nl,Pt)	CD-I makes Tangram more challenging, more exciting. There are more symbols, more silhouettes, so you can develop greater skills. Just use the cursor to rotate and move the pieces. Choose free expression or tackle set tasks. And choose your own level of play: beginner, intermediate, advanced, expert - up to the highest level of all. Free Form Tangram on CD-I means moving forms, mood music, and much more fun!
Tetris (USA, Europe)	Your pulse quickens. Beams, boxes, zig-zags and &quot;L&quot; shaped building blocks drop relentlessly down a narrow passage. You quickly spin, shift, and align the shapes then slide them in for a perfect fit. It's challenging and the pace is demanding. But satisfaction comes as you position each block neatly into place.
Tetsuo Gaiden (Europe)	Tetsuo Gaiden, a fantasy flight through the realms of alien darkness. Featuring the best CD-i has got to offer; amazing 3D full motion video, riveting gameplay and a smack in your face soundtrack... Prepare for more than 80 blazing levels filled with the best and fastest gameplay ever created on CD-i. Brought to you by the award-winning team from Christmas Country, Tetsuo Gaiden is jampacked with nice features like bonus items, multiple laser fire, smartbombs, energy shields and super bonusses. Get ready for the best game of spring '97.
Text Tiles (USA, Europe)	Text Tiles is a strategic puzzle game in which players have to spell words. Using a set of given letters the players have to form words, much like Scrabble. This is done on a 12x12 board. The letters can be used to either form a long word or multiple short words. Points are scored for each correct word. Letters are received one at a time and disappear again after a certain amount of time creating a time pressure for forming words. The player can see what his next letter is going to be so he can plan ahead. The game can be played with up to four players.
Thunder in Paradise (USA) (Disc 1) (The Game)	Here's your shot at Paradise, bro. You're in the middle of an action-packed adventure with your cohorts Spence (Terry &quot;Hulk&quot; Hogan) and Bru (Chris Lemmon). Blast your way through these mind-blowing action encounters as you attempt to rescue Spence's daughter Jessica, regain control of the M.A.J.O.R., and crush your arch enemy, RAMPIKE! Race at hyperspeed through the Caribbean, aboard THUNDER, a 45-foot piece of hi-tech marine hardware. Take control of the boat's weapon systems and defend THUNDER from a shower of deadly threats. Face down minions of the psychotic RAMPIKE on the eerie trails of Rossiter's Island. Go toe-to-toe with the M.A.J.O.R., a bio-humanoid gone haywire, in a battle for Jessica's life!
Tom - Der Maximagier (Germany) (En,Fr,De)	An entertaining way to enrich your child's English Vocabulary, and helping children make their first steps in French and Spanish. The disc holds more than 700 pictures with subtitles, music and sound effects. It is so easy to use that even tiny tots can play. Family games and teaching activities allow parents to join in an encourage their children in learning new language skills.
Tom - Il Dizionario Magico (Italy) (En,Fr,It)	An entertaining way to enrich your child's English Vocabulary, and helping children make their first steps in French and Spanish. The disc holds more than 700 pictures with subtitles, music and sound effects. It is so easy to use that even tiny tots can play. Family games and teaching activities allow parents to join in an encourage their children in learning new language skills.
Tom - Magic Picture Show (Europe) (En,Fr,Es)	An entertaining way to enrich your child's English Vocabulary, and helping children make their first steps in French and Spanish. The disc holds more than 700 pictures with subtitles, music and sound effects. It is so easy to use that even tiny tots can play. Family games and teaching activities allow parents to join in an encourage their children in learning new language skills.
Ultimate Noah's Ark, The (USA)	The Ultimate Noah's Ark is a digital version of the picture-book of the same name by artist Mike Wilks. Like the book the player is presented with a large drawing of Noah's Ark. On the Ark are 354 different animal species to be found. All but one of them have a mate. It's up to the user to find which animal is missing his mate. The original drawing can be broken up into 256 different screen-wide detail close-ups. In addition to the drawing this software title comes with additional information for all the animals including videos of them in their natural habitats.
Ultra CD-i Soccer (Europe)	Ultra CD-i Soccer is a top-down soccer game. The game features 72 European teams to play with against the computer or a friend. The game allows the player to play a total competition with all the teams, and to create his own competition with up to four teams.
Uncover featuring Tatjana (Europe)	Uncover featuring Tatjana is an action game featuring Croatian-Dutch model, actor and singer Tatjana Simić. The game is similar to the arcade game Qix. Play takes place on a rectangular playing field. The player has to draw lines in order to colour in parts of the field. An erratically moving enemy moves around the playing field, but can only harm the player when he's drawing lines. When the player is not drawing lines he can only move on the outer borders of the playing field. There are also enemies on these borders moving in clockwise or counterclockwise directions. When the player touches an enemy the player loses a life. Unlike the original where the player also loses a life when the erratic enemy touches an incomplete shape, he now chases the player along the line. Coloured in parts in this version of the game are parts of pictures of Tatjana.
USA '94 World Cup (Europe)	World Cup USA 94 is a fantastic way to enjoy the most popular sports tournament in the world : the Soccer World Cup! This CD-i will take you to the United States, will provide you with detailed information about the teams, the coaches and the venues and will allow you to evaluate the scores! A unique way to follow the games to the closest and create your own memories of World Cup USA 1994!
Usine aux Crayons, L' (France)	Enter the most colorful world a child could ever imagine. The Crayon Factory, and extraordinary interactive environment where kids play and learn! Each existing trip to the Crayon Factory is a new experience, loaded with fun-filled activities that help your child develop critical learning skills. Narrated by Julie Walters.
Vegas Girls (Europe)	Vegas Girls offers the players to play all kinds of casino games such as roulette, blackjack, poker, dice and slot machines. Each of the games is played using the familiar rules of the games, but in strip-poker style. This means the player plays against a virtual female who will lose a piece of clothing every time the player wins. There are various girls to play against.
Video Speedway - Grand Prix (France)	Video Speedway is a racing game for the CD-i. The game is presented in a first person view from inside the fictional Formula One racing cars. Before each race the player has to run a trial lap on the track. Different tracks have different backgrounds suc
Video Speedway - The Ultimate Racing Experience (USA)	Video Speedway is a racing game for the CD-i. The game is presented in a first person view from inside the fictional Formula One racing cars. Before each race the player has to run a trial lap on the track. Different tracks have different backgrounds suc
Voyeur (USA)	Game Access Code : 3333 Like To Watch? You'll get an eye-full as you peer into your neighbors' sordid lives in the wickedly seductive interactive mystery, Voyeur. Political blackmail... murder... seductive intrigue... you'll see it all. But will you only watch - hidden like a true voyeur - or will you step into the drama and try to prevent a murder? Voyeur combines dramatic game play with chilling suspense and erotic undertones guaranteed to keep your excitement level up. Hollywood actors, excellent film quality and an alluring storyline make this a sizzling thriller that will bring our the voyeur in everyone. Come on. We know you want to watch.
Voyeur ...Don't Get Caught (Europe)	Game Access Code : 3333 Like To Watch? You'll get an eye-full as you peer into your neighbors' sordid lives in the wickedly seductive interactive mystery, Voyeur. Political blackmail... murder... seductive intrigue... you'll see it all. But will you only watch - hidden like a true voyeur - or will you step into the drama and try to prevent a murder? Voyeur combines dramatic game play with chilling suspense and erotic undertones guaranteed to keep your excitement level up. Hollywood actors, excellent film quality and an alluring storyline make this a sizzling thriller that will bring our the voyeur in everyone. Come on. We know you want to watch.
Voyeur ...Lass Dich Nicht Erwischen! (Germany)	Game Access Code : 3333 Like To Watch? You'll get an eye-full as you peer into your neighbors' sordid lives in the wickedly seductive interactive mystery, Voyeur. Political blackmail... murder... seductive intrigue... you'll see it all. But will you only watch - hidden like a true voyeur - or will you step into the drama and try to prevent a murder? Voyeur combines dramatic game play with chilling suspense and erotic undertones guaranteed to keep your excitement level up. Hollywood actors, excellent film quality and an alluring storyline make this a sizzling thriller that will bring our the voyeur in everyone. Come on. We know you want to watch.
Wacky World of Miniature Golf with Eugene Levy, The (USA)	In The Wacky World of Miniature Golf, the player can pick from a bevy of cartoon golfers and compete in 18 holes of miniature putt-putt golf in a variety of cartoon fantasy settings such as Egypt, prehistoric times, Atlantis, a prison and many more. The gameplay is more of an interactive cartoon where the player chooses the direction they wish to hit the ball and pressing the action button. If the player has chosen correctly they will hit it successfully and be treated to a cutscene where the ball will avoid the various obstacles and landing in the hole. Choosing the wrong path, however, will have their ball destroyed by a variety of obstacles and force the player to retry again. A feature of the game is the voice acting talent of Eugene Levy who is most notable for his film appearances in the American Pie film series.
Whack a Bubble (Europe)	Whack a Bubble is a paddle and ball game in the vein of Breakout. You control a paddle at the bottom of the screen and have to remove bubbles at the top by bouncing a ball against them. If the ball leaves the screen at the bottom you loose a life. The game comes with a 100 levels and 3 difficulties. The game also features a two player mode where players play against each other.
Who Shot Johnny Rock (USA)	Travel back to the thirties in this action-packed gangster whodunit to find out who killed popular singing star Johnny Rock! You'll need your wits sharp and gun drawn as you navigate the dark streets of this city looking for clues to help you solve the case. There's danger around every corner and dangerous characters who'd like nothing better than to see you in the morgue! It's a tough case to crack – are you up to the challenge?
Wimbledon Challenge (Europe) (En,Ja,Fr,De,Es,It)	Wimbledon Challenge is a multiple-choice tennis quiz game for two players or teams in one of six languages. Questions are asked randomly from a base of hundreds about the players, matches and life around the Championships.
Wordplay (Europe)	Compete with up to three other players in this game of word skill and tactics to make a word and register a score. “Bob”, the gam's own character, will calculate the score based on the length of the word and the value of its letters. Ultimately the game is a race to score 200 points, but back-markers can quickly become race-leaders due to the random way that “Bob” presents new letters. Contains English and American vocabulary.
World Cup Golf (Europe) (En,Fr,De)	World Cup Golf takes the player to Puerto Rico's own Hyatt Dorado Beach Golf Course as they can choose from a bevy of fictional golfers or create their own in 18 rounds of golf. There are 15 types of tournaments to choose from including skins, medal and stableford to name a few. Players can also practice their swing on the driving range. Players can also customize weather conditions as well as choose from a plethora of camera shots including the &quot;Ball Cam&quot; that follows the ball to its location. Like many golf games, a meter is used to determine the accuracy and the power of the players swing and also features in-game commentary.
Zelda - De Toverstaf van Gamelon (Netherlands)	When King Harkinian vanishes on a mission to save Gamelon, Link takes off to rescue him. But soon Link is also missing, and Zelda must free them both from their evil captors. This action adventure arcade-style game features 70 playfields, including palaces, forests, swamps, and a mysterious fairy pool. An awesome array of 90 amazing character will talk to you in full animation. Confront sword-wielding Stalfos, floating Ghini, dreaded Dodongos, pinching Gohma, and much more. You'll have a blast smashing your enemies into utter disgrace!
Zelda - Der Zauberstab von Gamelon (Germany)	When King Harkinian vanishes on a mission to save Gamelon, Link takes off to rescue him. But soon Link is also missing, and Zelda must free them both from their evil captors. This action adventure arcade-style game features 70 playfields, including palaces, forests, swamps, and a mysterious fairy pool. An awesome array of 90 amazing character will talk to you in full animation. Confront sword-wielding Stalfos, floating Ghini, dreaded Dodongos, pinching Gohma, and much more. You'll have a blast smashing your enemies into utter disgrace!
Zelda - The Wand of Gamelon (USA)	When King Harkinian vanishes on a mission to save Gamelon, Link takes off to rescue him. But soon Link is also missing, and Zelda must free them both from their evil captors. This action adventure arcade-style game features 70 playfields, including palaces, forests, swamps, and a mysterious fairy pool. An awesome array of 90 amazing character will talk to you in full animation. Confront sword-wielding Stalfos, floating Ghini, dreaded Dodongos, pinching Gohma, and much more. You'll have a blast smashing your enemies into utter disgrace!
Zelda's Adventure (Europe)	As the brave warrior, Princess Zelda, it's your mission to thwart the enemy, Gannon, who has captured Link and taken over Tolemac. On the way to freeing Link, you'll journey deep into the Seven Shrines of the Underworld. You will acquire powerful weapons as you fight evil characters in your attempt to restore the Age of Lightness to this magical land.
Zenith (Europe)	Zenith is a pinball game. Controlling the flippers at the bottom of the machine the player has to keep the ball in play. There are many bonuses and specials to be gained such as extra balls, shields, fly mode and low gravity. The player must be on the lookout for acid that can destroy the ball. There are six levels and the game allows up to four players to compete.
Zombie Dinos de la Planete Zeltoide (France)	Innocent dinosaurs have become mindless zombies, controlled by the evil Harry the Harrier and his alien Brain Blobs. But all is not lost. Wise-cracking Dexter the Dinodroid has managed to escape, bringing to Earth the incredible Time Machine. His goal: &quot;Let's kick some brain!&quot; Travel back in the Time Machine 200 million years. Locate each dinosaur before the Brain Blobs take control. Stop them from destroying unsuspecting humans in your hometown. Dexter will help you, along with the Time Machine's invaluable Dino Encyclopedia containing everything you need to know to save the planet.
Zombie Dinos from Planet Zeltoid (USA)	Innocent dinosaurs have become mindless zombies, controlled by the evil Harry the Harrier and his alien Brain Blobs. But all is not lost. Wise-cracking Dexter the Dinodroid has managed to escape, bringing to Earth the incredible Time Machine. His goal: &quot;Let's kick some brain!&quot; Travel back in the Time Machine 200 million years. Locate each dinosaur before the Brain Blobs take control. Stop them from destroying unsuspecting humans in your hometown. Dexter will help you, along with the Time Machine's invaluable Dino Encyclopedia containing everything you need to know to save the planet.
Zombie Dinos van de Planeet Zeltoid (Netherlands)	Innocent dinosaurs have become mindless zombies, controlled by the evil Harry the Harrier and his alien Brain Blobs. But all is not lost. Wise-cracking Dexter the Dinodroid has managed to escape, bringing to Earth the incredible Time Machine. His goal: &quot;Let's kick some brain!&quot; Travel back in the Time Machine 200 million years. Locate each dinosaur before the Brain Blobs take control. Stop them from destroying unsuspecting humans in your hometown. Dexter will help you, along with the Time Machine's invaluable Dino Encyclopedia containing everything you need to know to save the planet.
Zombie Dinos vom Planeten Zeltoid (Germany)	Innocent dinosaurs have become mindless zombies, controlled by the evil Harry the Harrier and his alien Brain Blobs. But all is not lost. Wise-cracking Dexter the Dinodroid has managed to escape, bringing to Earth the incredible Time Machine. His goal: &quot;Let's kick some brain!&quot; Travel back in the Time Machine 200 million years. Locate each dinosaur before the Brain Blobs take control. Stop them from destroying unsuspecting humans in your hometown. Dexter will help you, along with the Time Machine's invaluable Dino Encyclopedia containing everything you need to know to save the planet.
