#key	synopsis
3D Atlas (USA)	3D Atlas est un titre éducatif qui présente des graphiques 3D sur douze types différents de globes en rotation, des séquences vidéo animées en accéléré montrant les changements survenus sur la planète tels que la destruction de la couche d'ozone et bien plus encore. Il comprend ce qui est décrit comme « un quiz stimulant ». appelé « Autour du monde » qui peut être joué par un à trois joueurs. À leur tour, chaque joueur est confronté à une série de cinq questions. Chaque question est chronométrée et vaut un certain nombre de points ou de miles aériens, mais cette valeur diminue avec le temps. Lorsqu'un tour est terminé, le jeu montre une vidéo humoristique d'une forme de transport, généralement des premiers avions.
Agi Gongnyong Goldie (Korea)	Agi Gongnyong Goldie est un jeu éducatif sud-coréen qui combine aventure, contenu pédagogique et animation adaptée aux enfants. Le personnage principal est Goldie, un petit dinosaure curieux qui voyage à travers un monde coloré rempli d'énigmes, d'activités musicales et de mini-jeux basés sur les réactions. L'objectif est d'enseigner de manière ludique des concepts tels que les couleurs, les chiffres et la pensée logique, présentés à travers de courtes histoires et des scènes interactives. Les commandes sont simples, ce qui permet aux jeunes joueurs de naviguer facilement dans les environnements dessinés à la main. Comme beaucoup de productions 3DO, le jeu propose de nombreux doublages, une musique charmante et des cinématiques FMV colorées. Aujourd'hui, il est considéré comme un exemple rare de logiciel 3DO coréen et comme une aventure éducative bien conçue, qui allie une approche pédagogique à une esthétique distincte des années 1990.
AI Shougi (Japan)	Le shogi( littéralement « jeu des généraux ») est un jeu de société combinatoire abstrait traditionnel japonais, se rapprochant du jeu d'échecs, et opposant deux joueurs. Ce jeu est célébré le 17 novembre au Japon, où il est extrêmement populaire.
Alone in the Dark (USA)	Alone in the Dark sur 3DO est un survival-horror qui vous propose d'évoluer dans le mystérieux manoir de Derceto, peuplé de créatures démoniaques. Vous incarnez au choix le détective Edward Carnby ou Emily Hartwood, nièce du propriétaire, pour percer les mystères de cette inquiétante demeure.
Alone in the Dark 2 (USA)	Dans Alone in the Dark 2, vous incarnez le détective Edward Carnby. Carnby doit maintenant enquêter sur un trafiquant d'alcool nommé One Eyed Jack qui aurait kidnappé la jeune Grace Saunders. Son partenaire Ted Stryker tente d'infiltrer le manoir délabré de Jack à Hell's Kitchen et de sauver la jeune fille, et disparaît. Carnby apprend bientôt que Jack et ses gangsters sont en réalité des pirates du XVe siècle qui ont acquis l'immortalité après que Jack se soit allié à Elizabeth Jarret, une sorcière vaudou. Cependant, la magie noire qui leur permet de rester immortels oblige Jack et son équipage à procéder régulièrement à des sacrifices humains. Carnby doit maintenant se frayer un chemin à travers Hell's Kitchen pour trouver un moyen de briser le sort. Les graphismes du jeu sont hybrides 2D-3D. Vous devez résoudre de nombreuses énigmes tout en combattant des pirates zombies avec vos armes ou par la ruse.
Anno Mitsumasa Pepperon-mura no Shiki (Japan)	Peperon Mura no Shiki alias Valmaison au fil des saisons est un jeu divers, publié par NHK, sorti au Japon en 1995. Le jeu est fait d'images animées au graphisme naïf et précis conçu par le dessinateur japonais Mitsumasa Anno, ancien instituteur. Valmaison est un petit village idéal, quelque part en Europe, que l'on explore de diverses manières: le labyrinthe qui apparaît sur l'écran initial lui offre quatre chemins. L'enfant peut observer le village à une saison précise, pénétrer à l'intérieur des bâtiments, façonner son propre village à partir d'une base de dessins ou mettre en action le rythme des saisons et des événements qui jalonnent le calendrier de Valmaison: fêtes, jeux, semailles, tempêtes, etc.
Another World (Europe)	Une nuit d'orage, Lester Chaykin, jeune chercheur en physique des particules, se rend à son laboratoire souterrain. Alors qu'il lance une expérience sur un accélérateur de particules, la foudre s'abat sur le laboratoire et détraque l'appareillage. Le chercheur est projeté dans un autre monde. Réapparaissant sur une terre étrangère à la faune hostile dont il arrive à s'extirper, il finit par tomber dans les geôles d'une espèce humanoïde intelligente. Dans cette sorte de camp de travail, il fait la rencontre d'un compagnon, avec l'aide duquel il s'échappera.
Aqua World - Umi Monogatari (Japan)	Aqua world umibi monogatari est un jeu qui permet au joueur de découvrir et d apprendre sur le monde marin
Armageddon (Korea)	Armageddon est un jeu d'action créé pour être lié au film d'animation de 1996 du même nom. Vous pouvez basculer entre les points de vue à la première et à la troisième personne tout en pilotant un vaisseau spatial dans le but de repousser les envahisseurs. Le vaisseau avance automatiquement et doit éviter les obstacles en plus de détruire les ennemis dans l'espace. Dans le mode à la première personne, vous devez déplacer le vaisseau pour aligner le réticule et tirer sur des objets qui arrivent droit sur vous tels que des astéroïdes ou des ennemis. En vue à la troisième personne, vous avez un peu plus de contrôle car vous pouvez déplacer le réticule. Des power-ups apparaîtront occasionnellement, vous donnant de nombreuses capacités comme des bombes électromagnétiques.
AutoBahn Tokio (Japan)	Choisissez votre bolide préféré et lancez-vous sur 3 circuits différents mais centrés sur les autoroutes de la capitale nippone. Un mode championnat est présent ainsi qu'un mode Time Attack qui vous permet de battre vos meilleurs temps.
Bakushou!! All Yoshimoto Quiz-ou Ketteisen (Japan)	Bakushou!! All Yoshimoto Quiz Ou Ketteisen est un jeu de quizz sur 3DO, qui est sorti uniquement au Japon en 1995.
Ballz - The Director's Cut (World) (En,Ja)	L'originalité du titre vient du fait que les combattants que l'on peut choisir sont uniquement constitués de balles. Le jeu propose 3 niveaux de difficulté, jusqu'à 21 matches ainsi qu'un mode 2 joueurs.
Battle Blues (Korea)	RPG tour par tour développée par une équipe appelée Shin's Deko, ce jeuétait une autre des exclusivités 3DO coréennes que LG a poussé en avant, et pour cette raison aussi l'un des jeux les plus rares de son temps.
Battle Chess (USA)	Battle Chess sur 3DO est un jeu d'échecs dont les pièces sont représentées par des personnages animés. Vous pouvez assister à ces animations lors des déplacements ou pendant les affrontements. Plusieurs niveaux de difficulté sont disponibles ainsi qu'un tutoriel qui vous enseigne les rudiments du jeu. Il est également possible de passer en vue 2D pour une partie plus traditionnelle.
Battle Pinball (Japan)	Battle Pinball sur 3DO est un jeu de flipper qui se joue à 2. Au lieu d'être seul en face de sa bille, le jeu se présente comme un affrontement entre deux personnages. Celui qui parvient à marquer le plus de points gagne la partie. Un mode Tournoi est disponible et peut se jouer avec un ami en simultané.
BattleSport (USA)	BattleSport sur 3DO est un jeu futuriste dans lequel deux vaisseaux s'affrontent dans l'une des 50 arènes disponibles. Le but est d'attraper une balle toujours en mouvement pour l'envoyer dans les buts. Les arènes sont toutes différentes et chacune amène ses pièges et ses bonus. Un mode tournoi permet de gagner de l'argent pour acheter de nouveaux vaisseaux et gagner en performances.
BC Racers (USA, Europe)	BC Racers est un jeu de courses sur 3DO. Directement inspiré de l'univers décalé de Chuck Rock, le titre permet de se mettre au volant de Side Cars dans des courses toutes plus déjantées les unes que les autres. Le jeu propose quatre niveaux de difficulté différents, composés chacun de 8 circuits qui prennent place dans 8 environnements distincts (jungle, village préhistorique, désert, jungle nocturne, etc.).
Belzerion (Japan)	Belzerion est un jeu d'aventure de science-fiction à la première personne développé et publié par Human pour Mac exclusivement au Japon en 1993. Le jeu a ensuite été porté sur 3DO, sorti exclusivement au Japon le 16 décembre 1994. Cette version révolutionne les combats à la première personne en permettant aux joueurs de naviguer dans des environnements en temps réel et de combattre dans une perspective verrouillée (similaire au jeu d'arcade The Super Spy de 1990).
BFS - Blue Forest Story (Japan)	Blue Forest Story se déroule dans un univers médiéval fantastique, contrôlé par le puissant Empire. Il y a en fait deux histoires dans le jeu, mettant en vedette deux personnages différents, qui vivent dans des provinces différentes de l'Empire. Le garçon Wallace mène une vie paisible avec sa famille dans un village tranquille ; la fille Rakjit, témoin de la persécution et de la mort de sa mère, rejoint un mouvement de résistance spécialisé dans la magie. Les chemins des deux jeunes mèneront finalement au même but - la libération du monde.
Blade Force (USA)	Blade Force est un jeu d'action sur 3DO se déroulant dans un univers futuriste. Dans la cité de Meggagrid en l'an 2110, le joueur incarne le Dr. Grubert, un inventeur qui fut victime d'un attentat organisé par l'association de malfaiteurs &quot;Pitt Family&quot;. Équipé de neuf armes différentes, le joueur doit parcourir les sept niveaux du jeu pour pacifier la ville de tous ses criminels.
Blonde Justice (USA)	Dans les coulisses d'un club de strip-tease, un danseur est menacé de mort. C'est un rival ? Un fan obsédé ? Un mélange excitant de sexe, d'intrigue et d'obsession.
Blood Angels (Japan)	Space Hulk : Vengeance of the Blood Angels sur 3DO est un jeu qui mélange tir à la première personne, action et stratégie. L'intrigue se déroule alors qu'une guerre fait rage entre les Imperial Terminator Chapters et les Tyranid Gene Stealers. Vous contrôlez jusqu'à 10 Terminators et leur donnez des ordres sur le champ de bataille. Lors des phases d'actions vous presserez la détente vous-même contre les Gene Stealers !
Bonogurashi (Japan)	Bonogurashi Kore de Kanpeki Disu est un mélange entre un jeu d'aventure puisque le joueur peut utiliser des objets pour avancer dans le jeu et un jeu de simulation puisque le joueur doit donner de la nourriture ou faire dormir son personnage pour récupérer sa santé. Pendant le jeu, le joueur doit faire différentes actions avec les animaux pour avoir une meilleure relation avec eux.
BrainDead 13 (USA) (Disc 1)	Le joueur incarne Lance, un jeune informaticien venu réparer un ordinateur dans un château inquiétant. L'aventure se présente comme un dessin animé interactif où il faut choisir la voie qu'on estime la plus sûre afin d'éviter un destin tragique au héros. Plusieurs personnages feront la rencontre de Lance qui devra rivaliser d'ingéniosité pour défaire le maléfique Dr. Neurosis.
Burning Soldier (USA, Korea)	Burning Soldier sur 3DO est un jeu de shoot spatial en vue à la première personne. A bord d'un vaisseau de la flotte terrestre, le joueur doit repousser la menace extraterrestre dans des phases de tir en vue cockpit. Les différents niveaux du jeu sont séparés par des cinématiques qui nous guident d'une zone combat à une autre.
Bust-A-Move (USA)	Bust-A-Move sur 3DO est un puzzle-game dont l'objectif est de détruire toutes les bulles à l'écran pour passer au niveau suivant. Pour ce faire, le joueur dispose d'un canon pour lancer les bulles, chaque rangée de trois de la même couleur disparaissant automatiquement.
Cannon Fodder (USA)	Guidez une équipe de six soldats au maximum à travers de nombreuses zones de combat dans ce jeu d'action/stratégie de haut en bas. Vous sélectionnez un soldat ou un groupe puis vous cliquez sur un bouton pour les déplacer à un endroit particulier et sur un autre pour qu'ils tirent sur un ennemi. Vous pouvez également ramasser des grenades ou des roquettes qui peuvent être utilisées pour détruire des groupes d'ennemis, des bâtiments ou certains véhicules. Chaque mission a un objectif spécifique, et certaines comportent des véhicules tels que des chars d'assaut. Vos troupes peuvent traverser l'eau mais ne peuvent pas tirer à l'intérieur, c'est pourquoi il est souvent crucial de trouver et de contrôler les ponts. Vous pouvez utiliser la disposition des arbres afin de trouver des cachettes pour tirer mais faites attention aux soldats ennemis qui font de même.
Captain Quazar & BattleSport (Europe) (Demo)	Captain Quazar est un jeu d'action sur 3DO bénéficiant d'une vue isométrique. Le joueur incarne le capitaine Quazar, justicier à ses heures, pour mettre une bonne raclée à tous les méchants qui se présentent à l'écran. Les trois boutons de la manette permettent d'utiliser les trois armes principales : mitraillette, lance-roquettes et grenades. Il faut toujours faire attention à son stock de munition et veiller à en ramasser le plus souvent possible.
Captain Quazar (USA)	Captain Quazar est un jeu d'action sur 3DO bénéficiant d'une vue isométrique. Le joueur incarne le capitaine Quazar, justicier à ses heures, pour mettre une bonne raclée à tous les méchants qui se présentent à l'écran. Les trois boutons de la manette permettent d'utiliser les trois armes principales : mitraillette, lance-roquettes et grenades. Il faut toujours faire attention à son stock de munition et veiller à en ramasser le plus souvent possible.
Carrier - Fortress at Sea (USA)	Partez pour une grande aventure avec l'un des plus grands et des plus célèbres avions à propulsion nucléaire. Le jeu vous offre une multitude d'informations.
Casper (USA)	Casper est l'adaptation sur 3DO du film sorti en 1995, lui-même inspiré du dessin animé Casper, le gentil fantôme créé en 1945. Kat et son père arrivent dans une vieille maison hantée et font la connaissance de Casper et de ses trois oncles moins aimables. Casper, qui en a marre d'être seul, doit tenter de faire de Kat son ami. Pour cela, il doit parcourir l'immense maison et venir à bout de ses oncles.
Chiki Chiki Machine Mou Race - Kenken to Black Maou no Ijiwaru Daisakusen (Japan)	Chiki Chiki Chiki Machine Mou Race est un jeu d'aventure, développé et publié par Future Pirates, qui est sorti au Japon en 1994. Le jeu consiste à parier sur des voitures et à regarder une vidéo pour voir laquelle va remporter la course.
Chiki Chiki Machine Mou Race 2 - In Space (Japan)	Une simulation japonaise de Point and Click/Racing basée sur le dessin animé Wacky Races. Ce jeu a été développé et publié par Future Pirates en 1995.
Club 3DO - Station Invasion (USA)	Club 3DO: Station Invasion est un jeu éducatif présenté comme un jeu télévisé et conçu pour les enfants âgés de 7 à 14 ans. Votre travail consiste à être le meilleur producteur d'une chaîne de télévision pour enfants. Choisissez parmi cinq émissions à succès: une sitcom, un jeu télévisé, un talk-show, un feuilleton télévisé et une aventure mystérieuse. Résolvez les énigmes et les défis de chaque émission pour obtenir des cotes plus élevées. Le jeu propose un mélange d'images graphiques et de vidéos de personnages en direct.
Corpse Killer (USA)	Corpse Killer sur 3DO est un jeu de tir se déroulant comme un film interactif. Le joueur incarne une élite des forces spéciales en mission sur une île tropicale infestée de zombies. Il faudra tirer sur tout ce qui bouge pour arrêter cette armée de morts-vivants créée par le Dr. Hellman. La vue est à la première personne et il suffit de viser et tirer pour avancer dans le jeu.
Coven, The (USA)	Il s'agit d'un esprit qui a été béni par la lune et les amants qui la méritent. C'est à propos de Janine...
Cowboy Casino (USA)	Cowboy Casino est un jeu de poker sur 3DO. Ce titre vous plonge en plein western et vous propose quatre variantes du poker (dont le fameux Texas Hold'em) à disputer dans un authentique saloon. Couchez-vous au bon moment et relancez à temps pour rafler la mise. De courts extraits vidéo se chargent d'animer chaque partie.
Crash 'n Burn (USA, Korea)	Crash 'N Burn sur 3DO est un jeu de course où tous les coups sont permis pour arriver en tête. Ce sont six véhicules que l'on peut choisir et chacun embarque son lot d'armes destructrices à destination des autres concurrents. Le mode Rally vous propose de finir en tête des 30 circuits présents, tandis que le mode Tournoi repose sur un principe de gains ou chaque victoire vous permet d'améliorer votre véhicule et vos armes.
Crayon Shin-chan - Puzzle Daimaou no Nazo (Japan)	Il s'agit d'un jeu de type Puzzle basé sur Crayon Shin-chan, également et simplement intitulé Shin-chan, une série japonaise de manga et d'anime, créée par Yoshito Usui en 1990.
Creature Shock (USA) (Disc 1)	Creature Shock est un jeu d'action et de tir sur 3DO qui propose également plusieurs phases de pilotage. Dans le futur, à l'heure de la surpopulation de la Terre, un vaisseau est envoyé sur Saturne pour l'explorer et évaluer son potentiel comme nouvelle planète d'accueil. Malheureusement rien ne se passe comme prévu et des extraterrestres étaient là avant... Le jeu vous demandera de vous repérer à travers plusieurs niveaux et de tirer sur tous les ennemis qui se présentent.
Crime Patrol (USA)	Crime Patrol met le joueur dans la peau d'un officier de police, qui débute en tant que recrue et doit gravir les échelons avant de devenir membre de SWAT et, éventuellement, de l'équipe Delta Force. Pour ce faire, il doit mener à bien des missions qui consistent à éliminer des criminels dans divers endroits. Commençant par des criminels de moindre envergure (tels que les voleurs à l'étalage), le héros devra par la suite faire face à des gangsters, des seigneurs de la drogue et éventuellement des terroristes. Pour chaque série de missions, les personnages sont associés à un autre agent de police. Le gameplay est assez similaire à tous les autres gros jeux de laser-gun trouvés dans les arcades - tout ce que le joueur doit faire est de prendre le pistolet (ou la souris dans la version informatique) et de montrer à ces criminels qui est le patron!
CyberDillo (USA)	Après avoir été écrasé par une voiture, notre héros Armadillo est ramené à la vie par une entreprise cybergénétique maléfique. Il entreprend d'arrêter leurs plans diaboliques dans les niveaux à l'ère psychédélique des années 70 où le disco était roi. Rassemblez des objets tels que des fonds de cloche, des chaussures à semelles compensées, des lecteurs 8 pistes et des lampes à lave pour maintenir votre bouclier et vos niveaux de funk élevés.
Cyberia (USA)	Cyberia sur 3DO est un jeu d'action/exploration en vue à la troisième personne, accompagné de phases de tir à la première personne. L'histoire se déroule en 2027 dans un monde contrôlé par deux super-puissances. Le joueur incarne Zak, un hacker de renom sorti spécialement de prison pour une mission bien précise qui l'emmènera sur la base de Cyberia où une mystérieuse nouvelle arme est en développement.
D (USA, Europe) (Disc 1)	D sur 3DO est un jeu d'aventure à la première personne qui propose au joueur d'incarner Laura Harris pendant l'exploration d'un château étrange. L'histoire démarre par la présentation de Richter Harris (père de Laura), docteur reconnu à Los Angeles qui perd soudainement la raison et massacre des dizaines de patients innocents à l'arme à feu. C'est en entendant cela aux informations que Laura décide de rejoindre son père mais se retrouve mystérieusement dans un ancien château.
D no Shokutaku (Japan) (Disc 1)	D sur 3DO est un jeu d'aventure à la première personne qui propose au joueur d'incarner Laura Harris pendant l'exploration d'un château étrange. L'histoire démarre par la présentation de Richter Harris (père de Laura), docteur reconnu à Los Angeles qui perd soudainement la raison et massacre des dizaines de patients innocents à l'arme à feu. C'est en entendant cela aux informations que Laura décide de rejoindre son père mais se retrouve mystérieusement dans un ancien château.
D's Diner - The Director's Cut (Japan) (Disc A)	D sur 3DO est un jeu d'aventure à la première personne qui propose au joueur d'incarner Laura Harris pendant l'exploration d'un château étrange. L'histoire démarre par la présentation de Richter Harris (père de Laura), docteur reconnu à Los Angeles qui perd soudainement la raison et massacre des dizaines de patients innocents à l'arme à feu. C'est en entendant cela aux informations que Laura décide de rejoindre son père mais se retrouve mystérieusement dans un ancien château.
Daedalus Encounter, The (USA, Europe) (Disc 1)	La guerre interstellaire est terminée, vous laissant, vous, une victime, seul, bloqué dans un système de survie. Vos amis vous sauvent pour que vous puissiez aller explorer la galaxie à la recherche de débris et d'artefacts laissés par la guerre. Le moment venu, vous tombez littéralement sur un vaisseau extraterrestre. Avec votre navette endommagé et le vaisseau extraterrestre sur votre trajectoire, vous devez explorer la zone pour découvrir ce qui s'est passé.
Daedalus Encounter, The - Episode 1 - Nanpasen no Alien (Japan) (Disc 1)	La guerre interstellaire est terminée, vous laissant, vous, une victime, seul, bloqué dans un système de survie. Vos amis vous sauvent pour que vous puissiez aller explorer la galaxie à la recherche de débris et d'artefacts laissés par la guerre. Le moment venu, vous tombez littéralement sur un vaisseau extraterrestre. Avec votre navette endommagé et le vaisseau extraterrestre sur votre trajectoire, vous devez explorer la zone pour découvrir ce qui s'est passé.
DeathKeep (USA)	Deathkeep est un jeu de tir à la première personne avec une touche de jeu médiéval AD&D dans un environnement 3D complet. Le jeu consiste à partir à l'aventure et à vaincre toutes les créatures vivantes et non vivantes sur votre chemin. Détruire les monstres permet au personnage de monter en niveau, de devenir plus puissant et d'obtenir de nouveaux sorts. Les donjons sont remplis de pièges, de ruisseaux, de cavernes, de corniches et de tous les obstacles possibles pour que le joueur se perde dans ce dédale de labyrinthes.
Defcon 5 (Europe)	DefCon 5 sur 3DO est un jeu d'action empruntant quelques éléments à un jeu de rôle. Dans un futur proche, vous incarnez un ingénieur chargé d'automatiser les systèmes informatiques d'une base de défense lorsque celle-ci est attaquée. A vous de retrouver votre chemin, de mettre la main sur les bonnes clés et de gérer votre équipement pour vous sortir de cette situation délicate.
Demolition Man (USA, Europe)	Demolition Man est un jeu de plateforme au rythme effréné, dont certains niveaux se déroulent en vue aérienne (à l'instar de Smash TV). Dans la peau de John Spartan, le joueur passera la majeure partie de son temps à tirer sur des vagues incessantes de « cryocons » déchaînés dans un monde futuriste aseptisé. L'arme standard peut être améliorée avec un fusil à pompe et un magnum, tous deux dotés d'un nombre limité de munitions. De plus, divers types de grenades peuvent être ramassés et lancés indépendamment de l'arme à feu. Simon Phoenix apparaît en tant que boss à la fin de chaque niveau, en lien direct avec le film.
Dennis Miller - That's News to Me (USA)	Dennis Miller:That's News to Me ne peut être défini que vaguement comme un &quot;jeu&quot;, il s'agit plutôt d'un spectacle interactif de Dennis Miller. Il est à l'écran et joue la comédie sur différents sujets. Les joueurs peuvent choisir les sujets qu'ils souhaitent entendre Miller couvrir.
Dennou Hyouryuu - Multimedia Cruising (Japan)	Dennou Hyouryuu : Multimedia Cruising est un jeu, développé par Scitron & Art et publié par Hamlet, qui est sorti au Japon en 1995. Vous devez voler à travers un paysage futuriste et interagir avec des téléviseurs flottants. Bienvenue au voyageur de la technologie à l'ère numérique !
Digital Dreamware (USA, Europe)	DIGITAL DREAMWARE est un album interactif de sons et de visuels qui vous permet de prendre le contrôle ou de suivre le flux des fluides. Six différentes explosions kaléidoscopiques multidimensionnelles et éclatantes de sensations pures. Une bande-son techno-trance envoûtante.
DinoPark Tycoon (USA)	L'un des jeux &quot;business&quot; les plus originaux, DinoPark Tycoon est à la fois un jeu de stratégie et un jeu éducatif. Construisez un parc d'attractions présentant différents types de dinosaures ! Vous êtes responsable, et vous devez faire beaucoup de choses, y compris : Emprunter de l'argentnnAcheter et vendre des dinosauresnnL'achat de clôtures pour les garder à l'intérieur, y compris des clôtures électriques pour plus de sécuriténnL'embauche de personnel, comme des préposés à l'entretien, des cuisiniers, des guides touristiques et des vétérinairesnnLa construction et l'agrandissement de votre parc afin d'y inclure des éléments tels que des toilettes, des parkings,des standsnnDéfinir le prix du billet d'entréennLa publicité de votre parc
Diving Spot Guide - Marine Tour (Japan)	Marine Tour - Diving Spot Guide est une sorte d'encyclopédie virtuelle de la plongée. Si vous envisagez de plonger dans les eaux chaudes des océans Indien et Pacifique, le disque peut s'avérer utile, bien que, sans connaissance du japonais, la moitié des informations resteront inintelligibles. Ainsi, pour les plongeurs, vous trouverez sur demande des informations sur les sites de plongée les plus connus, les villes voisines, les prix, et tout le reste. Certains endroits sont couverts de manière plus détaillée - notamment la topographie du fond, les profondeurs et les poissons. Vous pouvez même inclure une narration en voix off. En 1994, il était peut-être encore d'actualité, mais aujourd'hui, même le site internet le plus délabré vous donnera plus d'informations.
Doctor Hauzer (Japan)	Vous devez pénétrer dans un manoir lugubre à la recherche du Docteur Hauzer, un archéologue de renom qui serait devenu fou. Chaque pièce de la bâtisse vous attend avec son lot d'énigmes et il faudra fouiller chaque recoin pour découvrir tous les secrets du scénario.
Doom (USA, Japan)	La planète Mars est envahie par des créatures de l'enfer à la suite de plusieurs expériences scientifiques. Vous incarnez un Space Marine qui a été condamné à des travaux forcés sur la planète rouge. Se retrouvant seul dans la base humaine, il tente de survivre en éliminant tous les monstres autour de lui.
Dragon Lore - The Legend Begins (USA, Germany) (Disc 1)	Le joueur incarne Werner Von Wallenrod dont le père a été assassiné par le Devil's Horseman. Élevé dans une ferme pour sa propre protection, Werner doit maintenant faire face à son destin et partir à l'aventure pour rechercher l'assassin de son père. Plusieurs personnages croiseront votre route et vous épauleront dans votre quête.
Dragon Tycoon Edge (Japan)	Dans une galaxie lointaine et hostile, un dieu décide de vous invoquer pour prendre le pouvoir, vous avez dès le début la morphologie d'un psudo-humain mais plus tard, vous pourrez vous transformer en tout (créature) que vous réussissez à obtenir.
Dragon's Lair (USA) (RE1)	Dragon's Lair est un dessin animé interactif sur 3DO adapté du célèbre jeu sorti en 1983 sur les bornes d'arcade. Vous incarnez l'aventurier Dirk qui part à la rescousse de la princesse Daphné, capturée par Singe, le dragon maléfique. Avant d'arriver dans la tanière du dragon, le chevalier doit sortir vivant de tous les pièges du chateau en misant tous sur ses réflexes.
Drug Wars (USA)	Drug Wars est un jeu de tir sur 3DO qui se présente comme un film interactif. Tournées avec des acteurs en chair et en os, les séquences vidéo vous plongent dans le milieu policier et vous propose de liquider des truands et plus particulièrement des trafiquants de drogue.
Emit Vol. 1 - Toki no Maigo (Japan)	Emit est un roman visuel, divisé en trois parties, qui a été conçu pour aider les Japonais à étudier l'anglais. Le jeu peut être joué en anglais ou en japonais. Il existe deux modes de jeu : Le mode histoire et le mode jeu en anglais. Le mode histoire est le jeu principal divisé en chapitres où les joueurs peuvent suivre le déroulement de l'histoire et faire un certain nombre d'exercices après chaque chapitre. Dans le mode histoire, les joueurs peuvent interrompre le jeu à tout moment pour rechercher un terme qu'ils n'ont pas compris ou pour changer de langue. Le premier épisode du jeu traite de la rencontre fortuite de Yuri avec un vieil homme et des événements qui s'ensuivent.
Emit Vol. 2 - Inochigake no Tabi (Japan)	Emit est un roman visuel, divisé en trois parties, qui a été conçu pour aider les Japonais à étudier l'anglais. Le jeu peut être joué en anglais ou en japonais. Il existe deux modes de jeu : Le mode histoire et le mode jeu en anglais. Le mode histoire est le jeu principal divisé en chapitres où les joueurs peuvent suivre le déroulement de l'histoire et faire un certain nombre d'exercices après chaque chapitre. Dans le mode histoire, les joueurs peuvent interrompre le jeu à tout moment pour rechercher un terme qu'ils n'ont pas compris ou pour changer de langue. Le deuxième jeu traite du voyage de Yuri dans un autre monde où elle vieillit d'un an chaque jour et doit trouver le moyen de retourner dans son propre monde.
Emit Vol. 3 - Watashi ni Sayonara o (Japan)	Emit est un roman visuel, divisé en trois parties, qui a été conçu pour aider les Japonais à étudier l'anglais. Le jeu peut être joué en anglais ou en japonais. Il existe deux modes de jeu : Le mode histoire et le mode jeu en anglais. Le mode histoire est le jeu principal divisé en chapitres où les joueurs peuvent suivre le déroulement de l'histoire et faire un certain nombre d'exercices après chaque chapitre. Dans le mode histoire, les joueurs peuvent interrompre le jeu à tout moment pour rechercher un terme qu'ils n'ont pas compris ou pour changer de langue. Le jeu conclut l'histoire de Yuri qui survit de justesse à son voyage de retour dans son monde. Yuri recherche son &quot;doppelgänger&quot; pour retourner dans son monde et retrouver son fils. Cet épisode contient un nouveau jeu en anglais appelé &quot;Ghost Sweeper&quot; ou il faut vaincre des fantômes et chercher des objets dans des maisons hantées.
Endlessly (USA)	Endlessly est en fait moins un jeu, mais plutôt un court film pornographique avec trois chapitres que vous pouvez choisir dans un menu de style DVD. Il inclut également des bandes-annonces pour d'autres jeux Vivid Interactive sur 3DO.
Escape from Monster Manor (USA)	Escape from Monster Manor sur 3DO est un jeu de tir à la première personne. Les forces du mal se sont répandues sur la Terre et seul le Talisman Sacré peut repousser ces hordes de zombies, fantômes et autres créatures démoniaques. Il faut entrer dans un manoir lugubre et rassembler toutes les pièces du Talisman durant les 12 niveaux que propose le jeu pour espérer sauver l'espèce humaine des morts-vivants.
ESPN Baseball - Hitting (USA)	ESPN Baseball : Interactive Hitting pour 3DO, c'est comme avoir un grand entraîneur qui vous enseigne les mêmes techniques qui permettent de remporter des championnats nationaux. Un entraîneur sympathique qui rend l'apprentissage aussi facile que de jouer à un jeu vidéo - le tout à votre propre rythme.
ESPN Golf - Lower Your Score with Tom Kite - Shot Making (USA) (Disc 1)	Tom Kite, champion de Golf en 1992, vous donne de précieux conseils illustrés en vidéo pour progresser dans la pratique de ce sport.
ESPN Golf - Tom Kite no Kore ga Golf da! (Japan) (Disc 1) (Shot Yousei Kouza Vol. 1)	Tom Kite, champion de Golf en 1992, vous donne de précieux conseils illustrés en vidéo pour progresser dans la pratique de ce sport.
ESPN Let's Go Skiing with Picabo Street, A. J. Kitt & Holly Flanders (USA)	La seule façon d'apprendre à skier est d'aller skier, mais ce titre pourrait vous donner certaines des connaissances de base nécessaires pour ne pas vous casser le cou lors de votre première vraie sortie.
ESPN Let's Play Beach Volleyball with Karch Kiraly and Karolyn Kirby (USA)	Ce jeu vous propose d'apprendre à jouer au Beach Volley par l'intermédiaire de vidéos.
ESPN Let's Play Soccer with John Harkes and Mia Hamm (USA)	Let's Play Soccer présente une équipe formidable : Zachery Ty Bryan, , ambassadeur officiel des jeunes pour la Coupe du monde 94... John Harkes, membre de l'équipe nationale américaine, anciennement champion de la Coupe d'Angleterre 1993 et maintenant membre de l'équipe Derby County de première division... et Mia Hamm, championne de tous les temps de la NCAA et membre de l'équipe nationale féminine américaine et de l'équipe championne du monde de 1991.
ESPN Let's Play Tennis with Tracy Austin (USA)	L'ancienne championne de l'U.S. Open, Tracy Austin, met en avant ses compétences en matière de tennis dans ce logiciel éducatif. Les téléspectateurs peuvent apprendre à jouer plus efficacement sur la ligne de fond, revoir la façon dont ils saisissent leur raquette afin d'éviter de « trancher » la balle, découvrir comment renvoyer avec soin les lobs et apprendre à gérer les coups d'approche. Un temps supplémentaire est également consacré au jeu au filet, au perfectionnement du service et à d'autres stratégies importantes sur le court.
Eye of Typhoon, The (Korea)	Comme Fight Fever, The Eye of Typhoon se joue de la même manière que les autres jeux de combat en 2D. Il y a 12 combattants jouables au choix et deux boss. Le but du jeu est de gagner deux matchs sur trois. Chaque personnage dispose d'un ensemble de mouvements en plus de deux coups de poing et de pied de base. Les joueurs ont également la possibilité de narguer les autres, mais contrairement à des jeux tels que la série Art of Fighting de SNK, cela n'a aucun effet et laisserait en fait le joueur vulnérable aux attaques. En mode solo, après avoir sélectionné un personnage, le joueur doit également sélectionner un adversaire. La succession des adversaires est défini aléatoirement selon l'écran de sélection des personnages. Après la défaite des douze premiers combattants, le joueur doit vaincre deux boss, Powell et Mahesvara. Contrairement à Fight Fever, il existe un mode d'équipe 2 contre 2, où les joueurs peuvent choisir deux personnages, que ce soit dans un certain ordre ou au hasard. La caméra effectue également un zoom avant et arrière en fonction de la distance entre les personnages, comme dans la série Art of Fighting.
F1GP (Japan)	Publié par Pony Canyon, cette version exclusive au Japon possède de nombreuses qualités admirables : des réelles équipes et des vrai pilotes de F1, 16 circuits du monde réel, une personnalisation assez complète de la tenue de route de votre véhicule, y compris 3 emplacements de sauvegarde pour stocker vos réglages favoris, et un mode contre la montre, course unique, et championnat.
Family Feud (USA)	Ce jeu est basé sur le jeu télévisé Family Feud. Le jeu propose le jeu solo et le jeu multijoueur. Les participants choisissent les meilleures réponses en fonction des questions posées par l'animateur. Le jeu met en vedette des familles qui sont en vidéo plein écran et l'animateur pose des questions. En plus d'avoir les tours normaux, le jeu a également le Bullseye Round et le Fast Money Round. Il y a 5 niveaux d'intelligence à affronter.
Fatty Bear's Birthday Surprise (USA)	Fatty Bear doit aider les autres jouets à préparer une fête surprise pour Kayla. Il doit trouver les ingrédients d'un gâteau et le préparer, trouver les lettres manquantes pour le signe du joyeux anniversaire et gonfler des ballons, entre autres tâches. Sont également inclus les mini-jeux de bowling et de piano. C'est un jeu d'aventure conçu pour les enfants de 3 à 8 ans qui utilise une version avancée du moteur SCUMM développé à l'origine pour Ron Gilbert's Maniac Mansion, qui est le chef de projet, producteur, co-concepteur et un des programmeurs pour ce titre.
Fatty Bear's Fun Pack (Korea)	Fatty Bear's Fun Pack a été la dernière apparition de Fatty Bear en tant que personnage solo, mais il a tout de même fait un caméo dans Putt-Putt Saves The Zoo et a été mentionné dans de nombreux jeux par la suite. Les activités/jeux comprenaient Reversi, Go Fish, Lines and Boxes, Tangrams, et Coloring, tous les cinq réapparaissant dans Putt-Putt & Fatty Bear's Activity Pack.
Fatty Bear's Funpack (USA)	Fatty Bear's Fun Pack a été la dernière apparition de Fatty Bear en tant que personnage solo, mais il a tout de même fait un caméo dans Putt-Putt Saves The Zoo et a été mentionné dans de nombreux jeux par la suite. Les activités/jeux comprenaient Reversi, Go Fish, Lines and Boxes, Tangrams, et Coloring, tous les cinq réapparaissant dans Putt-Putt & Fatty Bear's Activity Pack.
FIFA International Soccer (USA, Korea)	FIFA International Soccer sur 3D0 est une simulation de football. Premier titre de la série la plus vendue au monde, FIFA donne la possibilité à 1 ou 2 joueurs de prendre le contrôle d'équipes nationales et internationales lors de matches amicaux, de tournois ou de championnats. Privilégiant les courses et passes courtes, le jeu permet d'adopter une stratégie parmi 5 au choix afin de mieux contrer le jeu de l'adversaire.
Fire Ball!! (Japan)	Real Pinball est un jeu de flipper sur 3DO. 5 niveaux sont disponibles, chacun représentant un nouveau thème*. La jouabilité est extrêmement simple puisque les deux boutons de tranche de la manette servent à contrôler les flips alors que les autres touches servent à rajouter du crédit, lancer la bille ou encore faire tilter la machine.
Firewall (Korea)	Le super ordinateur de MiraCom a pris par la force le contrôle de la multinationale aux mains de ses directeurs humains. Si l'humanité ne se rend pas, l'ordinateur détruira Paris. Dans FIREWALL : Man vs. Machines, vous incarnez la Flèche bleue, pilote de chasse et informaticien. En tant que membre de la force d'assaut, vous piloterez votre vaisseau à travers onze niveaux en 3D réaliste, du monde réel au cyberespace. Suivez les indices de vos alliés et résolvez des énigmes tordues pour atteindre votre objectif. Le seul moyen de s'échapper de l'étrange cybermonde de MiraCom est de franchir le pare-feu qui protège l'ordinateur maléfique et de le détruire. Préparez votre assaut ; le sort du monde dépend uniquement de vos compétences et de votre intelligence.
Flashback (Europe) (En,Fr)	L'histoire débute en 2042 lorsque Conrad B. Hart prend connaissance d'un complot lié à l'existence d'extraterrestres hostiles disséminés parmi la population. Ces derniers le kidnappent mais Hart parvient à s'enfuir. Il est vite rattrapé et atterrit en catastrophe au coeur de la jungle de Titan, un satellite de Saturne. Le joueur doit braver les dangers de la jungle environnante et déjouer le complot en place. Bien qu'une grande partie du gameplay soit consacrée à courir, sauter et tirer sur des ennemis, le jeu comporte également un élément d'exploration considérable, ainsi qu'une partie de résolution d'énigmes. Le joueur fait naviguer Conrad à travers des structures de plates-formes, en effectuant différents mouvements. Il est possible de sauter, courir, grimper, s'accrocher aux rebords et de ramasser des objets ... Pour se défendre, Conrad peut tirer sur les ennemis avec son pistolet et utiliser divers objets pour les blesser ou les distraire.
Flashback - The Quest for Identity (USA) (En,Fr)	L'histoire débute en 2042 lorsque Conrad B. Hart prend connaissance d'un complot lié à l'existence d'extraterrestres hostiles disséminés parmi la population. Ces derniers le kidnappent mais Hart parvient à s'enfuir. Il est vite rattrapé et atterrit en catastrophe au coeur de la jungle de Titan, un satellite de Saturne. Le joueur doit braver les dangers de la jungle environnante et déjouer le complot en place. Bien qu'une grande partie du gameplay soit consacrée à courir, sauter et tirer sur des ennemis, le jeu comporte également un élément d'exploration considérable, ainsi qu'une partie de résolution d'énigmes. Le joueur fait naviguer Conrad à travers des structures de plates-formes, en effectuant différents mouvements. Il est possible de sauter, courir, grimper, s'accrocher aux rebords et de ramasser des objets ... Pour se défendre, Conrad peut tirer sur les ennemis avec son pistolet et utiliser divers objets pour les blesser ou les distraire.
Flopon World (Japan)	Une collection de mini-jeux pour le 3DO, développée et publiée par WARP, sortie au Japon en 1995.
Flying Nightmares (USA)	Flying Nightmares sur 3DO est une simulation d'avion de chasse. Le joueur peut choisir d'accomplir des missions précises dans l'ordre ou simplement s'entraîner à maîtriser tous les aspects du pilotage. Il est possible d'équiper son avion avec plusieurs sortes d'armes différentes pour semer la destruction chez l'ennemi.
Foes of Ali (USA)	Foes of Ali sur 3DO est un jeu de boxe qui se concentre sur la carrière du célèbre Mohamed Ali. Le jeu propose de revivre les plus grand match de la carrière du boxer face à ses grands adversaires de l'époque. Il est également possible d'organiser des tournois où l'on peut choisir parmi 12 légendes de la discipline.
Fun 'n Games (USA)	Fun 'N' Games est un condensé d'applications et de mini-jeux sur 3DO. Paint vous propose de dessiner à l'aide de pinceaux et d'arrière-plans originaux. Music vous aide à composer de la musique avec plusieurs instruments. Dans Aquashark vous dirigez un homard et devez trouver la sortie tandis que Space Cadet est un jeu de tir spatial. Sliding Puzzle enfin est un jeu de taquin.
Fun 'n Games - Soft no Omochabako (Japan) (En,Ja)	Fun 'N' Games est un condensé d'applications et de mini-jeux sur 3DO. Paint vous propose de dessiner à l'aide de pinceaux et d'arrière-plans originaux. Music vous aide à composer de la musique avec plusieurs instruments. Dans Aquashark vous dirigez un homard et devez trouver la sortie tandis que Space Cadet est un jeu de tir spatial. Sliding Puzzle enfin est un jeu de taquin.
Gakkou no Kowai Uwasa - Hanako-san ga Kita!! (Japan)	Dans ce RPG d'aventure, vous jouez le rôle d'un élève qui se promène dans l'école. Le joueur doit localiser Hanako et obtenir son soutien, tout en évitant les fantômes menaçants que l'on trouve dans toute l'école.
Game no Tatsujin (Japan)	Game no Tatsujin contient quatre jeux de société japonais classiques conçus par différents développeurs : Mahjong, Shogi, Go et Reversi. Les jeux de société peuvent être joués dans trois modes différents : le mode entraînement avec cinq adversaires, le mode combat libre avec des niveaux de difficulté progressifs et le mode mondial avec un total de 21 maîtres du jeu à défier dans le but ultime de les battre tous et de gagner le titre de &quot;Maître du jeu&quot;.
Gex (USA, Europe)	Dans Gex sur 3DO, le joueur incarne Gex, un Gecko fait prisonnier de sa propre TV par l'infâme Rez. Dans ce jeu de plates-formes en 2D les usuelles capacités d'attaque et de saut sont complétées par l'acquisition de certains pouvoirs grâce à des orbes disséminés dans les niveaux. Plusieurs environnements sont disponibles et Gex doit retrouver toutes les télécommandes pour espérer rentrer chez lui.
Ghost Hunter Series - Kuroki Shi no Kamen (Japan)	Kurokishi no Kamen est un jeu d'aventure graphique impliquant des chasseurs de fantômes, un détective, un scientifique, un mystique et un journaliste qui explorent une maison hantée.
Goal FH (Field Hunter) (Japan)	Goal FH est un jeu de simulation de football basé sur l'anime de Hakuhodo, diffusé en 1994 sur la chaîne japonaise NHK. Le personnage principal, Ikar Tatsumura, footballeur brésilien de 16 ans aux racines japonaises aspire à la gloire et au succès. Goal FH une sorte de jeu de combat de football.
Great! Soccer Kid (Japan)	Tentez de récupérer le trophée de la Coupe du Monde 1994 que des extraterrestres ont volé. Vous incarnez un jeune fan de football qui élimine les ennemis en shootant son ballon sur eux. L'aventure emmène le héros dans différents pays, à commencer par l'Angleterre. Le garçon doit récupérer 11 cartes dans chacun des pays afin de retrouver les pièces du trophée.
Gridders (USA, Korea)	Gridders est un jeu de réflexion sur 3DO. Le joueur dirige un personnage nommé Zack dont le but est d'atteindre le sous-sol d'une organisation maléfique pour la détruire. Pour cela, il faudra lui faire parcourir 36 étages, chacun représentant un puzzle différent à résoudre. Il faudra aussi éviter soigneusement les obstacles tout en ramassant différents bonus.
Grimm Meisaku Gekijou Vol. 1 - Bremen no Ongakutai (Japan)	Grimm Meisaku Gekijou : Bremen no Ongakutai est un jeu, développé et publié par Ima Company, qui est sorti au Japon en 1994. Le jeu s'appuie fortement sur la nouvelle fonction de vidéo en mouvement de la 3DO. Le jeu est une compilation de dessins animés, qui s'inspirent tous vaguement des histoires rendues célèbres par les frères Grimm. L'animation des dessins animés a été réalisée par la célèbre Nippon Anime Corporation. Ils ont fait plusieurs de ces séries de dessins animés, celui-ci est le premier produit.
Grimm Meisaku Gekijou Vol. 2 - Hansel to Gretel (Japan)	Le jeu repose largement sur la technique full motion video de la 3DO, alors toute nouvelle. Le jeu est une compilation de dessins animés, qui suivent tous des histoires rendues célèbres par les frères Grimm. L'animation a été faite par la célèbre Nippon Anime Corporation. Ils ont fait plusieurs de ces series animées et celle-ci est la seconde produite.
Grimm Meisaku Gekijou Vol. 3 - Akazukin (Japan)	Un jeu en FMV basé sur le célèbre conte des Frères Grimm, le Petit Chaperon Rouge, et sur sa confrontation avec le grand méchant loup.
Guardian War (USA, Korea)	Guardian War est un jeu de rôle sur 3DO. Le joueur se retrouve dans la peau d'un gardien golem dont le but est de lutter contre les forces maléfiques d'un puissant seigneur nommé Azrael. Au fur et à mesure de l'aventure, le golem en rencontrera d'autres qui se joindront à sa cause et l'épauleront dans de nombreux combats au tour par tour.
Hell - A Cyberpunk Thriller (USA)	Hell : A Cyberpunk Thriller sur 3DO est un jeu d'aventure à la troisième personne qui propose au joueur d'incarner un couple : Gideon Eshanti et Rachel Braque. Ces deux héros travaillent pour un gouvernement qui a découvert que l'Enfer existe bel et bien et qui s'en sert pour y envoyer les criminels. Alors que ce même gouvernement tente de les tuer, Gideon et Rachel se retrouvent plongés en Enfer et doivent trouver un moyen de rentrer chez eux tout en démasquant leurs supérieurs.
Hello Kitty - Asobi no Omochabako (Japan)	Ce titre interactif emmène le joueur dans la chambre de Hello Kitty avec un certain nombre d'activités et met en scène plusieurs personnages Sanrio différents. Les activités varient d'une machine à sous, une page d'art avec des autocollants, l'habillage de Hello Kitty et un jeu Janken. Hello Kitty réagit par la parole aux actions du joueur dans n'importe quelle activité.
Hirata Shougo Interactive Ehon - Aesop Monogatari Vol. 1 (Japan) (En,Ja,Fr)	Hirata Shougo Interactive Ehon - Aesop Monogatari Vol. 1 est un jeu de vidéos interactives. Ce premier volume contient 3 histoires: La fourmi et la sauterelle, Le ventre de la grenouille, Le gamin et la pipe. L'interface de tous les jeux est commune. Dans le menu, sélectionnez le conte disponible (ou les informations sur Aesop), puis la langue : japonais, anglais ou français. Lors de la narration, avec le bouton &quot;P&quot;, regardez de courts extraits d'animation. Le dernier paramètre permet de contrôler les sous-titres. Il sera utile à ceux qui tentent d'apprendre l'une des trois langues de ces contes.
Hirata Shougo Interactive Ehon - Cinderella (Japan) (En,Ja,Fr)	Hirata Shogo Interactive Ehon : Cinderella est un livre interactif sur 3DO. Sorti uniquement au Japon, le CD renferme néanmoins deux traductions dont le français. Retrouvez donc le célèbre conte de Charles Perrault : Cendrillon, mis en images pour l'occasion.
Hirata Shougo Interactive Ehon - Ningyo-hime (Japan) (En,Ja,Fr)	Dans ce logiciel, le format d'un livre d'images est repris, et l'essence qui a été chérie pendant de nombreuses années est préservée tout en adaptant les histoires aux valeurs morales contemporaines. En outre, vous pouvez choisir entre trois langues différentes pour la narration et l'affichage du texte.
Hirata Shougo Interactive Ehon - Ookami to Shichihiki no Koyagi (Japan) (En,Ja,Fr)	Ce logiciel prend la forme d'un livre d'images et adapte l'histoire à la morale moderne, tout en gardant à l'esprit son essence qui a perduré pendant des siècles. Vous pouvez également passer de la narration à l'affichage du texte en trois langues.
Hirata Shougo Interactive Ehon - Sanbiki no Kobuta (Japan) (En,Ja,Fr)	Les trois petits cochons est un conte populaire britannique que Joseph Jacobs a publié en 1091, déguisé en folklore britannique. Dans ce jeu, l'essence de l'histoire originale, qui a été transmise de génération en génération avec diverses adaptations, est préservée, offrant une expérience interactive. Vous pouvez également profiter de trois narrations différentes et d'options d'affichage du texte.
Hirata Shougo Interactive Ehon - Shirayuki-hime (Japan) (En,Ja,Fr)	Il s'agit d'un livre interactif qui reprend la version de Blanche-Neige du célèbre auteur de mangas Shogo Hirata.
Hitchcock ni Chousen (Japan)	Étonnamment, bien que le jeu lui-même ait peu à voir avec un thème mystère / thriller, nous nous trouvons souvent avec le maître Hitchcock. Le jeu est une adaptation du classique Memory. Vous retournez les cartes et essayez de faire correspondre les paires. Lorsque vous réussissez, une vidéo où Alfred Hitchcock parle est révélée, ni plus ni moins.
Horde, The (World)	En sauvant son roi de l'étouffement, Chauncey, un jeune serviteur du château royal, a gagné sa reconnaissance, son épée magique et un lopin de terre pour y faire pousser de la nourriture. L'ennui, c'est que les terres royales sont régulièrement attaquées par des hordes de monstres. Le but du jeu est de repousser ces hordes avant qu'elle commettent trop de dégâts. Le jeu en lui-même s'articule en deux phases : une phase de gestion qui vous laissera bâtir et organiser les défenses de votre ville en fonction des ressources en or que vous serez parvenu à accumuler, et une phase d'action où l'objectif sera de venir à bout des créatures de la Horde avant qu'elles aient eu le temps de causer trop de dégâts à votre bourgade ainsi qu'à votre économie.
Icebreaker (USA)	Icebreaker est un puzzle/shooter. Le joueur contrôle une pyramide blanche coulissante. Le but est d'éliminer toutes les autres pyramides (appelées «mecs»), en commençant par les pyramides stationnaires qui bordent le champ, puis les pyramides mobiles (appelées «chercheurs») qui se dirigent vers la pyramide blanche. Chaque type de pyramide a sa propre faiblesse et son propre moyen d'être détruit.
Ide Yousuke Meijin no Shin Jissen Mahjong (Japan)	Ide Yohsuke Meijin no Shin Jissen Mahjong est un jeu de mahjong dont Ide Yohsuke est l'animateur. Le joueur peut participer à différents types de tournois de mahjong, l'arrière-plan graphique et le type de pièces de mahjong peuvent être sélectionnés dans le menu des options. Le jeu comporte également un mode histoire dans lequel le joueur joue le rôle d'un joueur de mahjong qui arrive dans une ville et veut devenir le champion de mahjong.
Idol Janshi Suchie-Pai Special (Japan)	Idol Janshi Suchie-Pai Special est une suite du jeu d'arcade, qui a ensuite été porté sur plusieurs consoles de salon. Comme l'original, il met en scène l'alter ego de Misaki Kyoko, la super-héroïne Suchie-Pai, qui joue au mahjong contre des adversaires féminines jeunes et séduisantes. Ce jeu contient du strip-tease.
Idol Mahjong - Final Romance 2 - Hyper Edition (Japan)	Idol Mahjong Final Romance 2 : Hyper Mahjong sur 3DO est un jeu de Mahjong virtuel. Le joueur doit réaliser certaines combinaisons grâce aux 144 tuiles qui se trouvent sur le plateau de jeu.
Igo Time Trial - Shikatsu Daihyakka (Japan)	Un jeu traditionnel de Go! avec des limites de temps par tour et nécessite une stratégie pour placer des pièces sur le plateau qui rapporteront plus de points que l'adversaire. Il existe trois modes différents, le mode d'essai, qui propose 4 000 jeux différents, le mode apprentissage pour comprendre le fonctionnement du jeu et le mode apprenti, dans lequel le joueur a la possibilité d'annuler et de refaire ses mouvements et d'utiliser des astuces pour faciliter le jeu. Le jeu a été supervisé par le joueur professionnel sud-coréen de Go! Honinbo, Cho Chikun.
Igo Time Trial - Tsumego I (Japan)	La balance du bien et du mal étant bouleversée, c'est au joueur de battre un adversaire dans un jeu Go ! pour s'assurer que les bons fantômes sont plus nombreux que les mauvais. A Chaque tour donne, 100 secondes pour placer une pièce à un endroit approprié du plateau. L'objectif du joueur est d'acquérir plus de points que l'adversaire pour gagner la partie.
Immercenary (Europe)	Dans le futur, l'humanité a été réduite en esclavage dans une simulation de réalité virtuelle connue sous le nom de Perfect. Cette simulation est contrôlée par une entité connue sous le nom de Perfect1 qui doit être détruite afin d'arrêter le système. Vous êtes l'Immercenaire numéro cinq, et c'est votre mission.A partir d'un laboratoire secret, vous vous connectez à la simulation qui vous envoie à un endroit dans Perfect connu sous le nom de Jardin. Chaque entité dans le jeu a un certain rang qui détermine ses capacités offensives et défensives. Vous commencez à 255, le rang le plus bas, et devez monter en grade pour battre Perfect1, qui détient le rang numéro 1. Pour ce faire, vous détruisez les Rithms de rang supérieur, comme on appelle les autres entités du jeu. Pour dépasser certains rangs, il faut détruire des Rithms uniques qui sont haut placés dans la Hiérarchie Parfaite.
Immercenary - Combat in a Digital World (USA)	Dans le futur, l'humanité a été réduite en esclavage dans une simulation de réalité virtuelle connue sous le nom de Perfect. Cette simulation est contrôlée par une entité connue sous le nom de Perfect1 qui doit être détruite afin d'arrêter le système. Vous êtes l'Immercenaire numéro cinq, et c'est votre mission.A partir d'un laboratoire secret, vous vous connectez à la simulation qui vous envoie à un endroit dans Perfect connu sous le nom de Jardin. Chaque entité dans le jeu a un certain rang qui détermine ses capacités offensives et défensives. Vous commencez à 255, le rang le plus bas, et devez monter en grade pour battre Perfect1, qui détient le rang numéro 1. Pour ce faire, vous détruisez les Rithms de rang supérieur, comme on appelle les autres entités du jeu. Pour dépasser certains rangs, il faut détruire des Rithms uniques qui sont haut placés dans la Hiérarchie Parfaite.
Immortal Desire (USA)	Sarah Jane Hamilton est hantée par des visions sombres et érotiques d'actes innommables qu'elle s'efforce de comprendre. La seule constante est un rituel vaudou d'une beauté perverse qui apparaît dans ses rêves, et semble détenir la clé de son passé...
Incredible Machine, The (USA)	The Incredible Machine sur 3DO est un jeu de réflexion. Deux modes sont disponibles. Le premier vous propose de résoudre une série de puzzle pour se familiariser avec le concept du jeu. Le second vous donne les rênes et vous propose de créer vos propres puzzles et énigmes en se servant des machines fournies par l'ordinateur. Le but est de résoudre des problèmes simples, en déplaçant des bouts de machinerie à l'écran et en observant l'effet produit.
Incredible Machine, The - Pararancho (Japan)	The Incredible Machine sur 3DO est un jeu de réflexion. Deux modes sont disponibles. Le premier vous propose de résoudre une série de puzzle pour se familiariser avec le concept du jeu. Le second vous donne les rênes et vous propose de créer vos propres puzzles et énigmes en se servant des machines fournies par l'ordinateur. Le but est de résoudre des problèmes simples, en déplaçant des bouts de machinerie à l'écran et en observant l'effet produit.
Insector War (Japan)	Insecter War présente une version psychédélique du jeu de tir à la première personne : Faceball 2000. Les matchs sont rapides. Les arènes sont remplies d'une variété d'obstacles et de pièges, offrant aux joueurs et aux ennemis des endroits où se battre et se cacher les uns des autres. Dans le mode de combat multijoueur, Insecter War peut être joué jusqu'à quatre joueurs en écran partagé ; il propose également un mode campagne solo avec une histoire simple.
Iron Angel of the Apocalypse - Tetsujin (USA)	Iron Angel of the Apocalypse sur 3DO est un jeu de tir à la première personne entrecoupé de scènes cinématiques faisant avancer l'intrigue. Le joueur est dans la peau de Tetsujin, un cyborg inventé par un savant fou pour détruire l'humanité. Tetsujin décide de se retourner contre son créateur et le jeu commence au moment où le robot se dirige vers le laboratoire du savant.
Iron Angel of the Apocalypse - The Return (USA)	Iron Angel of the Apocalypse : The Return sur 3DO est un jeu d'action à la première personne. L'histoire reprend peu après les événements du premier opus, dans lequel votre corps a été en partie détruit. Une mystérieuse corporation répondant au nom de SCR vous en donne un nouveau, cependant, vous n'avez aucune idée de ce qu'ils attendent de vous.
Ishida Yoshio Kudan no Igo Seiha (Japan)	Ishida Yoshio Kudan No Igo Seiha sur 3DO est une autre implémentation du jeu de plateau traditionnel Go. Le jeu est entièrement en japonais et dispose d'un menu étendu avec une grande variété de modes. Il y a des tutoriels, des défis de Go, un jeu contre l'intelligence artificielle, et même des reprises de batailles passionnées. Le jeu propose même des clips vidéo.
J. B. Harold - Blue Chicago Blues (Japan) (Disc 1)	Un autre meurtre s'est produit ici à Chicago, où subsistent les traces du bon vieux temps. Le lendemain du jour où une fille en robe rouge a été retrouvée morte, une femme qui est l'assassin présumé est tuée au même endroit ; Catherine White, détective du département de police de Liberty Town. Apprenant la mort de Catherine, son collègue et fiancé, J.B. Harold, s'est immédiatement envolé pour Chicago. Les relations humaines complexes autour d'Angie Hart, la fille tuée, ressemblaient à une toile enchevêtrée. Les secrets et les vies passées des suspects cachés derrière l'affaire remontent progressivement à la surface au fur et à mesure de l'enquête... qui a tué Angie et Catherine ? Vos yeux seront collés à ce jeu de film interactif à grande échelle, tout comme regarder un film hollywoodien bien fait. Bienvenue dans une nouvelle aventure mystérieuse sensationnelle, comme vous ne l'avez jamais vécue auparavant!
J.League Virtual Stadium '95 (Japan)	J-League Virtual Stadium'95 est fait avec le même moteur de jeu que FIFA International Soccer sorti dur 3DO. Il s'agit d'une version de FIFA International Soccer adaptée pour le marché japonais avec la licence de la ligue de football professionnel japonaise (J.League).
J.League Virtual Stadium (Japan)	Simulateur sportif de football de J.League Virtual Stadium pour la console de jeu Panasonic 3DO Interactive Multiplayer. Le jeu est fait sur le même moteur de jeu que FIFA International Soccer. En fait, il s'agit aussi de FIFA International Soccer mais pour le marché japonais avec un autre nom et une équipe de la ligue japonaise.
Jammit (USA)	Jammit est un jeu de basketball sur 3DO qui propose des matches dans des environnements urbains. Choisissez l'un des trois personnages proposés au départ et lancez-vous dans des affrontements en un contre un. Un système de pari permet de gagner de l'argent au fur et à mesure des rencontres.
Jikki Pachi-Slot Simulator Vol. 1 (Japan)	Jikki Pachi-Slot Simulator Vol. 1 propose une simulation réaliste des machines à sous japonaises, proposant des modes stratégie, combat et introduction. Les joueurs peuvent choisir parmi six modèles de machines distincts, chacun basé sur des homologues réels. Avant le jeu, les options pour les paris symboliques et les lignes de paiement peuvent être configurées dans un menu séparé.
John Madden Football (USA)	John Madden Football est un jeu de football américain sur 3DO. Choisissez parmi 28 équipes de la saison 92-93 ainsi que 8 équipes de légende. Le jeu propose les classiques modes de jeu : pré-saison, saison, mort-subite et playoff. John Madden en personne fera part de son expérience pour commenter tous les matchs.
John Madden NFL Football (Europe)	John Madden Football est un jeu de football américain sur 3DO. Choisissez parmi 28 équipes de la saison 92-93 ainsi que 8 équipes de légende. Le jeu propose les classiques modes de jeu : pré-saison, saison, mort-subite et playoff. John Madden en personne fera part de son expérience pour commenter tous les matchs.
Johnny Bazookatone (USA)	Johnny Bazookatone sur 3DO est un jeu de plates-formes où le joueur incarne une légende du Rock emprisonnée injustement par El Diablo, jaloux de son talent. Johnny use de sa guitare-bazooka pour progresser dans les niveaux du jeu, saute et tournoie pour envoyer valser ses ennemis. Il cherche à tout prix à retrouver Anita, sa guitare qui lui a été subtilisée.
Jurassic Park Interactive (USA)	Jurassic Park Interactive sur 3DO est un jeu de stratégie/action comprenant plusieurs mini-jeux basés sur le célèbre film de dinosaures de Steven Spielberg. L'interface est un écran d'ordinateur et le joueur peut décider de jouer aux 5 mini-jeux programmés par Denis Nedry, mais doit surtout aider Grant, Malcolm, Lex et les autres à sortir de l'île. Échapper au T-Rex en jeep ou sortir d'un bâtiment infesté de Raptors sont quelques exemples de missions à effectuer.
Kakinoki Shougi (Japan)	Kakinoki Shogi est une bonne implémentation 3DO du jeu de Go (Kakinoki est le nom de famille du réalisateur du jeu). Vous pouvez jouer contre un autre humain, contre une IA réglable ou regarder deux IA. Il existe plusieurs options de jeu, notamment des commentaires vocaux, l'affichage des mouvements envisagés par l'IA et un jeu limité dans le temps. Vous pouvez sauvegarder votre partie pour la reprendre plus tard et afficher les mouvements en arrière et en avant. Vous pouvez configurer le tableau comme vous le souhaitez ou résoudre des problèmes d'échec et mat. Les graphismes sont simples, mais efficaces, comprenant trois jolies planches en bois.
Keiba Saishou no Housoku (Japan)	Un jeu de paris hippiques, dans lequel vous pouvez choisir la piste puis parier sur le cheval qui, selon vous, gagnera le plus de courses.
Kero Kero Keroppi to Origami no Tabibito (Japan)	Keroppi et ses amis emmènent le joueur dans une aventure pour apprendre à plier du papier en figurines Origami.
Killing Time (USA) (RE1)	L'histoire de Killing Time sur 3DO débute dans les années 30 quand Tess Conway, un passionné d'ancienne Égypte disparaît sans laisser de trace. Ce n'est que 60 ans plus tard qu'une mission est lancée pour mener l'enquête sur cette étrange affaire. La mission du joueur est donc de faire la lumière sur cette disparition, dans ce jeu de tir à la première personne.
Kingdom - The Far Reaches (USA, Europe)	Dans ce jeu d'aventure, mettez-vous à la place de Lathan Kandor, un jeune garçon, pour vaincre le méchant Black Wizard. Lathan trouvera l'aide de son mentor, le puissant magicien Daelon. Explorez les terres fantastiques de Far Leaches et récupérez trois des cinq pièces de l'ancienne relique appelée The Hand of Mobus. Parlez à une multitude de personnages, ramassez des objets et résolvez des puzzles et des énigmes. Kingdom: Far Reaches propose un contrôle à la souris, des animations vidéo, des graphismes de type dessin animé, une carte de voyage dans le jeu et une musique originale pouvant être désactivée si vous le souhaitez.
Konpeki no Kantai (Japan)	Le jeu suit toutes les opérations de combat décrites dans la série animée du même nom, avec des batailles menées sur une carte isométrique. Vous avez également la capacité de développer de nouvelles armes. Cependant, là où la série animée se termine avec la victoire du Japon avec les États-Unis et la Grande-Bretagne sur l'Allemagne nazie, la survie du Japon dans la guerre est incertaine lorsque le gouvernement d'Otaka est déposé lors d'un autre coup d'État, Yamamoto meurt en prison et les secrets de la Deep Blue Fleet sont révélés.
Kyuusei Senjutsu ni Yoru - Heisei Kaiun Koyomi (Japan)	Kyuusei Senjutsu Niyoru Heisei Kaiun Koyomi n'est pas exactement un jeu pour la 3DO, mais plutôt un logiciel de divertissement. Il s'apparente en quelque sorte au Bagua ou au Livre des changements, et sert d'outil d'observation des étoiles. En entrant certaines données sur vous-même ou sur quelqu'un d'autre, vous pouvez consulter des prévisions astrologiques. Cela vous permet de voir les jours favorables et défavorables, la compatibilité zodiacale avec votre partenaire, et bien plus encore.
Last Bounty Hunter, The (USA)	The Last Bounty Hunter est un jeu de tir dans la tradition de Mad Dog McCree. Assez simple dans sa conception, il comporte un fond vidéo avec lequel vous interagissez - vous utilisez votre souris ou un pistolet pour littéralement tirer sur vos ennemis et protéger les innocents. L'histoire est la suivante : vous êtes un chasseur de primes, l'un des derniers, qui vient dans une ville de l'ouest totalement infestée de criminels. Vous aidez alors le shérif à se débarrasser des hors-la-loi.
Lemmings (USA)	Votre tâche dans Lemmings sur 3DO est de secourir les petites créatures aux cheveux verts sur 120 niveaux. Un pourcentage d'individus à maintenir en vie vous est indiqué pour chaque mission. A vous de vous adapter à la configuration du terrain de jeu en assignant des tâches telles que creuser, construire un escalier ou encore bloquer le passage dans l'optique de ramener à bon port vos infatigables Lemmings.
Life Stage, The - Virtual House (USA, Korea)	The Life Stage est un programme de construction de maisons permettant aux joueurs de construire des maisons fantastiques à partir d'une interface de modélisation simplifiée. Les joueurs construisent la structure de base et l'emplacement des portes, puis déposent les décorations et choisissent les textures pour les sols et les papiers peints. Les joueurs peuvent alors errer dans leurs maisons virtuelles et interagir avec certains des objets qui s'y trouvent. Le jeu est livré préréglé avec quelques plans de démonstration, allant d'une maison dans les montagnes enneigées, à un immeuble de bureaux au centre-ville. Une seule pièce à la fois est conservée dans la mémoire limitée du système, de sorte que les joueurs doivent &quot; utiliser &quot; les portes pour se déplacer vers une nouvelle pièce. Après une longue période de chargement, le joueur sera debout dans la nouvelle salle. Il y a aussi des limites quant à la taille et à la complexité des pièces individuelles.
Little House, The (Japan)	``THE LITTLE HOUSE'' est un logiciel qui fournit un aperçu facile à comprendre des logements importés et vous permet également de créer et de simuler vos propres logements.
Lost Dungeon (Japan)	Advanced Dungeons & Dragons : Slayer est un jeu de rôle fantastique à la première personne basé sur les règles de la 2e édition d'Advanced Dungeons and Dragons. Le manuel de 58 pages fait immédiatement comprendre que les développeurs ne plaisantent pas. Même si vous n'étiez pas familier avec l'univers de D&D auparavant, rien ne vous empêche d'apprendre les règles, le bestiaire et de prendre la route. L'une des particularités du jeu est un générateur personnalisable des donjons du château, ce qui signifie qu'à chaque fois que vous commencez une nouvelle partie, de nouvelles aventures sont garanties, des recherches de reliques, des représailles contre des habitants effrayants et tout cela dans le même esprit.
Lost Eden (USA, Korea)	Sur une autre Terre, dans un autre temps, où les dinosaures parlent et où l'air est chargé de magie, les anciennes méthodes se sont effondrées. Là où était l'harmonie, sont aujourd'hui l'esclavage et la guerre. Vous devez apprendre ce qui est oublié et unir les créatures de nos continents contre un tyrannosaure tyrannique et son armée carnivore.
Lost Files of Sherlock Holmes, The (USA)	Londres, 1888. Une jeune actrice a été brutalement assassinée dans l'allée derrière le théâtre Regency. Jack l'Eventreur semble avoir encore frappé. L'inspecteur Lestrade se tourne vers le détective le plus célèbre de Londres pour en fournir la preuve. Il se tourne vers vous, Sherlock Holmes.
Love Bites (USA)	Douze sublimes créatures, menées par leurs besoins primaires, n'ont qu'un seul désir : étancher leur soif.
Lucienne's Quest (USA)	Lucienne's Quest sur 3DO est un jeu de rôle dans un univers de Fantasy. Le joueur dirige un groupe mené par la jeune Sorcière Lucienne dans le but d'arrêter le mage Death Shadow qui tente de détruire le monde. Les combats sont du type tour par tour dans ce jeu représenté en 3D. Un cycle jour/nuit permet à l'un des compagnons de Lucienne de se transformer en loup-garou.
Mad Dog II - The Lost Gold (USA)	Mad Dog II : The Lost Gold sur 3DO est un jeu de tir à la première personne se déroulant au Far West. Entrez en plein coeur d'un film interactif et testez vos réflexes en tirant plus vite que votre ombre face aux gangsters, indiens, et autres ennemis. Enfin, retrouvez votre plus grand ennemi, Mad Dog pour un face-à-face qui promet d'être enflammé.
Mad Dog McCree (USA)	Mad Dog McCree sur 3DO est un jeu de tir se déroulant au Far-West. L'action consiste en un Western interactif dans lequel le joueur doit faire preuve de rapidité et ouvrir le feu plus vite que ses ennemis. Tout au long du jeu, soyez rapide, précis, et mettez fin au règne de terreur de l'infâme Mad Dog McCree.
Mahjong Gokuu Tenjiku (Japan)	Le jeu est centré sur l'ancien roman chinois Journey to the West, et met en vedette les protagonistes et les méchants de ce livre comme les différents joueurs de mahjong. Le titre fait référence au roi singe Goku (Sun Wukong) et à l'ancien nom chinois de l'Inde, Tenjiku. Tenjiku était la destination ultime de Sun Wukong et du moine Xuanzang/Tripitaka dans Journey to the West.
Mahjong-kyou Jidai - AV Gal Seifuku-hen (Japan)	Le joueur défie trois playgirls japonaises sur six à une partie de Mahjong. Si le joueur gagne, les filles sont présentées dans des cinématiques en direct s'exhibant en fonction du nombre de points qui leur restent.
Mahjong-kyou Jidai Cogal Houkago-hen (Japan)	Les joueurs participent à des matchs de Mahjong contre trois filles.
Makaroni Hourensou Interactive (Japan)	Macaroni Houren Shou Interactive est un jeu d'aventure graphique inspiré du manga des années 70 du même nom. Il raconte les escapades quotidiennes bizarres du lycéen Seji Okita et de ses colocataires, Nichiyo Kinda et Toshizo Kizakata, dans leur pension commune. Au fil de cinq épisodes, les joueurs vivent leurs aventures, allant de la visite de galeries d'art à la rencontre avec des ovnis. Le jeu propose une interface point-clique traditionnelle dans des environnements 3D, avec des mini-jeux occasionnels intercalés tout au long de l'aventure.
Mazer (USA)	Dans Mazer, le joueur peut choisir l'un des quatre soldats chargés de libérer la Terre du règne oppressif d'une race extraterrestre connue sous le nom de Semag-Resal, qui dispose d'un réseau de bases réparties sur toute la Terre. Pour aggraver les choses, ils ont développé des cyborgs capables d'imiter parfaitement les êtres humains et peuvent infiltrer leurs cachettes de rebelles et les exterminer.
MegaRace (USA, Korea) (En,Fr,De,Es,It)	MegaRace sur 3DO est un jeu de courses futuriste où tous les coups sont permis pour arriver en tête. Le joueur choisit son bolide favori puis se lance dans une course effrénée dans les 14 circuits du jeu répartis dans 5 environnements différents. Plusieurs armes sont accessibles et il est possible de ramasser des bonus le long du chemin. Le plus rapide et le plus féroce l'emportera.
Microcosm (USA)	Microcosm sur 3DO est un jeu d'action à la première personne qui se déroule dans un univers futuriste. En l'an 2051, deux compagnies se livrent une guerre sans merci pour le pouvoir suprême. Lorsque le président de l'une d'elle, Anton Korsby, se fait injecter un virus, le dernier recours est d'aller dans son corps pour détruire l'infection de l'intérieur. Le joueur devra retrouver son chemin tout en débarrassant les lieux des organismes malveillants et du virus qui domine le cerveau de Korsby.
Mind Teazzer (USA)	Le jeu est divisé en trois types de jeux de puzzle. Tout d'abord, le joueur choisit l'une des neuf pornstars féminines. Chaque actrice porno a une photo et un clip vidéo en rapport avec elle. Cette image peut être transformée en un puzzle, un puzzle coulissant ou un jeu d'allumettes à mémoire où lorsque chaque carte est appariée et disparaît, une plus grande partie de l'image de fond est révélée. Compléter l'une de ces trois énigmes déverrouille un clip pornographique softcore d'un film Vivid Video.
Mirai Shounen Conan - Digital Library (Japan)	Mirai Shounen Conan Digital Library est un disque multimédia présentant l'anime japonais « Future Boy Conan ». Les spectateurs peuvent regarder les épisodes de « Conan : le garçon du futur » via un menu de navigation, en sélectionnant des épisodes spécifiques de la série. Pour ceux qui sont curieux de connaître les personnages, les lieux, les véhicules, les armes et bien d'autres choses encore, il y a une section Encyclopédie, bien qu'elle soit entièrement en japonais. Le disque comprend également deux mini-jeux : Patapata, une version simplifiée d'une machine à sous où les joueurs doivent reconstituer trois fragments d'images différentes, et Puzzle, un jeu de puzzle coulissant traditionnel où les joueurs disposent des tuiles pour former une image complète sur une grille de 4x4.
Montana Jones (Japan)	Le jeu raconte l'histoire de Montana Jones, un chasseur de trésors globe-trotter, et de ses compagnons, Melissa Sone et Alfred Jones. Ensemble, ils explorent des lieux exotiques, découvrent des artefacts anciens et affrontent des chasseurs de trésors rivaux et d'autres adversaires dans leur quête de richesse. En son cœur, &quot;Montana Jones&quot; est une aventure graphique point-clique, ponctuée de cinématiques animées rappelant la série télévisée originale. Entre les segments d'aventure, les joueurs participent à une variété de mini-jeux.
Moon Cradle - Igyou no Hanayome (Japan)	Moon Cradle est un jeu d'aventure qui utilise la vidéo en prise de vue réelle pour les cut-scenes et une perspective isométrique fixe pour le jeu proprement dit. Le joueur contrôle directement le personnage tandis que des actions telles que « chercher », « parler » ou « utiliser » sont présentées dans un menu.
Murphy da yo Zen'in Shuugou!! (Japan) (En,Ja)	Murphy Dayo Zenin Zenin Shuugou ! est un jeu japonais assez inhabituel. Il est dédié aux lois de Murphy, les lois dites de la méchanceté. Ce qui veut dire que s'il y a la moindre chance que quelque chose tourne mal, alors ça tournera certainement mal. Encore plus inhabituel, les graphismes du jeu qui sont dessinés dans le style des images MS Paint.
Myst (USA)	Vous venez de tomber sur un livre des plus intrigants, un livre intitulé Myst. Vous n'avez aucune idée de son origine, de son auteur ou de son ancienneté. En lisant ses pages, vous n'avez qu'une description superbement élaborée d'un monde insulaire. Mais ce n'est qu'un livre, n'est-ce pas ? Alors que vous arrivez à la fin du livre, vous posez votre main sur une page. Soudain, votre propre monde se dissout dans le noir, remplacé par le monde insulaire que les pages décrivaient. Maintenant, vous êtes ici, où que ce soit, et vous n'avez d'autre choix que d'explorer.
N.O.B. (Neo Organic Bioform) (Japan)	Capturé par une organisation corrompue, le joueur a été soumis à des tests qui l'ont transformé en un monstre. Pour retrouver sa forme humaine, le joueur doit explorer le centre de recherche et combattre d'autres mutants, les &quot;bioformes néo-organiques&quot;. Le joueur choisit l'une des sept formes possibles aux capacités et pouvoirs d'attaque personnalisables. Les déplacements se font à la première personne sur un système de grille. Les combats sont tactiques au tour par tour ponctués par des scènes animées. N.O.B. n'est sorti qu'au Japon et a été l'un des rares jeux publiés par Sanyo.
Naoko to Hide-bou - Kanji no Tensai 1 - Bushu-hen, Bushu no Namae ga Tanoshii Chou Kioku-hou (Japan)	Il s'agit d'un logiciel d'apprentissage du kanji conçu pour les élèves de l'école primaire de premier cycle. Il est conçu pour améliorer l'efficacité de l'apprentissage en offrant une expérience de lecture de type manga.
Naoko to Hide-bou - Sansuu no Tensai 2 - Hayasa no Bunshoudai Tsuukasan Part I (Japan)	Deuxième titre éducatif de Gakuman destiné aux enfants, celui-ci enseigne les bases de l'arithmétique en se concentrant sur le temps et la distance. Les joueurs doivent résoudre des questions telles que le nombre de minutes nécessaires pour que des trains de vitesses différentes se dépassent lorsqu'ils partent de différentes gares sur la même ligne droite.
Nemurenu Yoru no Chiisana Ohanashi (Japan)	Nemurenu Yoru no Chiisana Ohanashi (traduit par &quot;Petites histoires pour des nuits blanches&quot;) est un jeu d'aventure adapté aux enfants et inspiré de l'animation originale du même nom. Le récit est centré sur Neko-kun, un chat vivant sur une île pittoresque aux côtés de compagnons animaux et humains. L'histoire se déroule alors que Neko-kun rencontre une petite étoile tombée sur Terre et cherche à l'aider à se remettre de ses blessures.
NeuroDancer - Journey into the Neuronet! (USA)	Naviguez sur le NeuroNET en piratant le monde interdit du mystère sombre, du danger et de la sensualité. Utilisez votre VidFone et OrbCAM pour obtenir suffisamment de crédits pour interagir avec les NEURODANCERS sensuels qui parcourent les réseaux informatiques à la recherche de participants volontaires. Un voyage interactif dans un royaume où vos désirs sont exaucés.
NFL Madden Football (Japan)	John Madden Football est un jeu de football américain sur 3DO. Choisissez parmi 28 équipes de la saison 92-93 ainsi que 8 équipes de légende. Le jeu propose les classiques modes de jeu : pré-saison, saison, mort-subite et playoff. John Madden en personne fera part de son expérience pour commenter tous les matchs.
Nice Body - For Professional Use (Japan)	Ce jeu est une simple simulation de machine à sous, avec de belles filles qui attendent le gagnant. Réussirez-vous à les dépouiller toutes ?
Night Trap (USA, Europe) (Disc 1)	Night Trap sur 3DO est un jeu d'aventure qui se déroule comme un film interactif. Le joueur incarne un agent du S.C.A.T. et doit protéger 5 jeunes filles d'une horde de vampires à l'intérieur d'une maison. Il faut tendre un maximum de pièges et surveiller en permanence l'action à l'aide des caméras de surveillance pour arrêter les buveurs de sang. De vrais acteurs sont présents pour les scènes cinématiques du jeu.
Nishimura Kyoutarou Travel Mystery - Akugyaku no Kisetsu - Tokyo ~ Nanki-Shirahama Renzoku Satsujin Jiken (Japan) (Disc 1)	Tard dans une nuit de mi-juillet, un jogger est retrouvé mort, un trait d'arbalète lui transperçant le cœur. Vous incarnez l'inspecteur en chef Totsukawa, un détective fictif créé par Kyoutarou Nishimura, un auteur japonais de romans policiers. La victime semble vivre dans un appartement voisin, et après avoir vérifié la scène du crime et rassemblé des indices, parler aux témoins et à la personne qui a trouvé le corps sera la prochaine étape logique. Le gameplay repose sur des icônes qui vous permettent d'écouter ce que les autres ont à dire, de parler aux témoins et aux suspects et d'enquêter sur les événements. Au début de chaque journée, vous commencez par une réunion pour discuter de ce que vous avez découvert jusqu'à présent avec vos subordonnés et décider quoi faire et où aller ensuite. Chaque jour progresse au fur et à mesure que vous vous déplacez d'un endroit à l'autre, vous laissant un nombre limité de lieux que vous pouvez visiter avant la fin de la journée. Il est donc de la plus haute importance de suivre les indices et de déterminer quelle est la meilleure chose à faire ensuite pour résoudre le crime.
Nobunaga no Yabou - Haouden (Japan)	Nobunaga no Yabou est un jeu de stratégie militaro-historique. Vous êtes transporté dans le Japon médiéval du XVIe siècle, un pays déchiré par des seigneurs de guerre qui se disputent les provinces. Incarnez Oda Nobunaga, l'un des samouraïs les plus célèbres du Japon, qui a consacré sa vie à unifier cette nation orientale. Trois scénarios sont disponibles : 1551 - l'ascension de Nobunaga, 1568 - la campagne contre Kyoto, et 1582 - la mort de Nobunaga.
Nontan to Issho - Hoshi no Okurimono (Japan)	Nontan To Issho - Hoshi No Okurimono est le deuxième jeu ludo-éducatif de la série Nontan to Issho, destiné aux enfants d'âge préscolaire. Le jeu consiste principalement en des mini-jeux qui sont conçus pour enseigner diverses compétences aux jeunes joueurs.
Nontan to Issho - Nohara de Asobo (Japan)	Le premier volet de la série Nontan to Issho est un jeu ludo-éducatif conçu pour les enfants d'âge préscolaire. Mettant en vedette l'adorable chat Nontan et ses amis, le jeu propose trois mini-jeux différents. Grâce à des séquences animées interactives, les jeunes joueurs apprennent à lire l'heure, à reconnaître les saisons et à compter. Le jeu offre une expérience visuellement attrayante, permettant aux enfants de comprendre ces concepts sans avoir besoin de savoir lire.
Nova-Storm (Japan)	Novastorm sur 3DO est un shoot'em up spatial dans lequel le joueur pilote son vaisseau alors que la caméra est en vue de dos. Le but est de détruire tous les ennemis qui se présentent tout en évitant les différents obstacles de l'environnement.
Novastorm (USA)	Novastorm sur 3DO est un shoot'em up spatial dans lequel le joueur pilote son vaisseau alors que la caméra est en vue de dos. Le but est de détruire tous les ennemis qui se présentent tout en évitant les différents obstacles de l'environnement.
Oceans Below (USA)	Expérience de plongée multimédia - 17 sites de plongée en tout avec des séquences vidéo originales et une narration plus des photos couleur, de la musique, des graphiques et du texte Explorez les Caraïbes, la côte californienne, la mer Rouge, Hawaï, le Pacifique Sud, l'Australie, la mer de Cortez et les Galapagos Plus de 200 segments vidéo, plus de 125 photographies couvrant la vie animale et végétale sous-marine, les épaves d'avions, les épaves de navires et plus Découvrez des reliques spectaculaires du passé en découvrant certains des 68 trésors engloutis cachés tout au long du programme.
Off-World Interceptor (USA, Europe)	Vous incarnez un Trashman, un chasseur de primes payé pour capturer une racaille criminelle qui se cache dans un monde extraterrestre dur. Votre travail consiste à conduire le chef du crime ennemi jusqu'au bout, en faisant exploser ses sbires en cours de route. Faites sauter ou roulez trop lentement et le patron s'en va. Mais si vous arrivez au point de contrôle, vous bloquez l'évasion du boss et le piégez sur la planète.Vous pouvez améliorer votre véhicule avec l'argent de vos primes. Vous pouvez également affronter un copain dans le mode deathmatch en écran splitté. La caractéristique la plus unique d'Off-World Interceptor est le scénario, qui est raconté en full-motion vidéo, standard pour l'époque mais tourné en ridicule par la célèbre série Mystery Science Theater 3000.
Olympic Games (Europe) (Demo)	Olympic Games est un jeu de sport sur 3DO. Le titre vous propose de vous exercer aux nombreuses épreuves olympiques des jeux d'Atlanta, de 1996. Athlétisme, natation, tir... Différents modes de jeu vous attendent afin de voir si vous avez vos chances de décrocher l'or Olympique.
Olympic Soccer (USA) (En,Fr,De,Es,It)	Alors que les tournois de Football sont souvent minimisés, non seulement au sein du mouvement Olympique, mais aussi par la communauté du Football, en 1996, à l'occasion des jeux de la XXVIe Olympiade a Atlanta, US Gold a décidé de sortir un jeu focalisé justement sur les tournois.
Olympic Summer Games (USA)	Olympic Games est un jeu de sport sur 3DO. Le titre vous propose de vous exercer aux nombreuses épreuves olympiques des jeux d'Atlanta, de 1996. Athlétisme, natation, tir... Différents modes de jeu vous attendent afin de voir si vous avez vos chances de décrocher l'or Olympique.
Oneesan to Issho! Janken Paradise (Japan)	Onee-san To Isshoo! Shanken Paradise est un jeu vidéo japonais adulte de pierre, feuille, ciseaux.
Oneesan to Issho! Kisekae Paradise (Japan)	Dans Kise Kae Paradise, les joueurs incarnent un célibataire en quête de compagnie. Ils interagissent avec trois filles – Emi, Mai et Mari – pour tenter d'établir une relation. Pour initier la relation, les joueurs visitent la maison de la fille choisie et s'engagent dans un dialogue à choix multiples. La force de la relation dépend des choix de dialogue, les bons choix la renforçant et les mauvais la diminuant. De plus, les joueurs ont la possibilité de jeter un coup d'œil à la fille dans sa chambre, débloquant ainsi des clips vidéo érotiques en récompense.
Orbatak (USA) (Arcade CD-ROM)	Un prototype du jeu Orbatak, disponible uniquement en version arcade, pour la console 3DO. Orbatak est un jeu basé sur le temps dans lequel le joueur contrôle des sphères pour combattre d'autres sphères.
Oukoku no Grand Chef (Japan)	Oukoku no Grand Chef est un jeu de rôle, publié par Sara International, qui est sorti au Japon en 1996. Ce jeu est un RPG classique entièrement en 3D.
Out of This World (USA)	Une nuit d'orage, Lester Chaykin, jeune chercheur en physique des particules, se rend à son laboratoire souterrain. Alors qu'il lance une expérience sur un accélérateur de particules, la foudre s'abat sur le laboratoire et détraque l'appareillage. Le chercheur est projeté dans un autre monde. Réapparaissant sur une terre étrangère à la faune hostile dont il arrive à s'extirper, il finit par tomber dans les geôles d'une espèce humanoïde intelligente. Dans cette sorte de camp de travail, il fait la rencontre d'un compagnon, avec l'aide duquel il s'échappera.
Outer World (Japan)	Une nuit d'orage, Lester Chaykin, jeune chercheur en physique des particules, se rend à son laboratoire souterrain. Alors qu'il lance une expérience sur un accélérateur de particules, la foudre s'abat sur le laboratoire et détraque l'appareillage. Le chercheur est projeté dans un autre monde. Réapparaissant sur une terre étrangère à la faune hostile dont il arrive à s'extirper, il finit par tomber dans les geôles d'une espèce humanoïde intelligente. Dans cette sorte de camp de travail, il fait la rencontre d'un compagnon, avec l'aide duquel il s'échappera.
Oyaji Hunter Mahjong (Japan)	L'Oyaji Hunter a pour mission de sauver les jolies filles des hommes indécents. L'histoire est présentée avec des cinématiques animées. Les combats proprement dits entre Oyaji Hunter et ses adversaires prennent la forme de matchs de Mahjong. Si le joueur obtient un score plus élevé au cours d'un tour, il a la possibilité de faire un mini-jeu de hasard qui vous permet de multiplier le score, ce qui détermine le montant des dégâts que vous infligez à votre adversaire.
Paddock Note '95 (Japan)	Paddock Note '95 est une simulation de course de cheveaux. Vous pouvez suivre la course a l'écran.
Panzer General (USA, Germany)	Le temps de ressusciter les événements historiques est arrivé. Panzer General a été l'un des premiers jeux (si ce n'est le premier) à vous donner la possibilité de jouer pour le compte des nazis et à réussir là où Hitler a échoué. Ayant un contrôle complet et total sur les unités terrestres, navales et aériennes, vous devez vaincre les chiens alliés aussi vite que possible (pour obtenir une victoire majeure) ou plus lentement que dans l'histoire (pour obtenir une victoire mineure).
PaTaank (USA, Europe)	Si vous avez déjà pensé à ce que cela fait d'être la balle dans un flipper, jouer à Pataank peut vous en donner une idée. Au lieu d'actionner les flips, le joueur contrôle la boule ou, dans PaTaank, un palet en forme d'ovni autour de trois tables différentes. Les tables sont nommées Surf Room, Luv Room et Disaster Room et elles sont connectées les unes aux autres via Nexus.Le joueur peut choisir de jouer sur une des tables ou en mode MetaGame, en séquence. Chaque salle a un objectif et en mode MetaGame, le joueur doit atteindre cet objectif pour pouvoir passer à la pièce suivante via le Nexus.
Pebble Beach Golf Links (USA, Korea)	Pebble Beach Golf Links sur 3DO est un jeu de golf dans lequel six joueurs peuvent s'affronter. 7 modes de jeu sont présents parmi lesquels un mode Tournoi et Match simple. Le mode Stratégie propose d'être aidé par un pro du golf: Craig Stadler. Il est également possible de créer son propre joueur et d'aller ensuite affronter l'ordinateur sur les parcours du jeu.
Penthouse Interactive - Virtual Photo Shoot Vol. 1 (Japan)	Vous êtes un photographe qui veut travailler pour Penthouse. Composez des images sexy idéales pour votre portfolio et ensuite, si vous êtes embauché, procédez à la prise de vue photo de votre vie !
Perfect General, The (USA)	Ce jeu de stratégie militaire implique l'Armée Bleue combattant l'Armée Rouge. Le jeu contient à la fois un mode Campagne et un mode Tournoi. En mode Campagne, le joueur se bat à travers différentes cartes en accomplissant des missions. Le joueur donne un certain montant d'argent à dépenser pour l'achat de troupes et de véhicules. Une fois que les unités sont placées sur la carte, le joueur reçoit un tour où il peut déplacer ses unités et tirer sur toute force adverse. Le mouvement se fait sur une grille hexagonale. Le mode Tournoi est l'équivalent d'un mode d'exposition. Le joueur peut choisir de jouer contre l'ordinateur, un autre joueur, ou même simplement regarder l'ordinateur jouer lui-même. Dans ce mode, le joueur a également la possibilité de définir certains paramètres et de choisir sur quelle carte il veut se battre. Il y a aussi un jeu bonus qui est comme une version 8 joueurs de Bomberman avec des tanks.
Perfect World - Combat in a Digital World (Japan)	Dans le futur, l'humanité a été réduite en esclavage dans une simulation de réalité virtuelle connue sous le nom de Perfect. Cette simulation est contrôlée par une entité connue sous le nom de Perfect1 qui doit être détruite afin d'arrêter le système. Vous êtes l'Immercenaire numéro cinq, et c'est votre mission.A partir d'un laboratoire secret, vous vous connectez à la simulation qui vous envoie à un endroit dans Perfect connu sous le nom de Jardin. Chaque entité dans le jeu a un certain rang qui détermine ses capacités offensives et défensives. Vous commencez à 255, le rang le plus bas, et devez monter en grade pour battre Perfect1, qui détient le rang numéro 1. Pour ce faire, vous détruisez les Rithms de rang supérieur, comme on appelle les autres entités du jeu. Pour dépasser certains rangs, il faut détruire des Rithms uniques qui sont haut placés dans la Hiérarchie Parfaite.
Peter Frankl - Puzzle no Tou (Japan)	Dans Peter Frankl : Puzzle no Tō, les joueurs explorent la mystérieuse rue Frankl et rencontrent des artistes de cirque qui les défient avec des énigmes en échange de performances animées. Les joueurs naviguent dans la rue en vue a la première personne, en participant à des mini-jeux en temps réel. Le jeu propose des astuces limitées et la possibilité de sauter des énigmes pour ceux qui recherchent de l'aide ou un rythme plus rapide.
PGA Tour 96 (USA) (RE-1)	PGA Tour 96 est un jeu de golf sur 3DO. Le joueur peut choisir parmi 10 joueurs pros de la PGA (Professional Golfers' Association) dont les swings ont été reproduits. Trois parcours complets de 18 trous sont disponibles et plusieurs modes de jeu s'offrent au joueur, dont un mode Tournoi. Un mode Entraînement répond également présent pour parfaire son drive.
Phoenix 3 (USA)	Phoenix 3 sur 3DO est un jeu d'action qui comprend deux phases à la jouabilité bien différente. La première moitié du jeu se présente comme un jeu d'action traditionnel tandis que la deuxième moitié propose un jeu de combat spatial en 3D. L'histoire se déroule sur la planète Galearth, menacée par les extraterrestres nommés Gral. Le joueur incarne Derek Freeman qui doit trouver une arme capable de contrer les Gral. Des scènes cinématiques filmés parsèment le jeu.
Plumbers Don't Wear Ties (USA)	John est un plombier qui cherche l'amour. Il travaille dans la maison de Jane qui a des problèmes avec son père. Il a toujours eu beaucoup de succès avant. Plumbers Don't Wear Ties est une simulation de rencontre interactive. Après une introduction vidéo, les joueurs sont soumis à des photographies de diverses personnes et des lieux tandis que la voix des personnages explique la situation. Parfois, Jean pourra choisir sa prochaine action, à partir d'une liste de choix à des endroits clés de l'intrigue. Si John réussit, il entrera dans une relation amoureuse avec Jane. Si ce n'est pas le cas, les deux seront séparés.
PO'ed (USA, Europe)	PO'ed est un jeu de tir à la première personne sur 3DO. Le joueur incarne Ox un chef cuisinier à bord d'un vaisseau dont l'équipage s'est fait anéantir par des extraterrestres. Armé d'une poêle à frire comme première arme Ox, devra se frayer un chemin dans le vaisseau pour détruire cette menace. Le jeu offre également la possibilité de s'équiper d'un jet pack pour se déplacer dans les airs.
Policenauts (Japan) (Disc 1)	Un jour, au cours d'une patrouille de routine sur Beyond Coast, quelque chose arrive à la combinaison spatiale de Jonathan. Il est aspiré dans l'espace et présumé mort. Mais vingt-cinq ans plus tard, il est miraculeusement découvert dans sa capsule de sauvetage... vivant. Il a toujours l'air d'un jeune homme, mais en réalité, il a 55 ans. Pour tenter d'oublier son passé, Jonathan ouvre une agence d'investigation sur Terre. Son ex-femme (qui s'est remariée pendant ces vingt-cinq ans) lui rend visite et lui demande de retrouver son mari disparu. Lorsqu'elle quitte le bureau, sa voiture explose et elle meurt. Déterminé à répondre à sa dernière requête, Jonathan se prépare à retourner à Beyond Coast...
Policenauts - Pilot Disk (Japan)	Un jour, au cours d'une patrouille de routine sur Beyond Coast, quelque chose arrive à la combinaison spatiale de Jonathan. Il est aspiré dans l'espace et présumé mort. Mais vingt-cinq ans plus tard, il est miraculeusement découvert dans sa capsule de sauvetage... vivant. Il a toujours l'air d'un jeune homme, mais en réalité, il a 55 ans. Pour tenter d'oublier son passé, Jonathan ouvre une agence d'investigation sur Terre. Son ex-femme (qui s'est remariée pendant ces vingt-cinq ans) lui rend visite et lui demande de retrouver son mari disparu. Lorsqu'elle quitte le bureau, sa voiture explose et elle meurt. Déterminé à répondre à sa dernière requête, Jonathan se prépare à retourner à Beyond Coast...
Powers Kingdom (Europe)	Guardian War est un jeu de rôle sur 3DO. Le joueur se retrouve dans la peau d'un gardien golem dont le but est de lutter contre les forces maléfiques d'un puissant seigneur nommé Azrael. Au fur et à mesure de l'aventure, le golem en rencontrera d'autres qui se joindront à sa cause et l'épauleront dans de nombreux combats au tour par tour.
Pretty Soldier SailorMoon S (Japan)	Bishojou Senshi Sailor Moon S (Pretty Soldier Sailor Sailor Moon S) est un jeu de combat 2D sur 3DO, avec neuf Sailor Senshis et basé sur la saison Sailor Moon S. Chaque Justicière a un coup spécial. La scène d'introduction combine des sprites 2D avec une animation 3D.
Primal Rage (USA, Europe)	Primal Rage sur 3DO est un jeu de combat se situant dans un monde post-apocalyptique. Une météorite a frappé la Terre de plein fouet et un grand chaos en résulte. Sept Dieux des temps anciens se réveillent et souhaitent prendre le contrôle de la planète. Combattez avec des personnages aussi originaux que des singes géants ou des dinosaures pour sauver le monde.
Princess Maker 2 (Japan)	Dans Princess Maker 2, le joueur joue le rôle du père de la fille bénie du ciel. Au cours des huit prochaines années, le père l'éduquera et la guidera sur le chemin qu'il choisira lui-même.
Pro Stadium (Japan)	Pro Stadium sur 3DO est une simulation de baseball assez classique.
Pro Yakyuu Virtual Stadium - Professional Baseball (Japan)	Utilisant les mécanismes du Triple Play 96 d'EA, Pro Yakyū Virtual Stadium : Professional Baseball offre une expérience authentique avec de vrais joueurs et stades de la ligue. Les joueurs peuvent profiter de différents modes, notamment les matchs d'exhibition, les matchs de saison et les séries éliminatoires. Les joueurs peuvent également créer leur propre joueur de baseball et l'utiliser dans le jeu ou affronter quatre amis.
Psychic Detective (USA) (Disc 1)	Psychic Detective sur 3DO est un jeu d'aventure à la première personne qui se présente comme un film interactif. Vous êtes Eric Fox, un détective possédant des pouvoirs psychiques. Eric peut transposer sa conscience et ainsi voir et entendre à travers les yeux et les oreilles de quelqu'un d'autre. Cela permet de découvrir des indices pour l'enquête impossible à obtenir autrement. Le scénario offre plusieurs dénouements possibles.
Puppet Tale (Japan)	Dans Puppet Tale, les joueurs partent à l'aventure dans la peau d'une poupée renard qui prend vie dans un magasin de jouets. Envoyé à travers un portail dans une forêt lointaine, le renard rencontre divers habitants tout en cherchant sa place dans le monde. Grâce à un gameplay fluide comprenant des choix de dialogue et de l'exploration, les joueurs guident le renard dans un voyage à la découverte de lui-même.
Putt-Putt Goes to the Moon (USA)	Quand Putt-Putt visite l'usine de feux d'artifice, un morceau de patte de Pep l'emmène sur la lune. Une fois sur place, il doit assembler les pièces d'une fusée pour le ramener sur Terre avec Pep.
Putt-Putt Joins the Parade (USA)	Putt-Putt, une adorable voiture violette, veut se joindre au défilé Cartown. Mais, il doit d'abord gagner de l'argent pour un lavage de voiture, trouver un ballon, et obtenir un animal de compagnie (Pep, le chiot). Les enfants de 3 à 8 ans s'amuseront beaucoup à faire l'épicerie et à tondre la pelouse et apprennent de bonnes leçons comme attendre le feu vert avant de traverser la route. Chaque écran a une multitude de choses amusantes sur lesquelles cliquer.
Putt-Putt's Fun Pack (USA, Korea)	Une collection de jeux de réflexion inspirés des jeux Putt-Putt existants, y compris les dames, le flipper et le tic-tac-toe. Conçu comme un divertissement non violent pour les jeunes, pendant les jours de pluie.
Puzzle Bobble (Japan)	Bust-A-Move sur 3DO est un puzzle-game dont l'objectif est de détruire toutes les bulles à l'écran pour passer au niveau suivant. Pour ce faire, le joueur dispose d'un canon pour lancer les bulles, chaque rangée de trois de la même couleur disparaissant automatiquement.
Pyramid Intruder (Japan)	En l'an 2035, l'humanité découvre une pyramide géante sur la planète Mars. Elle s'avère avoir été créée par l'ancien peuple de Mu, dont la civilisation avancée avait été oubliée par la Terre, et qui contre-attaque suite à l'intrusion de l'humanité. Pyramid Patrol est un jeu de tir sur rail très traditionnel basé sur le FMV. Le portage 3DO, améliore le jeu original en passant d'une perspective à la première personne à une vue derrière le vaisseau afin de permettre d'esquiver les ennemis ; il ajoute également de nouveaux niveaux en 3D temps réel entre les niveaux originaux.
Quarantine (USA) (En,Fr,De,Es) (RE)	Dans Quarantine, vous jouez le rôle d'un chauffeur de taxi, désespéré de fuir la violente ville carcérale de Kemo. Livrer les passagers à leurs destinations, vous pourrez ainsi gagner de l'argent pour améliorer votre taxi et entreprendre des missions d'infiltration dans l'espoir de trouver un moyen de sortir. Un nombre impressionnant d'armes montées sur la cabine vous aidera à survivre.
Quarterback Attack (USA)	Quarterback Attack est un simulateur de quarterback professionnel (le joueur attaquant dans le football américain).
Real Pinball (USA)	Real Pinball est un jeu de flipper sur 3DO. 5 niveaux sont disponibles, chacun représentant un nouveau thème*. La jouabilité est extrêmement simple puisque les deux boutons de tranche de la manette servent à contrôler les flips alors que les autres touches servent à rajouter du crédit, lancer la bille ou encore faire tilter la machine.
Return Fire (USA)	Return Fire est un jeu de stratégie/action sur 3DO. Le joueur peut prendre le contrôle d'un des quatre véhicules disponibles (jeep, hélicoptère, tank ou véhicule lance-missiles). Il existe deux façons de remporter la victoire dans Return Fire. La première est de s'emparer du drapeau de l'adversaire et de le ramener dans son propre camp, la deuxième est simplement de détruire l'ennemi.
Return Fire - Maps O' Death (USA)	Ce jeu est un add-on pour l'original Return Fire avec plus de 100 nouveaux niveaux à choisir parmi une variété d'environnements, y compris les plages de sable massif, la guerre de l'eau et les zones fortement peuplées. Il supporte toujours deux joueurs pour la guerre en tête-à-tête et un système de mots de passe pour accéder aux niveaux.
Rise of the Robots (USA)	Rise of the Robots est un jeu de combat en 2,5D . On y incarne le cyborg Eco35-2, mi-homme mi-robot, créé par la société Electrocorp, afin de contrer la mutinerie qui se prépare dans leur usine de Metropolis 4, suite à la reprogrammation de certains robots en leur injectant le virus EGO, les rendant conscient de leur situation et donc agressif. Il faudra donc les affronter un par un dans des combats en duel pour arrêter cette rébellion. Le titre se voulait graphiquement révolutionnaire. Mais bien que les robots de combats sont assez jolis (avec des sprites 3D retranscrits dans un univers 2D), les décors ne sont qu'en 2D statique assez ternes. Aussi, l'animation en jeu est lente, voire assez &quot;lourde&quot; impactant directement la maniabilité. La lenteur de votre robot et la puissance des ennemis qui varie (au point que certains robots sont ultra puissants et vous atomisent en deux coups) rendent vite les combats déséquilibrés.
Road & Track Presents - OverDrivin' (Japan)	The Need for Speed est un jeu de courses de voiture sur 3DO. Choisissez votre voiture préférée, le jeu vous propose des bolides tels que la Dodge Viper, ou une Lamborghini mais aussi une Porsche ou une Ferrari. Certains circuits ne sont pas fermés et il suffit d'aller d'un bout à l'autre tout en évitant de se faire attraper par les forces de l'ordre. Car c'est aussi ça The Need for Speed, battre des records de vitesse et bien sûr éviter de se faire verbaliser pour cela !
Road & Track Presents - The Need for Speed (USA, Europe)	The Need for Speed est un jeu de courses de voiture sur 3DO. Choisissez votre voiture préférée, le jeu vous propose des bolides tels que la Dodge Viper, ou une Lamborghini mais aussi une Porsche ou une Ferrari. Certains circuits ne sont pas fermés et il suffit d'aller d'un bout à l'autre tout en évitant de se faire attraper par les forces de l'ordre. Car c'est aussi ça The Need for Speed, battre des records de vitesse et bien sûr éviter de se faire verbaliser pour cela !
Road Rash (USA)	Road Rash sur 3DO est un jeu de courses de motos dans lequel tous les coups sont permis pour franchir la ligne d'arrivée. Vous êtes en compétition avec 13 autres concurrents et deux choix s'offrent à vous : soit vous faites de votre mieux pour arriver en tête, soit vous utilisez les armes que vous possédez pour faire chuter les autres &quot;Road Rashers&quot;. 5 circuits sont disponibles avec leurs lots de forces de l'ordre, piétons et autres voitures à éviter.
Robinson's Requiem (USA)	Robinson's Requiem sur 3DO est un jeu d'aventure dans un contexte de survie. Alors que l'humanité a réussi à voyager dans l'espace à une vitesse supérieure à celle de la lumière, des explorateurs nommés &quot;Robinsons&quot; sont envoyés sur des planètes lointaines. Vous incarnez l'un de ces Robinsons, échoué sur une planète inconnu et vous rencontrez une jeune femme, dotée d'un pouvoir de télépathie, qui affirme pouvoir quitter cet endroit. A vous de survivre à ces conditions difficiles où le danger est
Royal Pro Wrestling - Jikkyou Live!! (Japan)	Avec plus de 30 lutteurs professionnels disponibles au choix, Natsume apporte l'expérience de lutte la plus riche en action jamais vue sur 3DO avec Royal Pro Wrestling !
Samurai Shodown (USA, Europe)	Samurai Shodown sur 3DO est un jeu de combat se déroulant au XVIIIème siècle au Japon. Le titre intègre des modifications par rapport aux classiques du genre telles que l'utilisation d'armes blanches, un système de zoom ainsi qu'une jauge POW se remplissant au fil du combat et débloquant des attaques puissantes.
San Diego Zoo Presents... The Animals!, The (USA)	Le jeu est divisé en 5 sections différentes qui se concentrent sur les bébés animaux, les informations sur les animaux, les habitats des animaux, les informations sur le zoo de San Diego lui-même et tout ce qui concerne la sauvegarde des animaux menacés d'extinction. Le contenu se compose de plusieurs clips vidéo, de fichiers audio, de photos et d'articles.
Sangokushi IV (Japan)	Romance of the Three Kingdoms IV : Wall of Fire (Sangokushi IV au Japon) est le quatrième épisode de la série Romance of the Three Kingdoms, un jeu de stratégie au tour par tour produit par Koei et basé sur le roman historique Romance of the Three Kingdoms.
Scramble Cobra (USA)	Scramble Cobra est un jeu 3d d'action en hélicoptère dans lequel le joueur prend le commandement d'un hélicoptère de combat Cobra, volant à travers différents champs de bataille, en utilisant ses mitrailleuses Vulcan et ses hydra-fusées pour détruire des chars ennemis, des hélicoptères et d'autres unités. Il y a dix missions en tout. Le joueur doit terminer chaque mission dans les délais impartis. Les missions consistent principalement à rechercher et à détruire des objectifs. Il propose également des vidéos d'actions pour raconter l'histoire et filmé à partir du point de vue du cockpit des hélicoptères.
Scramble Cobra - Premium Version (Japan)	Scramble Cobra est un jeu 3d d'action en hélicoptère dans lequel le joueur prend le commandement d'un hélicoptère de combat Cobra, volant à travers différents champs de bataille, en utilisant ses mitrailleuses Vulcan et ses hydra-fusées pour détruire des chars ennemis, des hélicoptères et d'autres unités. Il y a dix missions en tout. Le joueur doit terminer chaque mission dans les délais impartis. Les missions consistent principalement à rechercher et à détruire des objectifs. Il propose également des vidéos d'actions pour raconter l'histoire et filmé à partir du point de vue du cockpit des hélicoptères.
Seal of the Pharaoh (USA)	Seal of the Pharaoh est un jeu d'aventure sur 3DO. Mystères, pièges et combat en temps réel vous attendent dans l'ancienne Egypte. La prophétie est la clef. Des passages secrets existent - cachés dans les profondeurs des donjons. Combats et mystères vous emmènent dans une aventure enchantée.
Secre Fuumin no Omochabako (Japan)	Un croisement entre les titres &quot;Make My Video&quot; et &quot;Virtual Photographer&quot;, vous utilisez un éditeur de photos rudimentaire pour embellir des photos de modèles asiatiques et vous êtes ensuite noté pour vos efforts. Ce jeu est un créateur de pochettes de CD virtuelles.
Seimei Handan (Japan)	Seimei Handan est l'un des trois jeux uniques d'Ariadne qui s'orientent vers le divertissement plutôt que vers des expériences de jeu traditionnelles. Les joueurs se plongent dans le domaine de l'astrologie et de la cartomancie. Seimei Handan permet aux joueurs de saisir des noms ou des phrases significatives, et fournit des informations personnalisées basées sur les données saisies.
Sento Monogatari - Sono I (Japan)	Chizu Monogatari - Sono I est un jeu de simulation de tarot. Dans le jeu, le joueur peut indiquer sa date de naissance et connaître sa carte astrale ainsi que son avenir en matière de santé, d'affaires, d'amour et d'argent.
Sesame Street - Numbers (USA)	Ce jeu a pour but d'aider les enfants à acquérir des compétences de base en mathématiques telles que l'addition simple et l'apprentissage du calcul. Le joueur contrôle une étoile qui peut faire défiler des objets interactifs. La plupart des objets sur lesquels on clique donnent au joueur une courte séquence d'animation. Le jeu contient également des radios et des téléviseurs qui, une fois sélectionnés, permettent au joueur d'écouter des chansons et de regarder des clips animés de la série télévisée. Le jeu comprend plus d'une heure d'images de la série télévisée, y compris des chansons sur les chiffres. Il y a aussi un téléphone que le joueur peut utiliser pour appeler une marionnette et des livres qui lui sont lus. Il ya aussi quelques jeux qui peuvent être joués en visitant chaque résidence muppets.
Sewer Shark (USA, Europe)	Sewer Shark est un jeu de tir à la première personne sur 3DO. Dans le futur, les humains vivent dans des tunnels souterrains, mais malheureusement, ceux-ci sont infestés de ratigators (mi-rats, mi-alligators). Vous devez nettoyer cette vermine avec votre Shewer Shark, un petit vaisseau de combat.
Sex (USA)	Comment la politique de bureau et le sexe se mélangent-ils ? Laissez Nikki Dial, P.J. Sparxx et Crystal Wilder vous montrer comment elles ont progressé dans un monde d'hommes.
SHADOW - War of Succession (USA)	Le chef de S.H.A.D.O.W., la plus grande organisation criminelle du monde, a été sauvagement assassiné. De son vaste empire criminel, sept des meilleurs lieutenants du Roi de l'Ombre vont s'affronter. Le gagnant recevra le prix final : le droit d'être le prochain roi de l'ombre. Seule la mort attend les perdants. SHADOW : War of Sucession dans un jeu de combat avec de vrais combattants numérisés. Les personnages ont des mouvements spéciaux et des armes spécifiques à chacun. Ce jeu utilise des fonds 3D photoréalistes. Des scènes vidéo réelles, des centaines d'effets sonores numérisés et des voix réelles lui confèrent un niveau d'action incroyable.
SHADOW Warriors (Japan)	Le chef de S.H.A.D.O.W., la plus grande organisation criminelle du monde, a été sauvagement assassiné. De son vaste empire criminel, sept des meilleurs lieutenants du Roi de l'Ombre vont s'affronter. Le gagnant recevra le prix final : le droit d'être le prochain roi de l'ombre. Seule la mort attend les perdants. SHADOW : War of Sucession dans un jeu de combat avec de vrais combattants numérisés. Les personnages ont des mouvements spéciaux et des armes spécifiques à chacun. Ce jeu utilise des fonds 3D photoréalistes. Des scènes vidéo réelles, des centaines d'effets sonores numérisés et des voix réelles lui confèrent un niveau d'action incroyable.
Shanghai - Banri no Choujou - The Great Wall (Japan) (Rev 1)	Shanghai : Triple Threat sur 3DO est un jeu de Mah-Jong où le but est de retrouver les paires pour les faire disparaître. Ces pièces ne doivent pas être bloquées pour pouvoir être retirées. D'autres modes de jeu sont disponibles en plus de ce &quot;Classic Shanghai&quot; de même qu'un mode 2 joueurs.
Shanghai - Triple-Threat (USA)	Shanghai : Triple Threat sur 3DO est un jeu de Mah-Jong où le but est de retrouver les paires pour les faire disparaître. Ces pièces ne doivent pas être bloquées pour pouvoir être retirées. D'autres modes de jeu sont disponibles en plus de ce &quot;Classic Shanghai&quot; de même qu'un mode 2 joueurs.
Shelley Duvall's It's a Bird's Life (USA)	Joignez-vous à un groupe adorable de perroquets pour une odyssée dans la forêt tropicale amazonienne. Après un incendie dans leur maison de Los Angeles, les oiseaux s'envolent vers le sud à la recherche du paradis. Vous apprendrez à aimer Mowgli, Pearlie, Humpty et le reste du troupeau amical en volant et en partageant leurs nombreuses expériences passionnantes. Tout en appréciant l'histoire, explorez 60 scènes magnifiquement illustrées et animées pour jouer à de nombreux jeux, puzzles et autres activités interactives. Joignez-vous à nous pour chanter et en apprendre davantage sur la géographie mondiale, la forêt tropicale, les nuages et les oiseaux. Écrit et narré par Shelley Duvall, It's a Bird's Life est un plaisir sain pour toute la famille !
Shock Wave (USA) (RE1)	Shock Wave est un jeu de tir spatial futuriste sur 3DO. En 2019, des extraterrestres envahissent la Terre et détruisent toute force militaire. Le dernier espoir de l'humanité est le vaisseau Omaha, transportant des chasseurs F-177. En tant que jeune recrue, l'avenir de la planète est entre vos mains. A l'intérieur du F-177 vous pouvez détruire les aliens qui se présentent en utilisant des lasers ou des missiles.
Shock Wave - Operation JumpGate (USA, Europe)	Shock Wave : Operation Jumpgate est un jeu de tir spatial futuriste sur 3DO. Extension du premier Shockwave, cet épisode nous emmène 7 ans après la première invasion. Des aliens ont été détectés dans le système solaire et il ne tient qu'à vous de les arrêter. Cinq nouvelles missions vous emmèneront sur Mars, Jupiter, Saturne ou encore dans une ceinture d'astéroïdes. L'histoire est une nouvelle fois racontée à travers des cinématiques.
Shockwave 2 - Beyond the Gate (USA) (Disc 1)	Shock Wave 2 : Beyond the Gate est un jeu de tir spatial futuriste sur 3DO. Vingt ans après les évènements du premier opus, Shockwave 2 vous met dans la peau du Capitaine Flint du vaisseau Cortez, perdu dans une galaxie inconnue avec son équipage. Sa mission est de retrouver un objet qui leur permettra de rentrer. Trois types de vaisseaux sont disponibles au cours des missions et il est possible de les améliorer en y ajoutant des armes plus puissantes.
Shootout at Old Tucson (USA) (RE3) (Arcade CD-ROM)	Un jeu de tir qui se déroule à Tucson, en Arizona, au XIXe siècle.
Short Warp - Warp's Short Game Collection (Japan)	Le dernier jeu de WARP pour le 3DO était une collection de neuf mini-jeux. Seulement 10 000 exemplaires ont été imprimés, chacun numéroté et tamponné par Kenji Eno lui-même.
Slam 'n Jam '95 (USA, Europe)	Slam 'N Jam 95 est un jeu de basket sur 3DO. Choisissez votre équipe parmi celles des plus grandes villes américaines et faites un match simple ou jouez une saison entière. Ne vous laissez pas prendre le ballon et c'est à coup de dunks et de 3 points que vous vous hisserez jusqu'à la plus haute marche du podium.
Slayer (USA)	Advanced Dungeons & Dragons : Slayer est un jeu de rôle fantastique à la première personne basé sur les règles de la 2e édition d'Advanced Dungeons and Dragons. Le manuel de 58 pages fait immédiatement comprendre que les développeurs ne plaisantent pas. Même si vous n'étiez pas familier avec l'univers de D&D auparavant, rien ne vous empêche d'apprendre les règles, le bestiaire et de prendre la route. L'une des particularités du jeu est un générateur personnalisable des donjons du château, ce qui signifie qu'à chaque fois que vous commencez une nouvelle partie, de nouvelles aventures sont garanties, des recherches de reliques, des représailles contre des habitants effrayants et tout cela dans le même esprit.
SnowJob Starring Tracy Scoggins (USA) (Disc 1)	Meurtre. Drogues. Sexe. Des gangs. Armes à feu. Bienvenue à la Grosse Pomme. Vous vous appelez Jock LaMonte, un flic à la retraite de New York. Vous vivez paisiblement au Nouveau-Mexique quand vous découvrez que votre ex-petite amie, Lara Calabreze, assistante du procureur de la ville, est sur la liste des tueurs à gages d'un célèbre patron de la mafia qui ne s'appelle Snow Man. C'est à vous d'utiliser votre esprit, vos tripes et votre charme pour sauver Lara et faire disparaître le mal de New York. Snow Job est une aventure qui se joue à la première personne, avec la possibilité de voir à 360 degrés dans un monde photoréaliste avec la vidéo FMV. Vous devez résoudre des énigmes, converser avec de nombreux personnages et vous frayer un chemin dans les mini-jeux. Le gameplay se compose de trois écrans, un pour explorer l'environnement dans différentes directions à partir d'une position fixe, un inventaire et aussi une carte où apparaissent de nouveaux emplacements.
Soccer Kid (USA)	Tentez de récupérer le trophée de la Coupe du Monde 1994 que des extraterrestres ont volé. Vous incarnez un jeune fan de football qui élimine les ennemis en shootant son ballon sur eux. L'aventure emmène le héros dans différents pays, à commencer par l'Angleterre. Le garçon doit récupérer 11 cartes dans chacun des pays afin de retrouver les pièces du trophée.
Sotsugyou - Graduation - Final (Japan)	Quatrième jeu de la série Sotsugyō / Graduation, les joueurs sont à nouveau placés dans le rôle d'un professeur de japonais, chargé de guider cinq élèves tout au long de leur dernière année d'école et d'assurer l'obtention de leur diplôme. Grâce aux options du menu, les joueurs déterminent l'efficacité avec laquelle l'enseignant éduque les élèves. Le jeu propose des cours en classe, des sorties scolaires, des séances de sport et des pièces de théâtre. Le maintien de la discipline est crucial pour garantir que les progrès des filles restent sur la bonne voie.
Sotsugyou II Special - Neo Generation (Japan)	Ce jeu est le deuxième de la série des jeux Sotsugyou (le troisième étant Wedding Bell). Dans le jeu, le joueur joue le rôle d'un jeune professeur qui a obtenu un nouveau poste dans un prestigieux lycée privé pour filles (Tsinghua Girls High) et qui doit aider les filles à obtenir leur diplôme qui leur permettra d'aller à l'université. Le joueur peut choisir les activités qu'elles feront pendant la semaine, et il peut accompagner l'une d'entre elles à différents événements le week-end si les filles acceptent de sortir avec lui. En fonction des choix du joueur pendant le jeu, des statistiques des filles à la fin du jeu et de la relation qu'elles entretiennent avec le personnage du joueur, la fin du jeu sera l'une ou l'autre, puisque le jeu propose différentes fins.
Space Ace (USA)	La petite amie de Ace, la belle Kimberley a été enlevée par l'infâme Borf qui a aussi pour ambition de réduire la Terre et ses occupants à l'état d'esclavage grâce à un rayon laser qui transforme tout ce qu'il touche en bébé. Le sauvetage du monde commence avec Space Ace sur 3DO, un dessin animé interactif basé sur vos réflexes.
Space Hulk - Vengeance of the Blood Angels (USA)	Space Hulk : Vengeance of the Blood Angels sur 3DO est un jeu qui mélange tir à la première personne, action et stratégie. L'intrigue se déroule alors qu'une guerre fait rage entre les Imperial Terminator Chapters et les Tyranid Gene Stealers. Vous contrôlez jusqu'à 10 Terminators et leur donnez des ordres sur le champ de bataille. Lors des phases d'actions vous presserez la détente vous-même contre les Gene Stealers !
Space Pirates (USA)	Space Pirates sur 3DO est un jeu de tir à la première personne qui se joue comme un film interactif. Le joueur doit viser grâce à la croix directionnelle et abattre ses ennemis dans un décor de science-fiction. Plusieurs chemins peuvent être empruntés. Visez bien et vous en sortirez vivant.
Space Shuttle (USA)	Dans Space Shuttle, le joueur peut apprendre l'histoire du programme &quot;Space Shuttle&quot; de la NASA, comprenant l'Enterprise, le Discovery, l'Atlantis, le Columbia, le Challenger et l'Endeavor. Les joueurs peuvent apprendre leur histoire, y compris celle des astronautes, leurs missions et les résultats de celles-ci. Les joueurs peuvent également entraîner les astronautes, les envoyer dans l'espace et les regarder accomplir leur mission, mettant à profit leur entraînement. Le gameplay consiste en un jeu de tir à la première personne où le joueur peut entrer dans un satellite et, à l'aide de lasers montés, faire sauter des vagues de débris spatiaux.
Star Control II (USA, Europe)	Suite à la guerre en cours du premier jeu Star Control, l'Alliance a perdu. L'armada Ur-Quan traque systématiquement les races de l'alliance et les emprisonne sur leurs mondes d'origine, y compris la Terre. Cependant, inconnu des Ur-Quan, pendant la guerre, un petit vaisseau de recherche avait été perdu alors qu'il était envoyé dans un système stellaire lointain à la recherche de preuves de l'ancienne race des Précurseurs. Les survivants de cette équipe de recherche étaient tombés sur les commandes d'une usine de vaisseaux spatiaux et l'avaient utilisée pour construire un vaisseau de ravitaillement Precursor : l'un des plus grands vaisseaux de la galaxie. Il est temps pour ces Terriens de revenir sur Terre...
Star Control II - The Ur-Quan Masters (Japan)	Suite à la guerre en cours du premier jeu Star Control, l'Alliance a perdu. L'armada Ur-Quan traque systématiquement les races de l'alliance et les emprisonne sur leurs mondes d'origine, y compris la Terre. Cependant, inconnu des Ur-Quan, pendant la guerre, un petit vaisseau de recherche avait été perdu alors qu'il était envoyé dans un système stellaire lointain à la recherche de preuves de l'ancienne race des Précurseurs. Les survivants de cette équipe de recherche étaient tombés sur les commandes d'une usine de vaisseaux spatiaux et l'avaient utilisée pour construire un vaisseau de ravitaillement Precursor : l'un des plus grands vaisseaux de la galaxie. Il est temps pour ces Terriens de revenir sur Terre...
Star Fighter (USA, Europe)	L'an 3037. FedNet contrôle désormais la fédération et, pour tenter de gagner la confiance de la population après des décennies de corruption et de guerre, le FedNet Space Corps a été envoyé sur les planètes les plus éloignées pour écraser les petits seigneurs de la guerre qui y règnent encore. Après avoir été « convaincu » de les rejoindre pour un tour de service, vous êtes affecté à un groupe de pilotes d'élite dont le seul but est de tester les technologies les plus pointues.
Star Wars - Rebel Assault (USA, Europe)	Star Wars : Rebel Assault sur 3DO est un jeu d'action basé sur l'univers de La Guerre des Etoiles. Le joueur incarne Rookie one, un jeune fermier sur Tatooine qui vient de s'engager dans l'alliance rebelle et doit accomplir différents types de missions : destruction de vaisseaux, missions d'infiltration, etc.
Starblade (USA, Korea)	StarBlade sur 3DO est un jeu de tir vous mettant aux commandes d'un Geosword, un redoutable vaisseau spatial de combat. 10 missions durant, traversez la galaxie et réduisez en poussière la menace extraterrestre pour parvenir à rejoindre votre planète. Le joueur ne commande pas le vaisseau mais se contente de tirer sur tout ce qui bouge en suivant consciencieusement les conseils du wingman, son chef d'escadrille.
Stellar 7 - Draxon's Revenge (USA)	Gir Draxon est de retour !! Deux mille ans plus tard, l'humanité se bat contre un ancien ennemi. Gir Draxon, seigneur de l'empire Arcturan, est revenu avec un mystérieux Warplink capable de canaliser ses Death Cruisers depuis des mondes lointains. Vous et un prototype de véhicule d'assaut lourd (nom de code Raven) êtes entre la flotte d'invasion Arcturan et la destruction certaine du commandement Terrien.
Strahl (USA)	À Strahl, l'histoire se déroule dans un monde où la magie et les monstres parcourent le pays, terrorisant des villageois innocents. Le joueur prend le contrôle d'un jeune guerrier qui cherche à éliminer la source du mal et à ramener la paix et la tranquillité dans son pays. Le gameplay est identique à Space Ace, Dragon's Lair et Time Gal où le joueur appuie sur les boutons à un moment donné pour éviter les obstacles ou se battre contre des ennemis pour passer à l'écran suivant. Au fur et à mesure que le jeu avance, les changements du monde sont affichés tout au long du jeu en fonction des actions du joueur.
Striker - World Cup Special (Europe)	Striker : World Cup Special est un jeu de football sur 3DO. Le soft réunit vingt-quatre équipes nationales pour participer à la Coupe du Monde. Chaque joueur dispose de ses propres caractéristiques. Choisissez le meilleur joueur au bon moment, taclez, passez et tirez pour voir votre pays accéder à la gloire.
Super Real Mahjong P.V (Japan)	Super Real Mahjong PV est le cinquième volet de la populaire série de strip mahjong. Situé dans un lycée, les joueurs rencontrent trois filles pleines d'entrain - Mizuki, Aya et Akira - qui les défient à une partie de mahjong. Le mode de jeu principal propose des matchs de mahjong en tête-à-tête, où chaque tour terminé entraîne le retrait d'une partie des vêtements de la fille.
Super Real Mahjong PIV + Aishou Shindan (Japan)	Originaire des salles d'arcade, cet épisode de la série Super Real Mahjong place le joueur dans le rôle d'un membre d'un club de mahjong qui affronte trois adversaires féminines. Les tours gagnés par le joueur conduisent à des animations de déshabillage ; cependant, alors que la version micro-ordinateurs comporte une nudité explicite, les versions console sont censurées. Toutes les versions ont les mêmes adversaires, cinématiques et règles de jeu.
Super Street Fighter II Turbo (USA)	Super Street Fighter II Turbo sur 3DO vous lance dans l'arène pour cette nouvelle déclinaison de la saga de Capcom. Dans ce jeu de baston, vous retrouvez les combattants de légende, les boss jouables et 4 nouveaux personnages. Maîtrisez chacune des techniques propres à chacun dans ce titre à la jouabilité nerveuse et aux coups ravageurs.
Super Street Fighter II X - Grand Master Challenge (Japan)	Super Street Fighter II Turbo sur 3DO vous lance dans l'arène pour cette nouvelle déclinaison de la saga de Capcom. Dans ce jeu de baston, vous retrouvez les combattants de légende, les boss jouables et 4 nouveaux personnages. Maîtrisez chacune des techniques propres à chacun dans ce titre à la jouabilité nerveuse et aux coups ravageurs.
Super Wing Commander (USA)	Super Wing Commander sur 3DO est le remake de Wing Commander, un jeu d'action qui se déroule dans un univers futuriste. Le joueur incarne un jeune pilote dans la guerre contre les Kilrathi. Le jeu comprend les campagnes du premier opus ainsi que celles de son add-on. De nouvelles missions sont disponibles et tous les dialogues ont été digitalisés.
SuperModels Go Wild (USA)	SUPERMODELS GO WILD Accompagnez nos 5 Super Models pendant qu'ils font de la randonnée, du vélo et de la natation sur la magnifique côte californienne.
Supreme Warrior (USA) (Disc 1) (Fire & Earth)	Supreme Warrior sur 3DO est un jeu de combat qui se présente comme un film interactif. L'histoire se déroule en Chine ancienne et votre rôle est de protéger un masque magique. Le maléfique Wang Tu désire s'en emparer et il faudra vous battre contre ses troupes en faisant attention au timing, avant de l'affronter en duel.
Sword & Sorcery (Japan)	Lucienne's Quest sur 3DO est un jeu de rôle dans un univers de Fantasy. Le joueur dirige un groupe mené par la jeune Sorcière Lucienne dans le but d'arrêter le mage Death Shadow qui tente de détruire le monde. Les combats sont du type tour par tour dans ce jeu représenté en 3D. Un cycle jour/nuit permet à l'un des compagnons de Lucienne de se transformer en loup-garou.
Syndicate (USA)	Dans le futur, le monde est contrôlé par une poignée d'entreprises mondiales (syndicats). Vous êtes le directeur marketing (tueur à gages) de l'une de ces sociétés. Votre mission consiste à prendre le contrôle face aux concurrents. Il ne s'agit pas de diplomatie, mais de force brute et de contrôle physique. Progressez jusqu'au sommet de l'entreprise en menant à bien vos missions et en gérant l'argent que vous gagnez sur vos territoires.
T&E VR Golf - Devil's Course (Japan)	Le jeu se déroule sur un parcours de golf d'un autre monde très difficile. Il fait partie de la série True Golf Classics de T&E Soft, mais contrairement aux autres jeux de la série qui représentent des parcours de golf réels tels que Pebble Beach et Waialae Country Club , Wicked 18 dépeint un parcours de golf entièrement fictif.
T&E VR Golf - Masters - Harukanaru Augusta 3 (Japan)	Masters New : Harukanaru Augusta 3 est une simulation de golf et le troisième jeu de la franchise Harukanaru Augusta de T&E Soft. Comme ses prédécesseurs, il est officiellement approuvé par la compétition de golf du Masters Tournament et par le Augusta National Golf Club, où se déroule le Masters. Le jeu utilise des photos numérisées pour les golfeurs et les foules, ainsi que pour les menus et l'écran titre, pour un sens du réalisme. Le jeu produit également des effets météorologiques qui peuvent modifier le parcours.
T&E VR Golf - Pebble Beach no Hatou (Japan)	Pebble Beach Golf Links sur 3DO est un jeu de golf dans lequel six joueurs peuvent s'affronter. 7 modes de jeu sont présents parmi lesquels un mode Tournoi et Match simple. Le mode Stratégie propose d'être aidé par un pro du golf: Craig Stadler. Il est également possible de créer son propre joueur et d'aller ensuite affronter l'ordinateur sur les parcours du jeu.
T&E VR Golf - Waialae no Kiseki (Japan)	True Golf Classics : Waialae Country Club est un jeu de golf sur 3DO. Cet opus de la série True Golf Classics s'attarde sur le fameux parcours Hawaïen de Waialae, connu pour ses nombreux bunkers. Choisissez votre golfeur ainsi que son caddie et lancez-vous sur le green ! Un mode entraînement vous permet de vous familiariser avec les commandes du jeu et il est possible d'affronter un ami lors d'un match simple.
Taiketsu Rumiizu! (Japan)	Taiketsu! Rooms est un jeu d'arcade japonais amusant qui ressemble un peu à un mélange entre Bomberman et Pac-man. Quatre joueurs participent sur le terrain de jeu, essayant de se rincer avec un jet d'eau dans les égouts, pour cela, vous devez tourner les vannes des robinets. Parallèlement, des bonus et divers obstacles sont également disséminés à travers le niveau. Le gagnant est celui qui reste le dernier sur le terrain de jeu. Dans le mode passage, vous devez jouer dans cinq endroits différents, à la fin de chacun d'eux vous rencontrerez un boss. Mais ce jeu est plus destiné au passe-temps amusant entre quatre personnes. C'est l'un des rares jeux pouvant prendre en charge plus de 2 joueurs.
Takeru (Japan) (Rev 1)	Takeru - Letter of the Law est un jeu vidéo basé sur la série manga de Buichi Terasawa L'histoire du jeu et du manga suit le chasseur de primes shinobi (ninja) Takeru Ichimonji et son acolyte Bumbuku au pays de Yamato alors qu'ils combattent la méchante sorcière Kaganju pour sauver la princesse du Vent Hien et empêcher la résurrection de la reine Himiko.
Tanjou - Debut - Pure (Japan) (Rev A)	Le joueur joue le rôle d'un agent musical, chargé de nourrir trois stars potentielles. Il gère les horaires, équilibre l'entraînement et les loisirs et s'efforce de garder les filles heureuses tout en réduisant le stress. Après l'entraînement, il choisit les parcours professionnels de leurs filles, comme le mannequinat ou le spectacle. En compétition contre des agences rivales, il vise la réussite dans divers événements. La version 3DO, Debut Pure, comprend des événements supplémentaires comme des concours de costumes et des défilés de mode.
Tarot Uranai (Japan)	Tarot Uranai donne vie aux tirages de tarot grâce à de nombreux films FMV mélangés à des images de synthèse datant du début des années 90. Choisissez parmi trois entrées pour des lectures différentes : tarots traditionnels, aspects spécifiques de la vie tels que l'amour ou l'argent, ou accédez à une base de données de cartes de tarot.
Tetsujin (Japan)	Iron Angel of the Apocalypse sur 3DO est un jeu de tir à la première personne entrecoupé de scènes cinématiques faisant avancer l'intrigue. Le joueur est dans la peau de Tetsujin, un cyborg inventé par un savant fou pour détruire l'humanité. Tetsujin décide de se retourner contre son créateur et le jeu commence au moment où le robot se dirige vers le laboratoire du savant.
Tetsujin Returns (Japan)	Iron Angel of the Apocalypse : The Return sur 3DO est un jeu d'action à la première personne. L'histoire reprend peu après les événements du premier opus, dans lequel votre corps a été en partie détruit. Une mystérieuse corporation répondant au nom de SCR vous en donne un nouveau, cependant, vous n'avez aucune idée de ce qu'ils attendent de vous.
Theatre Wars - Goraku no Dendou (Japan)	Theatre Wars est un simulateur de gestion de théâtre excentrique. Répartis en plusieurs scènes, les joueurs sont chargés de diriger un théâtre et de monter d'étranges spectacles pour satisfaire différentes exigences. Les joueurs disposent d'un budget pour travailler, qui doit être consacré à la conception des décors, aux danseurs et à la sélection musicale. Si leur spectacle se déroule bien, les joueurs peuvent récupérer leur budget, voire davantage - mais si leur spectacle est mal évalué, ils feront faillite et pourraient même voir leur théâtre démoli pour construire un parking.
Theme Park (USA)	Dans Theme Park, le joueur doit gérer son parc d'attraction. Pour le développer, il doit faire venir un maximum de visiteurs souhaitant un parc divertissant mais propre. Pour cela, il est possible de construire bon nombre d'attractions, allant du château gonflable aux montagnes russes ... Le joueur peut aussi construire des magasins comme des vendeurs de boissons, frites, glaces ... Il devra alors gérer les prix, les stocks et d'autres paramètres. La recherche de nouvelles attractions et de nouveaux commerces est possible en investissant dans les recherches. On peut également rechercher de nouveaux décors (arbres, fleurs) ou des infrastructures (poubelles, toilettes...). La gestion du personnel est également de la partie, il faudra recruter des mécaniciens, des agents de sécurité, des animateurs et des agents de propreté. La qualité de leur travail dépendra bien entendu de leur rémunération.
Toki o Koeta Tegami (Japan)	Nous sommes en 1945. Jerry Randolph, une journaliste travaillant pour le journal de Chicago &quot;Daily Casablanca&quot;, trouve un journal appartenant à son amie de lycée May Elgar, disparue il y a plusieurs années dans des circonstances mystérieuses. Jerry découvre que le père de May travaillait sur un projet scientifique révolutionnaire. Trop tard pour sauver le Dr Elgar d'une mort prématurée, Jerry utilise une machine à voyager dans le temps qu'il a construite pour voyager jusqu'en 1916, en suivant les traces laissées par les criminels. Malgré son titre, le jeu n'a pas grand-chose à voir avec le célèbre film Casablanca au-delà de quelques références vagues. Il s'agit d'une aventure textuelle graphiques, dans laquelle le joueur tape des commandes pour interagir avec l'environnement. Plusieurs commandes utiles (notamment Look, Search, Take et Knock) sont accessibles directement via les touches de fonction.
Tokimeki Mahjong Paradise Special - Koi no Tenpai Beat (Japan)	Tokimeki Mahjong Paradise Special est un jeu de mahjong pour adultes.
Total Eclipse (USA)	Total Eclipse est un shoot'em up spatial sur 3DO. L'histoire se déroule en 2099, et le joueur se retrouve aux commandes d'un vaisseau spatial qui doit détruire tous les ennemis en vue. L'intrigue se dévoile entre chaque niveau à travers des cut-scenes.
Totsugeki Karakuri! Megadas!! (Japan)	Sur le terrain de Megadasu, le joueur choisit un type de robot parmi une sélection avec ses propres caractéristiques pour se battre contre d'autres robots. La bataille se déroule dans une vue en 3D, ce qui oblige le joueur à tirer et à charger l'adversaire à partir du bord du terrain. Chaque tour est rejoué pour résumer les performances de la bataille.
Touhaiden Akagi (Japan)	Touhaiden Akagi est un jeu de mahjong. Le jeu est basé sur le film japonais du même nom sorti en 1995. Le film est une adaptation du manga Akagi, écrit par Nobuyuki Fukumoto
Tower, The (Japan)	The Tower, connue sous le nom de SimTower sur d'autres plates-formes, est une simulation d'entreprise dans laquelle votre objectif est de construire un gratte-ciel qui non seulement doit être haut, posséder un attrait esthétique, une popularité et une rentabilité. Contrairement aux immeubles de bureaux ou résidentiels classiques, votre tour doit offrir une gamme diversifiée d'installations, des penthouses aux théâtres, des restaurants aux centres commerciaux, pour attirer et répondre aux besoins d'un large éventail de locataires.
Tozasareta Yakata (Japan)	L'histoire de Killing Time sur 3DO débute dans les années 30 quand Tess Conway, un passionné d'ancienne Égypte disparaît sans laisser de trace. Ce n'est que 60 ans plus tard qu'une mission est lancée pour mener l'enquête sur cette étrange affaire. La mission du joueur est donc de faire la lumière sur cette disparition, dans ce jeu de tir à la première personne.
Trip'd (USA, Europe)	Trip'd est un jeu de puzzle. Des œufs exotiques de plusieurs couleurs tombent et le joueur doit les disposer en une ligne de quatre de la même couleur pour pouvoir en disposer. Cependant, si des œufs de la même couleur sont disposés en carré, ils vont éclore et former un extraterrestre géant qui peut instantanément mettre fin au jeu pour le joueur. Les joueurs doivent terminer l'étape dans un délai déterminé ou empêcher les œufs d'atteindre le haut de l'écran, faute de quoi leur jeu se terminera.
True Golf Classics - Pebble Beach Golf Links (Europe)	Pebble Beach Golf Links sur 3DO est un jeu de golf dans lequel six joueurs peuvent s'affronter. 7 modes de jeu sont présents parmi lesquels un mode Tournoi et Match simple. Le mode Stratégie propose d'être aidé par un pro du golf: Craig Stadler. Il est également possible de créer son propre joueur et d'aller ensuite affronter l'ordinateur sur les parcours du jeu.
True Golf Classics - Waialae Country Club (Germany)	True Golf Classics : Waialae Country Club est un jeu de golf sur 3DO. Cet opus de la série True Golf Classics s'attarde sur le fameux parcours Hawaïen de Waialae, connu pour ses nombreux bunkers. Choisissez votre golfeur ainsi que son caddie et lancez-vous sur le green ! Un mode entraînement vous permet de vous familiariser avec les commandes du jeu et il est possible d'affronter un ami lors d'un match simple.
Twinkle Knights (Japan)	Twinkle Knight, est jeu de cartes dans lequel vos adversaires féminines perdent leurs vêtements si vous remportez une partie.
Twisted (Japan)	Semblable à la série de jeux &quot;Vous ne connaissez pas Jack&quot;, Twisted : the Game Show est un jeu de questions-réponses pour un maximum de 4 joueurs. Le jeu offre un mélange humoristique de personnages réels et de graphismes générés par ordinateur. Après une introduction du présentateur Twink Fizzdale, vous pourrez choisir le personnage qui vous représentera en regardant les clips vidéo des différents personnages qui vous supplieront de les choisir. En fonction de vos réponses à une variété d'énigmes, de mini-jeux et de questions, vous pouvez aller et venir sur le plateau de jeu.
Twisted - The Game Show (USA)	Semblable à la série de jeux &quot;Vous ne connaissez pas Jack&quot;, Twisted : the Game Show est un jeu de questions-réponses pour un maximum de 4 joueurs. Le jeu offre un mélange humoristique de personnages réels et de graphismes générés par ordinateur. Après une introduction du présentateur Twink Fizzdale, vous pourrez choisir le personnage qui vous représentera en regardant les clips vidéo des différents personnages qui vous supplieront de les choisir. En fonction de vos réponses à une variété d'énigmes, de mini-jeux et de questions, vous pouvez aller et venir sur le plateau de jeu.
Uchuu Seibutsu Flopon-kun (Japan)	Trip'd est un jeu de puzzle. Des œufs exotiques de plusieurs couleurs tombent et le joueur doit les disposer en une ligne de quatre de la même couleur pour pouvoir en disposer. Cependant, si des œufs de la même couleur sont disposés en carré, ils vont éclore et former un extraterrestre géant qui peut instantanément mettre fin au jeu pour le joueur. Les joueurs doivent terminer l'étape dans un délai déterminé ou empêcher les œufs d'atteindre le haut de l'écran, faute de quoi leur jeu se terminera.
Ultraman Powered (Japan)	Ultraman Powered: The Ultimate Hero où vous incarnez Ultraman, un héro presque inconnu chez nous mais très populaire au Japon et qui est le fondateur du genre des super sentai, comme Bioman ou Power Rangers. Dans ce jeu de combat à 1 contre 1, vous devez vous battre contre des monstres ou des dinosaures controlés par l'IA ou par un adversaire humain. Il y a 2 modes: un mode Versus et un mode Histoire.
V Goal Soccer '96 (Japan)	6 ligues, 42 équipes, soyez prêt pour le plus grand match de foot de votre vie !
Virtual Cameraman Part 1 - Naomi Sawada & Anna Juri (Japan)	En assumant le rôle d'un photographe, le joueur dialogue et prend des photos avec les modèles Sawada Naomi et Juri Anna. Lors d'une séance photo, le joueur doit essayer de capturer des photos de bonne qualité pour les médias.
Virtual Cameraman Part 2 - Natsumi Kawai & Kimi Tachihara (Japan)	En tant que photographe médiatique, l'objectif du joueur est de réaliser des interviews et des séances photo avec les mannequins Kawai Natsumi et Tachihara Kimi. Afin d'assurer le succès des séances photos, le joueur doit essayer de capturer de bonnes photos.
Virtual Cameraman Part 3 - Yumika Sugimoto (Japan)	Le joueur, en tant que photographe, part en tournée avec Sugimoto Yumika dans divers endroits pour réaliser des interviews et des séances photo avec la jeune fille. Il est important de choisir les bonnes options de dialogue et de prendre de bonnes photos d'elle.
Virtual Cameraman Part 4 - Shiori Fujitani (Japan)	Dans Virtual Cameraman Part 4 : Toya Shiori, les joueurs jouent le rôle d'un photographe qui voyage avec la mannequin Toya Shiori dans un certain nombre d'endroits tout en l'interviewant et en la prenant en photo. Le joueur doit choisir de bonnes réponses lors des interviews et de bonnes photos pendant que Toya pose.
Virtual Cameraman Part 5 - Yuri Andou (Japan)	Le joueur part en voyage en tant que photographe avec la jeune mannequin Anzo Ari dans divers endroits où ils réalisent des interviews et des séances photo.
Virtual Horror - Norowareta Yakata (Japan) (En,Ja)	Escape from Monster Manor sur 3DO est un jeu de tir à la première personne. Les forces du mal se sont répandues sur la Terre et seul le Talisman Sacré peut repousser ces hordes de zombies, fantômes et autres créatures démoniaques. Il faut entrer dans un manoir lugubre et rassembler toutes les pièces du Talisman durant les 12 niveaux que propose le jeu pour espérer sauver l'espèce humaine des morts-vivants.
Virtual Puppet Reika (Japan)	Virtual Puppet Reika est un jeu de musique, développé par Kuki et publié par h.a.n.d. Inc, qui a été libéré au Japon en 1994. Une variété de logiciels interactifs de la publication unique de Reika. Sur ce logiciel, vous pouvez créer votre propre clip vidéo et jouer à de nombreux contenus interactifs concernant le single.
Virtual Quest - Pharaoh no Fuuin (Japan)	Seal of the Pharaoh est un jeu d'aventure sur 3DO. Mystères, pièges et combat en temps réel vous attendent dans l'ancienne Egypte. La prophétie est la clef. Des passages secrets existent - cachés dans les profondeurs des donjons. Combats et mystères vous emmènent dans une aventure enchantée.
Virtuoso (USA)	La musique et la réalité virtuelle sont vos seules échappatoires dans un monde devenu fou. Transformez-vous en superstar du rock dans une quête virtuelle en 3D où la planète rouge en colère, Mars, attend votre arrivée. Ou entrez dans une maison hantée étrange avec des spectres qui lui sont propres. Plongez-vous dans notre biosphère sous-marine, mais attention, les récifs qui vous attendent présentent de nombreux dangers. Des vidéoclips et une bande-son de hard rock ont ouvert la voie à cette aventure cyberfantastique à couper le souffle !
VR Stalker (USA, Korea)	Dans un futur proche, les Etats-Unis ont été attaqué par une mystérieuse menace. Après que New York et Los Angeles aient été détruites, un groupe d'Américains ont formé un réseau de résistance secret pour répliquer, par l'intermédiaire d'un simulateur de réalité virtuelle, qui vous permet de contrôler les avions de chasse et ainsi éviter les pertes humaines lors des combats aériens. Vous êtes recruté pour ramener l'ordre et la paix aux Etats-Unis, votre nom de code est : Stalker.
Waialae Country Club (USA, Canada)	True Golf Classics : Waialae Country Club est un jeu de golf sur 3DO. Cet opus de la série True Golf Classics s'attarde sur le fameux parcours Hawaïen de Waialae, connu pour ses nombreux bunkers. Choisissez votre golfeur ainsi que son caddie et lancez-vous sur le green ! Un mode entraînement vous permet de vous familiariser avec les commandes du jeu et il est possible d'affronter un ami lors d'un match simple.
Way of the Warrior (USA)	Way of the Warrior est un jeu de combat sur 3DO qui propose de vrais combattants digitalisés pour l'occasion sur des environnements en 3D. Le joueur devra triompher des neuf guerriers les plus puissants du monde au cours d'un tournoi, avant d'affronter un dragon et ainsi devenir le grand champion.
Who Shot Johnny Rock (USA)	Nous sommes dans les années 30 et quelqu'un a assassiné le populaire chanteur Johnny Rock. Le joueur va devoir arpenter les bas fonds de la ville, les salles de jeu, et autres endroits peu recommendables, afin de dénicher des indices détenus par des personnages douteux, et résoudre cette mystérieuse affaire. Ce jeu est bourré d'action !
Wicked 18 (USA)	Le jeu se déroule sur un parcours de golf d'un autre monde très difficile. Il fait partie de la série True Golf Classics de T&E Soft, mais contrairement aux autres jeux de la série qui représentent des parcours de golf réels tels que Pebble Beach et Waialae Country Club , Wicked 18 dépeint un parcours de golf entièrement fictif.
Wing Commander III - Heart of the Tiger (USA) (Disc 1)	Wing Commander III : Heart of the Tiger est un jeu d'action sur 3DO se déroulant dans un univers de science-fiction. Comme pour les précédents opus, Wing Commander III se présente comme un mélange entre des phases de batailles spatiales à bord de vaisseaux et des phases de cinématiques racontant l'histoire avec des acteurs en chair et en os. La guerre contre les Kilrathi se présente mal pour la Confédération, son vaisseau phare, le Concordia est détruit.
Winning Post (Japan)	Winning Post est une simulation de course hippique sur 3DO. Prenez votre fier destrier et amenez-le dans les compétitions les plus prestigieuses. Suez à grosses gouttes en assistant aux différentes courses et faites appel à votre sens des affaires dans la partie gestion que propose le titre.
Wolfenstein 3D (USA)	Wolfenstein 3D est un jeu d'action à la première personne révolutionnaire et acclamé par la critique, qui a donné naissance au genre FPS moderne. La Seconde Guerre mondiale fait rage. Les nazis prévoient de créer une armée de mutants impossible à arrêter. Lors d'une mission visant à voler ses plans secrets, vous avez été capturé et emprisonné. Un coup de chance vous permet de vous échapper, mais un labyrinthe de passages et des nazis à la gâchette facile vous barrent la route.
Woody Woodpecker and Friends - Volume One (USA) (RE-1)	Woody Woodpecker et ses amis contient 26 minutes de vidéo animée en 4 courts métrages.
Woody Woodpecker and Friends - Volume Three (USA)	Troisième et dernier volume de Woody Woodpecker et ses amis contenant 26 minutes de vidéo animée en 4 courts métrages.
Woody Woodpecker and Friends - Volume Two (USA)	Second volume de Woody Woodpecker et ses amis contenant 26 minutes de vidéo animée en 4 courts métrages.
World Cup Golf - Hyatt Dorado Beach (USA, Europe)	World Cup Golf emmène le joueur au parcours de golf Hyatt Dorado Beach de Puerto Rico, en choisissant parmi une multitude de golfeurs fictifs ou de créer le votre, en 18 parties de golf. Vous avez le choix entre 15 types de tournois, des skins, des médailles et des écuries pour n'en nommer que quelques-uns. Les joueurs peuvent également pratiquer leur swing sur le practice. Les joueurs peuvent également personnaliser les conditions météorologiques ainsi que choisir parmi une pléthore de prises de vue, y compris la &quot;Ball Cam&quot; qui suit la balle jusqu'à son emplacement. Comme de nombreux jeux de golf, un compteur est utilisé pour déterminer la précision et la puissance du swing des joueurs et comporte également des commentaires en jeu.
World Cup Special (Japan)	Striker : World Cup Special est un jeu de football sur 3DO. Le soft réunit vingt-quatre équipes nationales pour participer à la Coupe du Monde. Chaque joueur dispose de ses propres caractéristiques. Choisissez le meilleur joueur au bon moment, taclez, passez et tirez pour voir votre pays accéder à la gloire.
Yakyuuken Special, The (Japan)	Jouer au Yakyuken, une version érotique du pierre-papier-ciseaux où le perdant doit enlever ses vêtements, avec de jolies jeunes filles japonaises.
Yamada Kamachi Bijutsukan - Kamachi's Museum (Japan)	Le jeu est basé sur le vrai musée d'art Yamada Kamachi de Takasaki. Le joueur fait une visite autoguidée du musée en vue 3D. Dans chaque pièce, le joueur peut pivoter selon des angles et des positions limités pour regarder les expositions et interagir avec les objets. Les expositions comprennent des peintures et des croquis, qui peuvent être examinés de près pour plus d'informations.
Yamamura Misa Suspense - Kyoto Kurama Sansou Satsujin Jiken (Japan) (Disc 1)	Kyouto Anba Sansou Satsujin Jiken est un jeu d'aventure et de meurtre basé sur les écrits de Misa Yamamura, un auteur japonais de romans policiers. La protagoniste de l'histoire est Akiko Sonoyama, une pigiste qui se retrouve au milieu d'un meurtre mystérieux après que le fils de l'hôte est mort pendant le dîner juste après avoir bu du vin. Le jeu utilise des vidéos et des acteurs en direct et montre le protagoniste à la troisième personne pendant l'enquête, comme d'autres jeux de cette époque, tels que The Beast Within ou Phantasmagoria 2. Pendant le jeu, les vidéos en plein écran apparaissent au centre de l'écran avec une fenêtre environnante montrant diverses icônes d'action et la progression du jeu. Alors que le personnage du joueur apparaît pendant les cut-scenes et les dialogues, la navigation dans l'environnement se fait à la première personne. Pendant les dialogues, le joueur dispose d'une liste de questions qu'il peut poser, les réponses étant un ensemble de vidéos en direct de certains personnages s'adressant au joueur. 15 ans après la sortie du jeu 3DO, le remake PSP portant le même titre est sorti. La principale différence réside dans le fait que les acteurs ont été supprimés et que les personnages ont été remplacés par des silhouettes. L'interface du jeu a été modifiée pour ressembler à un roman visuel mystérieux, mais avec des actions sélectionnables telles que parler ou s'informer, ce qui fait que le jeu ressemble moins à un roman visuel typique qu'à un roman visuel classique.
Yu Yu Hakusho (Japan)	Yu Yu Yu Hakusho est un jeu de combat basé sur la franchise anime du même nom. Développé par &quot;Tomy&quot;, il était exclusif au Japon et comprend des scènes d'anime colorées. Le jeu a 15 combattants différents et les personnages ont été dessinés par la même société qui a fait l'anime. Malheureusement, elle a été critiquée par la presse.
Yuujou Densetsu - The Doraemons (Japan)	Doraemon Yuujou Densetsu est un jeu d'aventure, développé et publié par Shogakukan, qui est sorti au Japon en 1995. Doraemon, le protagoniste principal, est en mission pour découvrir pourquoi une petite troupe de Doraemon internationaux ont fait des émeutes dans la ville locale.
Zhadnost - The People's Party (USA, Europe)	Bienvenue à Zhadnost, le &quot;jeu le plus populaire sur la télévision d'Etat de Bizzarnian&quot; ! Bizzarnia, une petite nation communiste, a kidnappé des candidats pour son jeu télévisé préféré et les joue les uns contre les autres pour lutter pour leur liberté. Vous pourrez jouer à des mini-jeux tels que Propaganda et Eye Spy. Essayez de forcer vos adversaires à jouer à des jeux plus difficiles et de découvrir des secrets sur leurs personnages.
