#key	synopsis
3D Atlas (USA)	3D Atlas ist ein Lerntitel, der 3D-Grafiken auf zwölf verschiedenen Arten rotierender Globen, Zeitraffer-Videosequenzen, Animationen, die Veränderungen auf dem Planeten wie die Zerstörung der Ozonschicht zeigen, und mehr bietet. Es enthält ein sogenanntes „herausforderndes Quiz“. namens „Around The World“, das von ein bis drei Spielern gespielt werden kann. Jeder Spieler stellt sich in seinem Zug einer Runde mit fünf Fragen. Jede Frage hat einen bestimmten Zeitpunkt und ist eine bestimmte Anzahl an Punkten oder Flugmeilen wert, dieser Wert nimmt jedoch mit der Zeit ab. Wenn eine Runde beendet ist, zeigt das Spiel ein humorvolles Video eines Transportmittels, normalerweise eines frühen Flugzeugs. Wenn alle Spieler ihre Runde beendet haben, zeigt das Spiel eine Darstellung der Erde und wie weit die Spieler mit ihren gesammelten Flugmeilen gereist sind. Die Fragen basieren offensichtlich auf der Geographie und den Ländern der Welt. Die Identifizierung einer NATO-Flagge ist eine häufig gestellte Frage, ebenso wie das Erkennen eines Landes anhand eines Bildes seiner Landschaft oder eines lokalen Marktes. Auch die Kenntnis von Hauptstädten und wichtigen Exportgütern hilft. Das Quiz endet, wenn ein Spieler eine komplette Erdumrundung gemacht hat . Die Anzeigetafel zeigt keine hohen Punktzahlen an, da eine Reise um die Erde immer die gleiche Distanz hat, sondern zeigt den Prozentsatz der richtig beantworteten Fragen an.
Agi Gongnyong Goldie (Korea)	Agi Gongnyong Goldie ist ein südkoreanisches Edutainment-Spiel, das Abenteuer, Lerninhalte und kindgerechte Animationen miteinander verbindet. Hauptfigur ist Goldie, ein neugieriger kleiner Dinosaurier, der in einer bunten Welt voller Rätsel, Musik- und Reaktionsspiele unterwegs ist. Ziel ist es, spielerisch Wissen zu vermitteln – etwa Farben, Zahlen oder logisches Denken – eingebettet in kurze Geschichten und interaktive Szenen. Die Steuerung ist einfach gehalten, sodass auch jüngere Spieler problemlos durch die handgezeichneten Umgebungen navigieren können. Typisch für viele 3DO-Produktionen bietet das Spiel reichlich vertonte Dialoge, charmante Musik und farbenfrohe FMV-Zwischensequenzen. Agi Gongnyong Goldie gilt heute als seltenes Beispiel für koreanische 3DO-Software und als liebevoll gemachtes Lernabenteuer, das den pädagogischen Anspruch mit der Ästhetik der 90er verbindet.
AI Shougi (Japan)	AI Shogi (AI将棋) ist ein Brettspiel Simulator für den 3DO. Es bietet die möglichkeit Shogi, auch Japanisches Schach genannt, gegen eine K.I. zu spielen.
Alone in the Dark (USA)	Jeremy Hartwood hat in seinem Anwesen in Louisiana namens Derceto Selbstmord begangen. Sie übernehmen entweder die Rolle von Edward Carnby, einem Privatdetektiv, oder von Emily Hartwood, Jeremys Nichte, und untersuchen den verdächtigen Tod. Das dreistöckige Herrenhaus soll angeblich von seinem exzentrischen früheren Besitzer heimgesucht werden, und sehr schnell merken Sie, dass es wirklich so ist. Verdrehte Ratten, Zombies und Riesenwürmer gehören zu den Feinden, die hinter Ihnen her sind, und Sie müssen irgendwie entkommen. Alone in the Dark ist ein Action-Adventure-Survival-Horror-Spiel. Die Aktion wird aus einer Reihe von festen Blickwinkeln dargestellt. Die Hintergründe sind zweidimensionale gemalte Bilder, während der Spielercharakter, alle Gegenstände und Monster als dreidimensionale Modelle gerendert sind.
Alone in the Dark 2 (USA)	In Alone in the Dark 2 übernehmen Sie die Rolle des Detektivs Edward Carnby, einer der beiden Hauptfiguren im Original Alone in the Dark. Carnby wird nun beauftragt, einen Schmuggler namens One Eyed Jack zu untersuchen, nachdem ein alter Detektivkollege namens Stryker Jack die Entführung der jungen Grace Saunders zuschreibt. Stryker versucht, Jacks heruntergekommenes Herrenhaus in Hell's Kitchen zu infiltrieren und das Mädchen zu retten, verschwindet jedoch selbst. Hier kommt Carnby ins Spiel. Carnby lernt bald, dass Jack und seine Gangster wirklich Piraten aus dem 15. Jahrhundert sind, die nach Jacks Zusammenarbeit mit Elizabeth Jarret, einer Voodoo-Hexe, Unsterblichkeit erlangten. Die dunkle Magie, die sie unsterblich hält, erfordert jedoch auch regelmäßige menschliche Opfer (was die Entführung von Grace erklärt).
Another World (Europe)	Another World (bekannt als Out of This World in den U.S.A. und Outer World in Japan) ist ein Action-Adventure-Spiel, das von Eric Chahi entworfen und entwickelt wurde und den Spieler in die Rolle eines rothaarigen Physikers versetzt, der auf einem fremden Planeten gefangen ist. Das Spiel beginnt, als ein Blitz das Labor von Lester Chaykin trifft, der Experimente durchführt. Die Explosion projiziert den jungen Wissenschaftler in eine besonders feindliche Parallelwelt. Lester wird schnell von einer humanoiden Spezies eingesperrt und trifft auf einen notdürftigen Begleiter.
Aqua World - Umi Monogatari (Japan)	Aqua World - Umibi Monogatari ist ein Spiel, das den Spieler einlädt, das Leben und den Lebensraum in den Tiefen des Meeres zu entdecken und mehr darüber zu lernen.
Armageddon (Korea)	Armageddon ist ein Action-Spiel, das erstellt wurde, um mit dem gleichnamigen animierten Film von 1996 zu korrespondieren. Du kannst zwischen der First- und der Third-Person-Perspektive wechseln, während du ein Raumschiff steuerst, um die Invasoren zurückzudrängen. Das Schiff bewegt sich automatisch vorwärts und muss Hindernissen ausweichen und Feinde im Weltraum zerstören. Im First-Person-Modus bewegst du das Schiff, um das Fadenkreuz auszurichten und eingehende Objekte wie Asteroiden oder Feinde zu beschießen. In der Third-Person-Ansicht hast du etwas mehr Kontrolle, da du das Fadenkreuz bewegen kannst. Gelegentlich erscheinen Power-Ups, die zahlreiche Fähigkeiten wie Elektrobomben verleihen. Wie alle LG 3DO-Spiele ist Armageddon äußerst selten. LG hatte ursprünglich auch einen PC-Port des Spiels angekündigt, ist aber dem Versprechen nie nachgekommen.
AutoBahn Tokio (Japan)	Autobahn Tokio ist ein Rennspiel, das nur in Japan für 3DO veröffentlicht wurde. Die Spieler können aus vier unbenannten Autos mit unterschiedlichen Eigenschaften wählen, die lose auf echten Automodellen basieren. Es gibt drei Strecken - eine Stadt bei Nacht, eine Küstenautobahn und eine Waldstrecke. Die Spieler treten gegen einen CPU-Gegner an und versuchen, in der kürzest möglichen Zeit Checkpoints zu erreichen. Sowohl automatische als auch manuelle Getriebe stehen für jedes Auto zur Verfügung. Die Autos können nicht abgestimmt werden, und es gibt keine Zwei-Spieler-Option. Trotz der Veröffentlichung nur in Japan sind alle Menüs und Spieltexte auf Englisch.
Bakushou!! All Yoshimoto Quiz-ou Ketteisen (Japan)	Bakushou!! All Yoshimoto Quiz-Ou Ketteisen ist ein Spiel der Kategorie &quot;Miscellaneous&quot;, das von TOSE entwickelt und von Yoshimoto Kogyo veröffentlicht wurde. Es wurde 1995 in Japan veröffentlicht.
Ballz - The Director's Cut (World) (En,Ja)	Ballz: The Director's Cut ist eine verbesserte Version des Genesis- und SNES-Spiels Ballz 3D: Fighting at its Ballziest. Wie beim Original handelt es sich um ein 3D-Kampfspiel, bei dem alle Charaktere aus Bällen bestehen. Jeder Charakter hat seine eigenen Animationen und Combos. Im Einzelspieler-Modus musst du zuerst gegen alle spielbaren Charaktere kämpfen, danach gibt es eine Vielzahl von Endbossen wie einen Tyrannosaurus, Känguru, Skorpion, Strauss und Bullen. Jeder Boss hat einen einzigartigen Kampfstil und eine Schwachstelle. Im Mehrspielermodus kannst du gegen Freunde kämpfen.
Battle Blues (Korea)	Das rundenbasierte Strategiespiel/RPG, das von einem Team namens Shin's Deko entwickelt wurde, war ein weiteres koreanisches 3DO-Exklusivspiel, das LG vorangetrieben hat, und deshalb auch eines der seltensten Spiele seiner Zeit.
Battle Chess (USA)	Battle Chess ist ein ziemlich typisches Schachspiel mit einer kleinen Besonderheit: Alle Figuren werden durch kleine, realistische Figuren dargestellt, die auf dem Schachbrett herumlaufen, und wenn eine Figur eine andere schlägt, nehmen beide an einem animierten Kampf teil. Für jede Situation gibt es eine andere Animation, je nachdem, welche Figur schlägt und geschlagen wird. Sie können auch in 2D ohne Animation spielen. Die Eröffnungsbibliothek des Spiels umfasst 30.000 verschiedene Bewegungen, um sicherzustellen, dass sich eine Vielzahl von Spielen in den 10 Schwierigkeitsstufen entfalten. Die Multiplayer-Unterstützung kann auf die Wiedergabe über Modems und / oder serielle Schnittstellen ausgeweitet werden.
Battle Pinball (Japan)	Bei Battle Pinball handelt es sich um eine ausschließlich in Japan veröffentlichte Version, in der Spieler in einem Wettbewerb gegen den Computer oder einen anderen Spieler antreten, indem sie Pinball spielen. Die Spieler wählen einen von vier Charakteren aus, die jeweils einen eigenen Flipper-Tisch haben. Das Spiel wechselt dann in eine Split-Screen-Ansicht, in der beide Spieler ihren jeweiligen Tisch spielen und versuchen, eine höhere Punktzahl als ihr Gegner zu erreichen. Weitere Optionen umfassen einen Einzelspieler-&quot;Story&quot;-Modus, in dem der Spieler einen Charakter auswählt und gegen die anderen drei kämpft. Der Gewinn gibt einen charakterspezifischen CG-Sieg-Film. Spieler können auch im Turniermodus gegen mehrere Gegner antreten (mit einer maximalen Anzahl von zwei Spielern gleichzeitig). Wie bei Real Pinball ist der Blickwinkel festgelegt und kann nicht geändert werden.
BattleSport (USA)	Battlesport simuliert den Sport der Zukunft. Wählen Sie Ihr Fahrzeug und betreten Sie die Arena, um gegen Ihre Computergegner anzutreten und zu sehen, wer die meisten Tore erzielt, bevor die Zeit abläuft. Das Punkten ist nicht einfach. Der Ball springt ständig über die Arena und wird von einem Spieler zurückgeholt, der ständig von Gegnern bombardiert wird. Eine Vielzahl von Waffen steht zur Verfügung, um Ihren Konkurrenten zu beschießen, und jeder, der einen Treffer beim Tragen des Balls einsteckt, verliert den Besitz und lässt den Ball über die Arena springen. Zu viele Treffer zu kassieren führt dazu, dass man vorübergehend nicht am Spiel teilnehmen kann, während der Gegner fröhlich Tore erzielt. Das Gewinnen von Spielen erhöht das Ranking und den Erwerb von Geld, um ein besseres Fahrzeug und verbesserte offensive oder defensive Gegenstände zu kaufen.
BC Racers (USA, Europe)	BC Racers ist ein Kart-Rennspiel mit Charakteren aus der Chuck-Rock-Serie von Core Design. Jeder der Fahrer in diesem Spiel fährt ein prähistorisches Motorrad mit Beiwagen. Auf jedem Zwei-Personen-Team fährt eine Person das Motorrad und die andere bekämpft Gegner mit Keulen, Schlägen, Tritten usw. Die Grafik in BC Racers besteht aus einer flachen Landschaft, die mit skalierten Sprites dekoriert ist, um die Strecke und die Landschaft zu gestalten.
Belzerion (Japan)	Belzerion ist ein Science-Fiction-Abenteuerspiel im Point-and-Click-Stil, das von Human exklusiv für den Mac in Japan im Jahr 1993 entwickelt und veröffentlicht wurde. Das Spiel wurde später auf den 3DO portiert und am 16. Dezember 1994 exklusiv in Japan veröffentlicht. Diese Version überarbeitet die First-Person-Erkundungs- und Kampfsegmente, indem sie es den Spielern ermöglicht, in Echtzeit durch Umgebungen zu navigieren und in einer gesperrten Perspektive zu kämpfen (ähnlich dem Arcade-Spiel The Super Spy von 1990).
BFS - Blue Forest Story (Japan)	Blue Forest Story spielt in einer mittelalterlichen Fantasiewelt, die vom mächtigen Empire kontrolliert wird. Tatsächlich gibt es im Spiel zwei Geschichten mit zwei verschiedenen Charakteren, die in verschiedenen Provinzen des Empire leben. Der Junge Wallace führt ein friedliches Leben mit seiner Familie in einem ruhigen Dorf; das Mädchen Rakjit erlebt Verfolgung und Tod ihrer Mutter und schließt sich einer Widerstandsbewegung an, die sich auf Magie spezialisiert hat. Die Wege der beiden jungen Menschen werden schließlich zum selben Ziel führen - der Befreiung der Welt; wann und wie es erreicht wird, bleibt jedoch unklar... Das Spiel spielt größtenteils wie ein traditionelles japanisches RPG aus der Vogelperspektive. Sowohl Wallace als auch Rakjit sammeln schließlich eine Gruppe, die die Welt bereist, verschiedene Orte besucht und die Geschichte in einer überwiegend linearen Art und Weise vorantreibt. Das Auftreten zufälliger Feinde löst einen Kampfbildschirm aus, der aus einer isometrischen Perspektive betrachtet wird. Das Kampfsystem ist ziemlich altmodisch, mit physischen und magischen Angriffen; Der Fortschritt der Stufen erfolgt automatisch, wie in den meisten Spielen des Genres.
Blade Force (USA)	Im Jahr 2110, in der Stadt Meggagrid, die einst als Los Angeles bekannt war, triffst du auf Dr. Grubert, einen sehr prominenten Erfinder, der von einer Explosion, die von einer Verbrecherfamilie namens The Pitt Family verübt wurde, gelähmt wurde. Er gibt dir einen Anzug namens Helipak Flight Suit, um zurückzuschlagen und die Kriminellen in der Stadt zu besiegen und die Pitt Family festzunehmen, um Frieden in die Stadt zurückzubringen. Mit einem Arsenal von neun verschiedenen Waffen und zwanzig Power-Ups fliegst du durch sieben Ebenen der Stadt mit sechs Freiheitsgraden.
Blonde Justice (USA)	Hinter den Kulissen eines Stripclubs steht eine Tänzerin vor Todesdrohungen. Ist es ein Rivale? Ein besessener Fan? Eine aufregende Mischung aus Sex, Intrigen und Besessenheit.
Blood Angels (Japan)	Space Hulk: Vengeance of the Blood Angels auf 3DO ist ein Spiel, das Ego-Shooter, Action und Strategie vereint. Die Handlung entfaltet sich, während ein Krieg zwischen den Imperialen Terminator-Orden und den Tyranid Gene Stealers tobt. Du kontrollierst bis zu 10 Terminatoren und erteilst ihnen auf dem Schlachtfeld Befehle. Während der Aktionsphasen drückst du selbst den Abzug gegen die Gene Stealers!
Bonogurashi (Japan)	Bonogurashi Kore von Kanpeki Disu ist eine Mischung aus einem Abenteuerspiel, da der Spieler Gegenstände verwenden kann, um im Spiel voranzukommen, und einem Simulationsspiel, da der Spieler seinem Charakter Nahrung geben oder ihn schlafen lassen muss, um seine Gesundheit wiederherzustellen. Während des Spiels muss der Spieler verschiedene Aktionen mit den Tieren ausführen, um eine bessere Beziehung zu ihnen aufzubauen.
BrainDead 13 (USA) (Disc 1)	In Braindead 13 übernimmt der Spieler die Rolle eines jungen Computerexperten, der eines Tages gerufen wird, um einen Computer in einem gruseligen Schloss zu reparieren und sich in kürzester Zeit in Schwierigkeiten befindet. Es liegt am Spieler, die komplexen Bewegungen eines interaktiven Films zu nutzen, um aus dem Schloss zu entkommen. Dieses animierte Abenteuer basiert im Wesentlichen auf der Einschätzung des Spielers, in welche Richtung der Charakter gehen könnte, und wenn der Spieler falsch rät, führt dies zum Tod.
Burning Soldier (USA, Korea)	Das Spiel ist ein First-Person-Weltraumshooter, ähnlich wie Shock Wave und Total Eclipse, bei dem der Spieler die Kontrolle über einen hochmodernen Strike-Fighter in Missionen übernimmt, die von dem Asteroidengürtel bis zum finalen Kampf auf der Erdoberfläche reichen. Dies geschieht alles in dem Versuch, die Kaisertianer (die den Aliens aus den Alien-Filmen ähneln) daran zu hindern, die Menschheit zu zerstören. Das Gameplay ist sehr einfach. Der Spieler verwendet das Steuerkreuz, um einen Cursor auf dem Bildschirm zu bewegen und auf das Ziel zu richten, wo die Waffen abgefeuert werden sollen, und die Haupttasten, um die beiden Hauptwaffen der Wahl, ein Laser-Vulkan-Kanone und ein Blast Smash, der automatisch auf einfliegende Feinde ausgerichtet wird, abzufeuern. Allerdings gibt es im Gegensatz zu anderen First-Person-Weltraumshootern für den 3DO keine Möglichkeit, das eigentliche Schiff zu steuern, da seine Bewegung auf einer vorbestimmten Strecke verläuft und nicht manuell abweichen kann. Die Geschichte wird durch CGI-Kinos erzählt.
Bust-A-Move (USA)	Puzzle Bobble (oder Bust-A-Move) ist der Nachfolger des klassischen Bubble Bobble. Dein Ziel in jedem Level ist es, farbige Blasen zu zielen und abzuschießen, um 3 Blasen derselben Farbe zu sammeln und sie verschwinden zu lassen. Das Spiel enthält einen Modus für zwei gleichzeitige Spieler, in dem jeder versucht, als Erster alle Blasen zu zerstören.
Cannon Fodder (USA)	In diesem Top-Down-Action/Strategie-Hybrid muss der Spieler ein Team von bis zu vier Soldaten durch 72 Level führen. Das Spiel kann als Mischung aus Lemmings, Commando und Dune 2 betrachtet werden. Die Charaktere werden indirekt über die Maus gesteuert, indem man sie markiert und mit der linken Maustaste an eine bestimmte Stelle bewegt oder mit der rechten Maustaste feuert. Der Spieler kann auch Granaten aufnehmen, die verwendet werden können, um Gruppen von Feinden oder Gebäuden zu zerstören (durch Drücken beider Maustasten gleichzeitig).
Captain Quazar & BattleSport (Europe) (Demo)	Die Idee hinter Captain Quazar ist einfach: Kontrolliere den Captain aus einer 3/4-Überkopfansicht, töte die bösen Jungs und rette den Tag. Alles in dieser riesigen Galaxie kann weggeblasen werden, aber sei vorsichtig, wo du Chaos anrichtest, denn du musst deine Ressourcen verwalten, um zu überleben.
Captain Quazar (USA)	Die Idee hinter Captain Quazar ist einfach: Kontrolliere den Captain aus einer 3/4-Überkopfansicht, töte die bösen Jungs und rette den Tag. Alles in dieser riesigen Galaxie kann weggeblasen werden, aber sei vorsichtig, wo du Chaos anrichtest, denn du musst deine Ressourcen verwalten, um zu überleben.
Carrier - Fortress at Sea (USA)	Genießen Sie ein großartiges Abenteuer mit einem der größten und bekanntesten nuklearbetriebenen Flugzeuge. Die Menge an Informationen, die Sie erhalten, wird enorm sein und Sie werden eine Menge Spaß haben.
Casper (USA)	Casper auf 3DO ist die Adaption des 1995 erschienenen Films, der wiederum auf dem 1945 erschienenen Cartoon Casper, dem freundlichen Geist, basiert. Kat und ihr Vater kommen in einem alten Spukhaus an und lernen Casper und seine drei weniger freundlichen Onkel kennen. Casper, der es satt hat, allein zu sein, muss versuchen, Kat zu seiner Freundin zu machen. Dazu muss er das riesige Haus durchqueren und seine Onkel besiegen.
Chiki Chiki Machine Mou Race - Kenken to Black Maou no Ijiwaru Daisakusen (Japan)	Chiki Chiki Machine Mou Race est un jeu d'aventure, le jeu consiste à faire des paris sur l'issu d'une course de voiture, puis de regarder la vidéo de la course.
Chiki Chiki Machine Mou Race 2 - In Space (Japan)	Eine klare, handlungsgetriebene japanische Point-and-Click-/Rennsimulation, die auf dem klassischen Zeichentrickfilm Wacky Races basiert. Dieses Spiel wurde 1995 von Future Pirates entwickelt und veröffentlicht.
Club 3DO - Station Invasion (USA)	Club 3DO: Station Invasion ist ein pädagogisches Spiel, das als Spielshow präsentiert wird und für Kinder im Alter von 7 bis 14 Jahren konzipiert ist. Ihre Aufgabe ist es, der beste Produzent eines Fernsehsenders für Kinder zu sein. Wählen Sie aus fünf Hit-Shows: eine Sitcom, eine Spielshow, eine Talkshow, eine Seifenoper und ein Mystery-Abenteuer. Lösen Sie die Rätsel und Herausforderungen jeder Sendung, um höhere Einschaltquoten zu erzielen. Das Spiel bietet eine Mischung aus Computergrafiken und Live-Charaktervideos.
Corpse Killer (USA)	Corpse Killer ist ein Full-Motion-Video-Shoot-'em-up-Spiel. Du spielst als Elite-Soldat einer Spezialeinheit, der mit dem Fallschirm auf einer abgelegenen tropischen Insel landet. Es scheint, als hätte der böse Genie Dr. Hellman einen Weg gefunden, die Toten wiederzubeleben und eine Insel voller Zombies erschaffen. Es liegt an dir, dich durch die untoten Horden zu kämpfen und Dr. Hellman aufzuhalten. Das Spiel wird aus der Ich-Perspektive gespielt. Verschiedene Zombies tauchen vor einem Videobackground auf und du schießt sie ab, indem du einen Cursor auf dem Bildschirm bewegst oder eine Light Gun verwendest. Die Saturn-Version hat einige unterschiedliche Funktionen, einschließlich zusätzlicher Power-Ups sowie zusätzlichem Filmmaterial von Feinden.
Cowboy Casino (USA)	Der Spieler betritt ein Saloon und ist bereit, ein paar Karten zu spielen. Das Spiel enthält 4 verschiedene Arten von Kartenspielen, bei denen man wetten kann: 5 Card Draw, 7 Card Stud, 5 Card Stud und Texas Hold'em. Der Spieler hat während der Hände die Möglichkeit, entweder zu callen, zu erhöhen oder zu passen. Wenn einer der vier Computergegner eine Hand gewinnt, wird ein kurzer FMV-Clip abgespielt. Die originale Verpackung des Spiels enthält ein kleines Taschenbuch &quot;The Basics of Winning Poker&quot; von J. Edward Allen.
Crash 'n Burn (USA, Korea)	Crash 'N' Burn ist ein Rennspiel mit fahrzeugmontierten Geschützen und Raketen. Es gibt sowohl einen Rallye- als auch einen Turniermodus, in denen man sich messen kann. Im Rallye-Modus rasen Sie durch bis zu 30 Strecken mit dem Ziel, am Leben zu bleiben und die anderen Teilnehmer zu zerstören, während Sie versuchen, unter die ersten Drei zu gelangen. Wenn Sie erfolgreich sind, steigen Sie zur nächsten Strecke auf.
Crayon Shin-chan - Puzzle Daimaou no Nazo (Japan)	Dies ist ein Puzzle-Spieltyp, der auf Crayon Shin-chan basiert, auch bekannt als Shin-chan, eine japanische Manga- und Anime-Serie, die von Yoshito Usui im Jahr 1990 erstellt wurde.
Creature Shock (USA) (Disc 1)	Die Erde ist überbevölkert und die Menschheit muss eine zweite Heimat finden. Das Raumschiff Amazon wird losgeschickt, um Saturn und Jupiter auf mögliche Besiedelung zu untersuchen. Kurz vor Ende seiner Mission geht jeglicher Kontakt mit dem Schiff verloren, abgesehen von einem Notrufsignal. Der Spieler ist Teil der Crew, die zur letzten bekannten Position der Amazon geschickt wird, um herauszufinden, was passiert ist. Creature Shock ist ein First-Person-Shooter mit Full-Motion-Video- und Arcade-ähnlichen Elementen. Aliens aller Größen und Arten werden versuchen, das Team zu zerstören, aber jeder hat eine Schwachstelle, die ausgenutzt werden kann. Die Kämpfe finden auf der Oberfläche von Asteroiden und innerhalb von Labyrinthen von unterirdischen Gängen statt.
Crime Patrol (USA)	Crime Patrol versetzt den Spieler in die Rolle eines Polizeibeamten, der als Neuling beginnt und sich bis zum Mitglied des SWAT-Teams und schließlich des Delta-Force-Teams hocharbeiten muss. Um das zu erreichen, muss er Missionen abschließen, bei denen es darum geht, Kriminelle an verschiedenen Orten zu stellen. Angefangen bei kleineren Kriminellen (wie Ladendieben) muss der Held später Gangstern, Drogenbaronen und schließlich Terroristen gegenübertreten. Für jede Mission wird der Spielercharakter mit einem anderen Polizeibeamten zusammenarbeiten. Das Gameplay ist ziemlich ähnlich zu anderen großen Live-Action-Laser-Gun-Spielen, die man in Spielhallen findet - der Spieler muss lediglich die Waffe (oder die Maus in der Computer-Version) nehmen und den Kriminellen zeigen, wer der Boss ist!
CyberDillo (USA)	Nachdem er von einem Auto überfahren wurde, wird unser Held Armadillo von einem bösen Cyber-Genetik-Unternehmen wieder zum Leben erweckt. Er macht sich auf den Weg, um ihre bösen Pläne in psychedelischen Levels der 70er Jahre zu stoppen, als Disco König war. Sammle Gegenstände wie Schlaghosen, Plateauschuhe, 8-Spur-Player und Lavalampe, um dein Schild und deinen Funk-Level aufrechtzuerhalten.
Cyberia (USA)	Im Jahr 2027 wird die Welt von zwei rivalisierenden Supermächten kontrolliert: der westlichen Free World Alliance und dem östlichen Cartel. Übertragungen von einem FWA-Spion enthüllen den Standort eines geheimen multinationalen Labors tief in Sibirien, dem &quot;Cyberia-Komplex&quot;, wo eine mysteriöse Waffe entwickelt wird. FWA-Anführer Devlin befreit einen Cyber-Hacker namens Zak aus dem Gefängnis und schickt ihn los, um den Komplex zu infiltrieren und die wahre Natur der Cyberia-Waffe zu entdecken.
D (USA, Europe) (Disc 1)	&quot;D&quot; ist ein Abenteuerspiel, in dem der Spieler die Hauptfigur Laura Harris steuert. Laura muss herausfinden, warum ihr Vater in einem Krankenhaus eine Geiselnahme durchführt und eine mörderische Gewalttat begeht. Das Spiel verwendet vorgefertigte Computergrafiken und Vollbildvideos, um die Geschichte zu erzählen. Der Spieler hat zwei Stunden Zeit, um das Rätsel zu lösen, warum Lauras Vater seinen blutigen Massenmord begangen hat. Der Spieler kann die Laura-Figur aus einer Ego- und einer Third-Person-Perspektive manipulieren. Das Spiel hat mehrere Enden: Ein &quot;Zeit ist um&quot;-Ende, ein gutes und ein schlechtes Ende sowie ein 100%iges Abschlussszenario. Das von einem Spieler erlebte Ende hängt von seinen Handlungen im Spiel ab. Das 100%ige Abschlussszenario enthält das gute Ende und die Geräusche eines Neugeborenen, das weint. Einige Spieler kamen zu dem unerklärlichen Schluss, dass dieses Geräusch bedeutet, dass die sichtlich nicht schwangere Laura am Ende des Spiels ein Kind geboren hat. Einige glaubten irrtümlicherweise, dass dies eine Fortsetzung von &quot;D&quot;, &quot;D2&quot;, auslösen würde.
D no Shokutaku (Japan) (Disc 1)	&quot;D&quot; ist ein Abenteuerspiel, in dem der Spieler die Hauptfigur Laura Harris steuert. Laura muss herausfinden, warum ihr Vater in einem Krankenhaus eine Geiselnahme durchführt und eine mörderische Gewalttat begeht. Das Spiel verwendet vorgefertigte Computergrafiken und Vollbildvideos, um die Geschichte zu erzählen. Der Spieler hat zwei Stunden Zeit, um das Rätsel zu lösen, warum Lauras Vater seinen blutigen Massenmord begangen hat. Der Spieler kann die Laura-Figur aus einer Ego- und einer Third-Person-Perspektive manipulieren. Das Spiel hat mehrere Enden: Ein &quot;Zeit ist um&quot;-Ende, ein gutes und ein schlechtes Ende sowie ein 100%iges Abschlussszenario. Das von einem Spieler erlebte Ende hängt von seinen Handlungen im Spiel ab. Das 100%ige Abschlussszenario enthält das gute Ende und die Geräusche eines Neugeborenen, das weint. Einige Spieler kamen zu dem unerklärlichen Schluss, dass dieses Geräusch bedeutet, dass die sichtlich nicht schwangere Laura am Ende des Spiels ein Kind geboren hat. Einige glaubten irrtümlicherweise, dass dies eine Fortsetzung von &quot;D&quot;, &quot;D2&quot;, auslösen würde.
D's Diner - The Director's Cut (Japan) (Disc A)	&quot;D&quot; ist ein Abenteuerspiel, in dem der Spieler die Hauptfigur Laura Harris steuert. Laura muss herausfinden, warum ihr Vater in einem Krankenhaus eine Geiselnahme durchführt und eine mörderische Gewalttat begeht. Das Spiel verwendet vorgefertigte Computergrafiken und Vollbildvideos, um die Geschichte zu erzählen. Der Spieler hat zwei Stunden Zeit, um das Rätsel zu lösen, warum Lauras Vater seinen blutigen Massenmord begangen hat. Der Spieler kann die Laura-Figur aus einer Ego- und einer Third-Person-Perspektive manipulieren. Das Spiel hat mehrere Enden: Ein &quot;Zeit ist um&quot;-Ende, ein gutes und ein schlechtes Ende sowie ein 100%iges Abschlussszenario. Das von einem Spieler erlebte Ende hängt von seinen Handlungen im Spiel ab. Das 100%ige Abschlussszenario enthält das gute Ende und die Geräusche eines Neugeborenen, das weint. Einige Spieler kamen zu dem unerklärlichen Schluss, dass dieses Geräusch bedeutet, dass die sichtlich nicht schwangere Laura am Ende des Spiels ein Kind geboren hat. Einige glaubten irrtümlicherweise, dass dies eine Fortsetzung von &quot;D&quot;, &quot;D2&quot;, auslösen würde.
Daedalus Encounter, The (USA, Europe) (Disc 1)	Der interstellare Krieg ist vorbei und lässt Sie, ein Opfer, allein zurück, das in einem Lebenserhaltungssystem festsitzt. Ihre Freunde retten Sie, damit Sie die Galaxie auf der Suche nach Trümmern und Artefakten, die der Krieg hinterlassen hat, erkunden können. Als es soweit ist, stoßen Sie buchstäblich auf ein außerirdisches Raumschiff. Mit Ihrem beschädigten Shuttle und dem außerirdischen Schiff auf Ihrem Kurs müssen Sie die Gegend erkunden, um herauszufinden, was passiert ist.
Daedalus Encounter, The - Episode 1 - Nanpasen no Alien (Japan) (Disc 1)	Der interstellare Krieg ist vorbei und lässt Sie, ein Opfer, allein zurück, das in einem Lebenserhaltungssystem festsitzt. Ihre Freunde retten Sie, damit Sie die Galaxie auf der Suche nach Trümmern und Artefakten, die der Krieg hinterlassen hat, erkunden können. Als es soweit ist, stoßen Sie buchstäblich auf ein außerirdisches Raumschiff. Mit Ihrem beschädigten Shuttle und dem außerirdischen Schiff auf Ihrem Kurs müssen Sie die Gegend erkunden, um herauszufinden, was passiert ist.
DeathKeep (USA)	Deathkeep ist ein Action-Rollenspiel des Entwicklerstudios Lion Entertainment. Das erstmals im November 1995 für die Spielkonsole 3DO veröffentlichte Spiel ist der Nachfolger zu Slayer und das letzte von 35 Spielen, die das US-amerikanische Computerspielunternehmen SSI von 1988 bis 1995 auf Grundlage des Rollenspiel-Regelwerks Advanced Dungeons & Dragons veröffentlichte. Gleichzeitig gilt es als kreativer Tiefpunkt der langjährigen Partnerschaft zwischen SSI und TSR. Das Spiel wurde 1996 zusätzlich auf Windows portiert.
Defcon 5 (Europe)	DefCon 5 auf 3DO ist ein Actionspiel, das einige Elemente aus einem Rollenspiel nutzt. In einer nahen Zukunft schlüpfen Sie in die Rolle eines Ingenieurs, der die Computersysteme einer Verteidigungsbasis automatisieren soll, wenn diese angegriffen wird. Es liegt an Ihnen, den Weg zurückzufinden, die richtigen Schlüssel in die Hände zu bekommen und Ihre Ausrüstung zu verwalten, um aus dieser heiklen Situation herauszukommen.
Demolition Man (USA, Europe)	Es gibt drei Schwierigkeitsstufen: leicht, normal und schwer. Das Spiel ist in Levels unterteilt, was den Spielstil aufteilt, da nicht alle Levels auf die gleiche Weise gespielt werden. Bei den Levels handelt es sich meist um Ego-Shooter-Segmente, obwohl einige Levels nicht auf Schienen verlaufen und Doom ähneln. Die 3DO Gamegun wird für die Rail-Shooter-Abschnitte unterstützt. Die Einzelkampf-Levels ähneln Mortal Kombat, da sie digitalisierte Sprites enthalten, die aus einer seitlichen Perspektive betrachtet werden. Gegen Ende des Spiels gibt es auch ein Fahrsegment. Dank der fortschrittlichen 3DO-Sound-Engine wurde der Soundtrack direkt aus dem Film übernommen, und Full-Motion-Videos sowohl aus dem Film als auch exklusiv für das Spiel sind ebenfalls enthalten.
Dennis Miller - That's News to Me (USA)	Dennis Miller: That's News to Me kann nur grob als &quot;Spiel&quot; bezeichnet werden, es handelt sich vielmehr um ein Dennis Miller Comedy Special. Dennis Miller ist auf dem Bildschirm zu sehen und gibt Comedy zu verschiedenen Themen zum Besten. Die Spieler können die Themen auswählen, über die sie Miller hören möchten.
Dennou Hyouryuu - Multimedia Cruising (Japan)	Dennou Hyouryuu: Multimedia Cruising ist ein von Scitron & Art entwickeltes und von Hamlet veröffentlichtes Spiel, das 1995 in Japan veröffentlicht wurde. In dem Spiel fliegt der Spieler durch eine futuristische Cyberspace-Landschaft und interagiert mit schwebenden Fernsehern. Willkommen im digitalen Zeitalter für Tech-Reisende!
Digital Dreamware (USA, Europe)	Digital Dreamware ist eine experimentelle Multimedia-Erfahrung, die die Grenzen zwischen Kunst, Musik und Interaktivität verschwimmen lässt. Statt eines klassischen Spiels präsentiert sie eine Sammlung surrealer, digitaler Traumsequenzen – eine Mischung aus animierten Landschaften, abstrakten Formen und atmosphärischen Klangwelten. Der Spieler oder Betrachter bewegt sich frei durch diese „Traumräume“, entdeckt versteckte Interaktionen, reagierende Soundeffekte und visuelle Übergänge, die an frühe Virtual-Reality-Konzepte erinnern. Jeder Abschnitt folgt einer anderen Stimmung – von meditativer Ruhe bis zu intensiver, rhythmischer Bewegung. Auf der 3DO beeindruckte Digital Dreamware mit flüssigen Videosequenzen, CD-Qualitätssound und einer avantgardistischen Präsentation, die mehr Kunstinstallation als Spiel war. Ein visionäres Stück Digitalkultur der 90er, das die Träume der frühen Multimedia-Ära einfing.
DinoPark Tycoon (USA)	DinoPark Tycoon ist eines der originellsten &quot;Business&quot;-Spiele, das sowohl ein Strategie- als auch ein Lernspiel ist. Bauen Sie einen Themenpark, in dem verschiedene Dinosaurierarten gezeigt werden. Du bist der Verantwortliche und musst viele Dinge tun, darunter: Geld leihen Kauf und Verkauf von Dinosauriern Kauf von Zäunen, um die Dinosaurier zu halten, einschließlich elektrischer Zäune für zusätzliche Sicherheit Personal einstellen, z. B. Wartungspersonal, Köche, Fremdenführer, Tierärzte Bau und Erweiterung des Parks mit Waschräumen, Imbissständen und Parkplätzen Festsetzung von Eintrittspreisen Werbung für Ihren Park Um Ihnen bei der Entscheidungsfindung zu helfen, enthält das Spiel diese und weitere Funktionen: Dinosaurier-Faktenführer tägliche Aufzeichnungen vierteljährliche Finanzberichte Kalender Es gibt noch viele weitere Funktionen, wie zum Beispiel die Möglichkeit, Samen zu kaufen, um eigene Pflanzen für die Pflanzenfresser anzubauen. Wenn du eine Pause vom geschäftlichen Teil machen willst, kannst du deinen Park beobachten und sehen, wie die Leute durch den Park gehen und andere Dinge.
Doctor Hauzer (Japan)	Im Jahr 1952 ist ein Ermittler auf der Suche nach dem Archäologen Dr. Hauzer verschwunden. Er hat sein Haus über einer archäologischen Stätte gebaut und ist besessen von der Gottheit Kellbim, der er seine Praktikanten opfert. Sie werden zahlreiche Male in den tödlichen Fallen des Hauses sterben, aber Sie können unbegrenzt viele Spiele speichern, so dass Sie sich die Todesanimationen ansehen können - das ist Teil des Spaßes. Sie können die Ansicht zwischen der ersten Person, der dritten Person und der Draufsicht umschalten. Die Wahl einer anderen Ansicht wird Ihnen helfen, einige Fallen zu überwinden.
Doom (USA, Japan)	Die Union Aerospace Corporation hat auf den Marsmonden Phobos und Deimos mit der Teleportationstechnologie experimentiert. Nach ersten Erfolgen geht etwas schief. Es scheint, als hätten die Wissenschaftler ein Tor direkt in die Hölle geöffnet. Die Basis auf Phobos wird von dämonischen Kreaturen überrannt, und ganz Deimos verschwindet einfach. Ein Trupp Marines wird nach Phobos geschickt, aber alle bis auf einen werden schnell abgeschlachtet. Der überlebende Marine muss sich ein paar Waffen schnappen und die Dämonen zurückschlagen.
Dragon Lore - The Legend Begins (USA, Germany) (Disc 1)	Sie sind Werner von Wallenrod, ein junger Mann und Waise. Ihr Vater wurde von Haagen von Kiakonow ermordet, als Sie noch ein Baby waren, doch zuvor hatte er Sie in die Obhut eines Bauern aus dem Königreich gegeben. Sie machen sich auf die Suche nach der Wahrheit. Dragon Lore ist ein qualitativ hochwertiges Point & Click-Spiel. Die Grafiken sind vielen Produktionen der damaligen Zeit überlegen. Die Sounds stehen dem in nichts nach und boten eine starke, wenn auch heute nicht mehr zeitgemäße auditive Immersion. Mit einem für die damalige Zeit großartigen Intro verband der Titel Abenteuerspiele und Actionszenen. In diesem Sinne war es ein Vorgeschmack auf die großen Script-Produktionen der 2000er und 2010er Jahre.
Dragon Tycoon Edge (Japan)	In einer fernen, feindlichen Galaxie beschließt ein Gott, Sie zu beschwören, um die Macht zu übernehmen. Sie haben von Anfang an die Morphologie eines Pseudo-Menschen, aber später können Sie sich in jede (Kreatur) verwandeln, die Sie erfolgreich beschaffen.
Dragon's Lair (USA) (RE1)	In Dragon's Lair versucht der Held Dirk der Wagemutige, Prinzessin Daphne vor dem bösen Drachen Singe zu retten, der Prinzessin Daphne im Schloss des bösen Zauberers Mordroc eingesperrt hat. Der Bildschirm zeigt animierte Zwischensequenzen und der Spieler führt eine Aktion aus, indem er eine Richtung auswählt oder die Schwerttaste im richtigen Timing drückt. Der Spieler muss sich jedes Szenario merken, um jedes Quick-Time-Ereignis zu beenden. Die komischen Aspekte des Spiels resultierten nicht nur aus den bizarr aussehenden Kreaturen und den humorvollen Todesszenen, sondern auch aus der Tatsache, dass Dirk zwar ein geschickter Ritter, aber in seinen Bemühungen etwas ungeschickt war und außerdem ein widerwilliger Held war, der zum Schreien neigte und reagiert entsetzt auf die verschiedenen Gefahren, denen er begegnet.
Drug Wars (USA)	Drug Wars ist ein 3DO-Shooter in Form eines interaktiven Films. Die mit echten Schauspielern gedrehten Videosequenzen tauchen Sie in die Welt der Polizei ein und laden Sie ein, Gangster und insbesondere Drogenhändler zu liquidieren.
Emit Vol. 1 - Toki no Maigo (Japan)	Emit ist ein visueller Roman, der in drei Teile gegliedert ist und Japanern beim Lernen der englischen Sprache helfen soll. Das Spiel kann sowohl auf Englisch als auch auf Japanisch gespielt werden. Es gibt zwei Spielmodi: den Storymodus und den englischen Spielmodus. Der Story-Modus ist das in Kapitel unterteilte Hauptspiel, in dem die Spieler der Geschichte folgen und nach jedem Kapitel eine bestimmte Anzahl von Übungen machen können. Im Story-Modus können die Spieler das Spiel jederzeit unterbrechen, um einen Begriff nachzuschlagen, den sie nicht verstanden haben, oder um die Sprache zu wechseln. Die erste Episode des Spiels handelt von Yuris zufälliger Begegnung mit einem alten Mann und den darauf folgenden Ereignissen.
Emit Vol. 2 - Inochigake no Tabi (Japan)	Emit ist ein visueller Roman, der in drei Teile gegliedert ist und Japanern beim Lernen der englischen Sprache helfen soll. Das Spiel kann sowohl auf Englisch als auch auf Japanisch gespielt werden. Es gibt zwei Spielmodi: den Storymodus und den englischen Spielmodus. Der Story-Modus ist das in Kapitel unterteilte Hauptspiel, in dem die Spieler der Geschichte folgen und nach jedem Kapitel eine bestimmte Anzahl von Übungen machen können. Im Story-Modus können die Spieler das Spiel jederzeit unterbrechen, um einen Begriff nachzuschlagen, den sie nicht verstanden haben, oder um die Sprache zu wechseln. Das zweite Spiel handelt von Yuris Reise in eine andere Welt, in der sie jeden Tag um ein Jahr altert und einen Weg finden muss, um in ihre eigene Welt zurückzukehren.
Emit Vol. 3 - Watashi ni Sayonara o (Japan)	Emit ist ein visueller Roman, der in drei Teile gegliedert ist und Japanern beim Lernen der englischen Sprache helfen soll. Das Spiel kann sowohl auf Englisch als auch auf Japanisch gespielt werden. Es gibt zwei Spielmodi: den Storymodus und den englischen Spielmodus. Der Story-Modus ist das in Kapitel unterteilte Hauptspiel, in dem die Spieler der Geschichte folgen und nach jedem Kapitel eine bestimmte Anzahl von Übungen machen können. Im Story-Modus können die Spieler das Spiel jederzeit unterbrechen, um einen Begriff nachzuschlagen, den sie nicht verstanden haben, oder um die Sprache zu wechseln. Das Spiel schließt die Geschichte von Yuri ab, der seine Reise zurück in seine Welt nur knapp überlebt. Yuri sucht seinen &quot;Doppelgänger&quot;, um in seine Welt zurückzukehren und seinen Sohn zu finden. Diese Episode enthält ein neues englischsprachiges Spiel namens &quot;Ghost Sweeper&quot;, in dem man Geister besiegen und in Spukhäusern nach Gegenständen suchen muss.
Endlessly (USA)	Endlessly ist eigentlich weniger ein Spiel, sondern eher ein kurzer pornografischer Streifen mit drei Kapiteln, aus denen Sie in einem Menü im DVD-Stil wählen können. Es enthält auch Trailer für andere Vivid Interactive-Spiele auf 3DO.
Escape from Monster Manor (USA)	Escape from Monster Manor auf 3DO ist ein Ego-Shooter-Spiel. Böse Mächte haben sich über die Erde ausgebreitet und nur der Heilige Talisman kann diese Horden von Zombies, Geistern und anderen dämonischen Kreaturen abwehren. Sie müssen ein düsteres Herrenhaus betreten und in den 12 Leveln des Spiels alle Teile des Talismans einsammeln, um die menschliche Spezies vor den lebenden Toten zu retten.
ESPN Baseball - Hitting (USA)	ESPN Baseball: Interaktives Schlagen für 3DO ist wie ein großartiger Trainer, der Ihnen die gleichen Techniken beibringt, die nationale Meisterschaften gewinnen. Ein freundlicher Trainer, der das Lernen so einfach macht wie das Spielen eines Videospiels - alles in Ihrem eigenen Tempo.
ESPN Golf - Lower Your Score with Tom Kite - Shot Making (USA) (Disc 1)	Shot Making von ESPN gibt Ihnen &quot;nahe und persönliche&quot; Anweisungen von Tom Kite, dem US Open Champion 1992, dem Gewinner von 19 PGA Tour-Events und dem All-Time-Gewinner des Profi-Golfs (zum Zeitpunkt der Veröffentlichung des Spiels). Tom zeigt Ihnen Schüsse, die Schläge retten, Sie aus Schwierigkeiten bringen und Ihre Punktzahl reduzieren, indem er seine Tipps mit Live-Action-Videos und Grafiken illustriert, die vom Emmy-Preisträger Terry Jastrow produziert wurden. Vollgepackt mit interaktivem Training auf Meisterschaftsebene, das Ihnen helfen kann, gewinnende Fähigkeiten in Ihrem eigenen Tempo zu entwickeln. Hier ist, was Sie lernen werden: Schüsse, um Schläge zu retten Schießen im Sand Schießen von Trouble Spezielle kurze Schüsse Grüne und Straßenspiele All dies, plus personalisierte Bewertungen von Tom selbst.
ESPN Golf - Tom Kite no Kore ga Golf da! (Japan) (Disc 1) (Shot Yousei Kouza Vol. 1)	Shot Making von ESPN gibt Ihnen &quot;nahe und persönliche&quot; Anweisungen von Tom Kite, dem US Open Champion 1992, dem Gewinner von 19 PGA Tour-Events und dem All-Time-Gewinner des Profi-Golfs (zum Zeitpunkt der Veröffentlichung des Spiels). Tom zeigt Ihnen Schüsse, die Schläge retten, Sie aus Schwierigkeiten bringen und Ihre Punktzahl reduzieren, indem er seine Tipps mit Live-Action-Videos und Grafiken illustriert, die vom Emmy-Preisträger Terry Jastrow produziert wurden. Vollgepackt mit interaktivem Training auf Meisterschaftsebene, das Ihnen helfen kann, gewinnende Fähigkeiten in Ihrem eigenen Tempo zu entwickeln. Hier ist, was Sie lernen werden: Schüsse, um Schläge zu retten Schießen im Sand Schießen von Trouble Spezielle kurze Schüsse Grüne und Straßenspiele All dies, plus personalisierte Bewertungen von Tom selbst.
ESPN Let's Go Skiing with Picabo Street, A. J. Kitt & Holly Flanders (USA)	Die einzige Möglichkeit, Skifahren zu lernen, ist Skifahren, aber dieser Titel könnte Ihnen einige der notwendigen Grundkenntnisse vermitteln, um sich bei Ihrem ersten echten Ausflug nicht den Hals zu brechen.
ESPN Let's Play Beach Volleyball with Karch Kiraly and Karolyn Kirby (USA)	Es dient als Anleitungsvideo, wie man Beachvolleyball spielt
ESPN Let's Play Tennis with Tracy Austin (USA)	Die starken Tennisfähigkeiten der ehemaligen U.S. Open-Meisterin Tracy Austin werden in dieser Bildungssoftware vorgestellt. Die Zuschauer können lernen, wie man die Grundlinie effektiver spielt, überprüfen, wie sie den Schläger greifen, um zu vermeiden, den Ball zu &quot;schneiden&quot;, entdecken, wie man Lobs sorgfältig zurückgibt, und lernen, wie man mit Annäherungsschüssen umgeht. Zusätzliche Zeit wird auch darauf verwendet, das Netz richtig zu spielen, den aufschlag zu perfektionieren und andere wichtige Gerichtsstrategien.
Eye of Typhoon, The (Korea)	The Eye of Typhoon ist ein klassisches 2D-Beat'em-up aus Korea, das ursprünglich für das Neo Geo geplant war, jedoch exklusiv für 3DO und MS-DOS erschien. Das Spiel bietet eine Auswahl von 12 Kämpfern aus aller Welt, die in einem Turnier gegeneinander antreten, um die mystische Kraft des „Typhoon“ zu erlangen. Jeder Charakter besitzt eigene Spezialattacken, Combos und Hintergründe, die an ikonische Orte angelehnt sind. Das Gameplay orientiert sich klar an Street Fighter II, setzt aber auf schnellere Bewegungen und übertriebene Effekte, die dem Spiel einen eigenständigen Stil verleihen. Die 3DO-Version überzeugt mit flüssigen Animationen, digitalisierten Sprachsamples und einem energiegeladenen Soundtrack, der das Geschehen untermalt. Zwar fehlt ihr etwas Feinschliff im Balancing, doch The Eye of Typhoon bleibt ein faszinierendes Relikt der 90er-Fighting-Game-Ära – roh, charmant und typisch für die experimentierfreudige 3DO-Bibliothek.
F1GP (Japan)	Veröffentlicht von Pony Canyon, hat diese exklusive Version in Japan viele bewundernswerte Qualitäten: echte Teams und echte F1-Fahrer, 16 Rennstrecken aus der realen Welt, eine ziemlich umfassende Anpassung der Straßenlage Ihres Fahrzeugs, einschließlich 3 Backup-Steckplätze, um Ihre Lieblingseinstellungen zu speichern, und ein Gegen-Uhr-Modus, Single-Renn und Meisterschaft.
Family Feud (USA)	Dieses Spiel basiert auf der Fernsehspielshow Family Feud. Das Spiel unterstützt sowohl Einzelspieler als auch Multiplayer. Die Teilnehmer wählen die besten Antworten auf der Grundlage der Fragen, die der Gastgeber der virtuellen Spieleshow gestellt hat. Das Spiel bietet Familien, die in voller Bewegung sind, und der Gastgeber stellt Fragen mit einer digitalisierten Stimme. Neben den regulären Runden hat das Spiel auch die Bullseye Round und die Fast Money Round. Es gibt 5 Ebenen der Computerintelligenz, gegen die gespielt werden kann.
Fatty Bear's Birthday Surprise (USA)	Atty Bear's Birthday Surprise ist das zweite Videospiel von Humongous Entertainment (das erste ist Putt-Putt Joins the Parade) und das erste und einzige der Fatty Bear Point-and-Click-Abenteuerspiele, obwohl der Charakter auch in der Minispiel-Zusammenstellung Fatty Bear's Fun Pack und dem Crossover-Spin-off Putt-Putt & Fatty Bear's Activity Pack verwendet wurde, das eine Kombination aus dem vorherigen Spiel sowie einem ähnlichen Spiel mit HEs Charakter Putt-Putt war. Es wurde 1993 sowohl auf Disketten als auch auf CD-ROM für DOS und Macintosh sowie auf dem 3DO Interactive Multiplayer veröffentlicht.
Fatty Bear's Fun Pack (Korea)	Fatty Bear's Fun Pack war der letzte Auftritt von Fatty Bear als Solo-Charakter, aber er machte trotzdem ein Cameo in Putt-Putt Saves The Zoo und wurde in vielen Spielen danach erwähnt. Zu den Aktivitäten/Spielen gehörten Reversi, Go Fish, Lines and Boxes, Tangrams und Coloring, alle fünf tauchten in Putt-Putt & Fatty Bear's Activity Pack wieder auf.
Fatty Bear's Funpack (USA)	Fatty Bear's Fun Pack war der letzte Auftritt von Fatty Bear als Solo-Charakter, aber er machte trotzdem ein Cameo in Putt-Putt Saves The Zoo und wurde in vielen Spielen danach erwähnt. Zu den Aktivitäten/Spielen gehörten Reversi, Go Fish, Lines and Boxes, Tangrams und Coloring, alle fünf tauchten in Putt-Putt & Fatty Bear's Activity Pack wieder auf.
FIFA International Soccer (USA, Korea)	FIFA International Soccer auf 3D0 ist eine Fußballsimulation. Als erster Titel der meistverkauften Serie der Welt gibt FIFA 1 oder 2 Spielern die Möglichkeit, in Freundschaftsspielen, Turnieren oder Meisterschaften die Kontrolle über nationale und internationale Mannschaften zu übernehmen. Das Spiel bevorzugt Rennen und kurze Pässe und ermöglicht es Ihnen, eine von fünf Strategien zu wählen, um dem Spiel des Gegners besser entgegenzuwirken.
Fire Ball!! (Japan)	Real Pinball ist die Standard-Videospiel-Umwandlung der tatsächlichen Maschinen mit fünf verschiedenen Tischen zur Auswahl, wobei das Hauptziel darin besteht, so viele Punkte wie möglich zu gewinnen, indem der Gamecontroller verwendet wird, um die Flossen der Maschine zu steuern. Das Spiel verfügt über realistische Grafiken, die einer echten Maschine ähneln.
Firewall (Korea)	Der Supercomputer von MiraCom hat gewaltsam die Kontrolle über das multinationale Unternehmen von seinen menschlichen Direktoren übernommen. Wenn die Menschheit nicht aufgibt, wird der Computer Paris zerstören. In FIREWALL: Man vs. Machines spielen Sie als Blue Arrow, Kampfpilot und Informatiker. Als Teil der Angriffskraft werden Sie Ihr Cyberschiff durch elf Ebenen realistischer 3D steuern, von der realen Welt bis zum Cyberspace. Folgen Sie den Hinweisen Ihrer Verbündeten und lösen Sie verdrehte Rätsel, um Ihr Ziel zu erreichen. Die einzige Möglichkeit, der seltsamen Cyberwelt von MiraCom zu entkommen, besteht darin, an der Firewall vorbei zu kämpfen, die den bösen Computer schützt und ihn zerstört. Bereiten Sie Ihren Angriff vor; das Schicksal der Welt hängt allein von Ihrem Können und Ihrer Intelligenz ab.
Flashback (Europe) (En,Fr)	Die Geschichte beginnt im Jahr 2042, als Conrad B. Hart von einer Verschwörung erfährt, die mit der Existenz feindlich gesinnter Außerirdischer in der Bevölkerung in Verbindung steht. Die Aliens entführen ihn, doch Hart gelingt es, zu fliehen. Er wird jedoch schnell eingeholt und landet inmitten des Dschungels auf dem Saturnmond Titan. Der Spieler muss den Gefahren des umgebenden Dschungels trotzen und die bestehende Verschwörung vereiteln. Obwohl ein Großteil des Gameplays aus Laufen, Springen und Schießen auf Feinde besteht, enthält das Spiel auch ein beträchtliches Element der Erkundung sowie einen Teil, in dem Rätsel gelöst werden müssen. Der Spieler navigiert Conrad durch plattformartige Strukturen, wobei er verschiedene Bewegungen ausführt. Er kann springen, rennen, klettern, sich an Vorsprüngen festhalten und Gegenstände aufheben ... Um sich zu verteidigen, kann Conrad mit seiner Pistole auf Feinde schießen und verschiedene Gegenstände benutzen, um sie zu verletzen oder abzulenken.
Flashback - The Quest for Identity (USA) (En,Fr)	Die Geschichte beginnt im Jahr 2042, als Conrad B. Hart von einer Verschwörung erfährt, die mit der Existenz feindlich gesinnter Außerirdischer in der Bevölkerung in Verbindung steht. Die Aliens entführen ihn, doch Hart gelingt es, zu fliehen. Er wird jedoch schnell eingeholt und landet inmitten des Dschungels auf dem Saturnmond Titan. Der Spieler muss den Gefahren des umgebenden Dschungels trotzen und die bestehende Verschwörung vereiteln. Obwohl ein Großteil des Gameplays aus Laufen, Springen und Schießen auf Feinde besteht, enthält das Spiel auch ein beträchtliches Element der Erkundung sowie einen Teil, in dem Rätsel gelöst werden müssen. Der Spieler navigiert Conrad durch plattformartige Strukturen, wobei er verschiedene Bewegungen ausführt. Er kann springen, rennen, klettern, sich an Vorsprüngen festhalten und Gegenstände aufheben ... Um sich zu verteidigen, kann Conrad mit seiner Pistole auf Feinde schießen und verschiedene Gegenstände benutzen, um sie zu verletzen oder abzulenken.
Flopon World (Japan)	Eine Minigame-Sammlung für die 3DO, entwickelt und veröffentlicht von WARP, die 1995 in Japan veröffentlicht wurde.
Flying Nightmares (USA)	Flying Nightmares auf 3DO ist eine Kampfjet-Simulation. Der Spieler kann wählen, ob er bestimmte Missionen nacheinander abschließen möchte oder einfach nur die Beherrschung aller Aspekte des Pilotierens üben möchte. Es ist möglich, Ihr Flugzeug mit verschiedenen Arten von Waffen auszurüsten, um den Feind zu vernichten.
Foes of Ali (USA)	Foes of Ali auf 3DO ist ein Boxspiel, das sich auf die Karriere des berühmten Mohamed Ali konzentriert. Das Spiel bietet die Möglichkeit, den größten Kampf der Boxerkarriere gegen seine damaligen großen Gegner noch einmal zu erleben. Es besteht auch die Möglichkeit, Turniere zu organisieren, bei denen Sie aus 12 Legenden der Disziplin wählen können.
Fun 'n Games (USA)	Fun 'N' Games ist eine Zusammenfassung von Apps und Minispielen auf 3DO. Paint bietet Ihnen das Zeichnen mit originellen Pinseln und Hintergründen an.Music hilft Ihnen, Musik mit mehreren Instrumenten zu komponieren. In Aquashark steuert man einen Hummer und muss den Ausgang finden, während Space Cadet ein Weltraum-Shooter ist. Sliding Puzzle schließlich ist ein neckendes Spiel.
Fun 'n Games - Soft no Omochabako (Japan) (En,Ja)	Fun 'N' Games ist eine Zusammenfassung von Apps und Minispielen auf 3DO. Paint bietet Ihnen das Zeichnen mit originellen Pinseln und Hintergründen an.Music hilft Ihnen, Musik mit mehreren Instrumenten zu komponieren. In Aquashark steuert man einen Hummer und muss den Ausgang finden, während Space Cadet ein Weltraum-Shooter ist. Sliding Puzzle schließlich ist ein neckendes Spiel.
Gakkou no Kowai Uwasa - Hanako-san ga Kita!! (Japan)	Das Spiel ist ein First-Person-Abenteuer, bei dem der Spieler die Rolle eines Schülers übernimmt, der durch die Schule wandert. Der Spieler muss Hanako ausfindig machen und seine Unterstützung gewinnen, während er die bedrohlichen Geister vermeidet, die in der ganzen Schule zu finden sind. Die Spiele von Saturn und Playstation haben die Hinzufügung mehrerer Episoden der Sendung, die als Schnittszenen abgespielt werden, sowie eine liberale Nutzung des Eröffnungsmusikthemas der Sendung.
Game no Tatsujin (Japan)	Innerhalb von Game no Tatsujin gibt es vier verschiedene klassische japanische Brettspiele, die von verschiedenen Entwicklern hergestellt wurden, nämlich Mahjong, Shogi, Go und Reversi. Die Brettspiele können in drei verschiedenen Modi gespielt werden, darunter der Trainingsmodus mit fünf Gegnern, der Free Battle Mode mit progressiven Schwierigkeitsstufen und der Weltmodus mit insgesamt 21 Spielmeistern, um mit dem ultimativen Ziel herauszufordern, sie alle zu schlagen und den Titel &quot;Master of the Game&quot; zu erhalten.
Gex (USA, Europe)	Steig in deinen Fernseher ein und besiege den bösen Rez, indem du Fernbedienungen sammelst, um Welten in deinem Fernseher zu öffnen. Du bist ein Gecko mit den üblichen Fähigkeiten eines Plattformhelden wie Springen, Schießen und Nahkampf, aber auch mit Saugnäpfen, mit denen du Wände hochklettern kannst, einer Zunge, mit der du knifflige Power-Ups aufheben kannst und eine Menge kluger Sprüche, um dich zu unterhalten. Nutze sie alle, um dir deinen Weg durch das Fernsehland zu bahnen, indem du nach den Fernbedienungen suchst, Aufputschmittel und Power-Ups einsammelst und Fernsehgeräte zerstörst.
Ghost Hunter Series - Kuroki Shi no Kamen (Japan)	Kurokishi no Kamen ist ein grafisches Adventure-Spiel, in dem Geisterjäger, ein Detektiv, ein Wissenschaftler, ein Mystiker und ein Journalist ein Spukhaus erkunden.
Goal FH (Field Hunter) (Japan)	Goal FH ist ein Fußball-Simulationsspiel, das auf dem Anime von Hakuhodo basiert und 1994 auf dem japanischen Sender NHK ausgestrahlt wurde. Die Hauptfigur Ikar Tatsumura, ein 16-jähriger brasilianischer Fußballer mit japanischen Wurzeln, sehnt sich nach Ruhm und Erfolg. Goal FH eine Art Fußballkampfspiel.
Great! Soccer Kid (Japan)	In „Soccer Kid“ übernimmst du die Aufgabe, die verstreuten Teile des Weltpokals wiederzufinden, nachdem er von Aliens gestohlen und zerstört wurde. Deine Reise führt dich durch verschiedene Länder wie Großbritannien, Italien, Russland, Japan und die USA. Mit einem Fußball besiegst du Gegner, indem du Tricks wie Kopfbälle und Fallrückzieher einsetzt, um den Ball unter Kontrolle zu halten und Hindernisse zu überwinden. Um die Pokalteile zu erhalten, sammelst du in jeder Region elf Spielerkarten. Dein Fortschritt kann nach jedem Land gespeichert werden, jedoch nicht innerhalb einzelner Level. Geschick und präzise Ballkontrolle sind der Schlüssel, um die Mission zu erfüllen.
Gridders (USA, Korea)	In diesem Klax-ähnlichen Puzzlespiel wird der Spieler als ein Junge namens Zack besetzt, dessen einziges Ziel es ist, den Keller eines bösen Unternehmens zu erreichen, um es zu zerstören, aber zuerst muss er 36 Todesstufen durchstehen, um es zu erreichen. Sein Haupthindernis ist es, riesige Gridder-Blöcke zu vermeiden, die den armen Zack in einem Augenblick zerquetschen können. Um aus dem Level herauszukommen, muss der Spieler für jedes Level ein Puzzle lösen und grüne Pyramidenschlüssel im gesamten Level sammeln. Neben den gefährlichen Gridder's muss Zack auch Falltüren, Aufzugsplätze und Umleitungsplätze vermeiden, um nur einige zu nennen.
Grimm Meisaku Gekijou Vol. 1 - Bremen no Ongakutai (Japan)	Grimm Meisaku Gekijou: Bremen no Ongakutai ist ein Spiel, das von der Ima Company entwickelt und veröffentlicht wurde und 1994 in Japan veröffentlicht wurde. Das Spiel stützt sich stark auf die damals neue Full-Motion-Video-Funktion des 3DO. Das Spiel ist eine Zusammenstellung von Cartoons, die alle lose Geschichten folgen, die von den Brüdern Grimm berühmt wurden. Die Animation für die Cartoons wurde von der berühmten Nippon Anime Corporation gemacht. Sie haben mehrere dieser Cartoon-Serien gemacht, dies ist die erste, die produziert wurde.
Grimm Meisaku Gekijou Vol. 2 - Hansel to Gretel (Japan)	Grimm Meisaku Gekijou: Hansel to Gretel ist ein Spiel, das von der Ima Company entwickelt und veröffentlicht wurde und 1994 in Japan veröffentlicht wurde, kurz nach Grimm Meisaku Gekijou 1 Bremen no Ongakutai. Das Spiel stützt sich stark auf die damals neue Full-Motion-Video-Funktion des 3DO. Das Spiel ist eine Zusammenstellung von Cartoons, die alle lose auf Geschichten folgen, die von den Brüdern Grimm berühmt geworden sind. Die Animation für die Cartoons wurde von der berühmten Nippon Anime Corporation gemacht. Sie haben mehrere dieser Cartoon-Serien gemacht, dies ist die zweite, die produziert wurde.
Grimm Meisaku Gekijou Vol. 3 - Akazukin (Japan)	Ein FMV-Spiel, das auf dem berühmten Märchen der Brüder Grimm, dem Rotkäppchen, und seiner Konfrontation mit dem großen bösen Wolf basiert.
Guardian War (USA, Korea)	Guardian War ist ein Rollenspiel auf 3DO. Der Spieler schlüpft in die Rolle eines Wächtergolems, dessen Ziel es ist, gegen die bösen Mächte eines mächtigen Lords namens Azrael zu kämpfen. Im Verlauf des Abenteuers trifft der Golem auf andere, die sich seiner Sache anschließen und ihn in vielen rundenbasierten Schlachten unterstützen.
Hell - A Cyberpunk Thriller (USA)	Hell: A Cyberpunk Thriller auf 3DO ist ein Third-Person-Abenteuerspiel, das dem Spieler die Rolle eines Paares bietet: Gideon Eshanti und Rachel Braque. Diese beiden Helden arbeiten für eine Regierung, die herausgefunden hat, dass die Hölle existiert, und sie nutzt, um Kriminelle dorthin zu schicken. Als dieselbe Regierung versucht, sie zu töten, geraten Gideon und Rachel in die Hölle und müssen einen Weg finden, nach Hause zurückzukehren und gleichzeitig ihre Vorgesetzten bloßzustellen.
Hello Kitty - Asobi no Omochabako (Japan)	Dieser interaktive Titel führt den Spieler mit einer Reihe von Aktivitäten in das Schlafzimmer von Hello Kitty und zeigt mehrere verschiedene Sanrio-Charaktere. Die Aktivitäten reichen von einem Spielautomaten, einer Kunstseite mit Aufklebern, dem Verkleiden von Hello Kitty und einem Janken-Spiel. Hello Kitty reagiert durch Sprache auf die Handlungen des Spielers bei jeder Aktivität.
Hirata Shougo Interactive Ehon - Aesop Monogatari Vol. 1 (Japan) (En,Ja,Fr)	Hirata Shougo Interactive Ehon - Aesop Monogatari Vol. 1 ist ein interaktives Videospiel. Dieser erste Band enthält 3 Geschichten: Die Ameise und die Heuschrecke, Der Bauch des Frosches, Das Kind und die Pfeife. Die Schnittstelle aller Spiele ist üblich. Wählen Sie im Menü die verfügbare Geschichte (oder die Informationen über Aesop) und dann die Sprache: Japanisch, Englisch oder Französisch. Sehen Sie sich während der Erzählung mit der &quot;P&quot;-Taste kurze Animationsclips an. Der letzte Parameter ermöglicht es, die Untertitel zu steuern. Es wird nützlich für diejenigen sein, die versuchen, eine der drei Sprachen dieser Geschichten zu lernen.
Hirata Shougo Interactive Ehon - Cinderella (Japan) (En,Ja,Fr)	Hirata Shogo Interactive Ehon: Cinderella ist ein interaktives Buch. Nur in Japan veröffentlicht, enthält die CD dennoch zwei Übersetzungen, darunter Französisch. Entdecken Sie Charles Perraults berühmte Geschichte: Cinderella, gut illustriert.
Hirata Shougo Interactive Ehon - Ningyo-hime (Japan) (En,Ja,Fr)	Während dieser Zeit gab es ein wachsendes Bewusstsein für die inneren Welten von Kindern, das weitgehend vom französischen Philosophen Jean-Jacques Rousseau beeinflusst wurde, der die Bedeutung des Verständnisses des Herzens eines Kindes betonte. Andersen, inspiriert von der Idee, dass &quot;Erwachsene in das Herz eines Kindes eintreten sollten&quot;, begab sich auf seine Schreibreise. Er begann damit, die dänische Folklore zu erforschen und Geschichten für Kinder zu produzieren. Seine Popularität steig mit Geschichten wie &quot;Die kleine Meerjungfrau&quot; und &quot;Die neuen Kleider des Kaisers&quot;. In dieser Software wird das Format eines Bilderbuchs übernommen, und die Essenz, die seit vielen Jahren geschätzt wird, wird bewahrt, während die Geschichten an zeitgenössische moralische Werte angepasst werden. Darüber hinaus können Sie zwischen drei verschiedenen Spracherzählungen und Textanzeigen wechseln. Bleiben Sie dran für weitere zeitlose Geschichten, die nacheinander veröffentlicht werden.
Hirata Shougo Interactive Ehon - Ookami to Shichihiki no Koyagi (Japan) (En,Ja,Fr)	Grimms Geschichten zeigen den Einfluss der Sammlung des französischen Schriftstellers Charles Perrault. Zum Beispiel ist die Einstellung eines schlauen Wolfes, der jemanden betrügt und frisst, bei Perraults &quot;Rotkäppchen&quot; üblich. Tatsächlich soll eine Frau namens Marie Hassenpflug Perraults Buch vom Französischen ins Deutsche übersetzt haben, das die Brüder Grimm dann adaptierten. Diese Software nimmt die Form eines Bilderbuchs an und passt die Geschichte an die moderne Moral an, wobei ihre Essenz berücksichtigt wird, die seit Jahrhunderten andauert. Sie können auch zwischen Erzählung und Textanzeige in drei Sprachen wechseln. Akihiko Hirata Interactive Books plant, eine Reihe solcher weltberühmten Geschichten nacheinander zu veröffentlichen. Freuen Sie sich auf sie!
Hirata Shougo Interactive Ehon - Sanbiki no Kobuta (Japan) (En,Ja,Fr)	&quot;The Tale of the Three Little Pigs&quot; ist eine britische Volksgeschichte, die Joseph Jacobs 1091 veröffentlichte, getarnt als britische Folklore. In dieser Software bleibt die Essenz der ursprünglichen Geschichte, die über Generationen mit verschiedenen Anpassungen weitergegeben wurde, erhalten und bietet ein interaktives Erlebnis. Sie können auch drei verschiedene Erzählungen und Textanzeigeoptionen genießen.
Hirata Shougo Interactive Ehon - Shirayuki-hime (Japan) (En,Ja,Fr)	Dies ist ein interaktives Buch, das die Version des berühmten Manga-Autors Shogo Hirata von Schneewittchen nacherzählt.
Hitchcock ni Chousen (Japan)	Alfred Hitchcock Presents ist ein 3DO-Spiel das mit the berühmten nNamen Alfred Hitchcock wirbt, obwohl das Spiel selbst überraschenderweise wenig mit einem Mystery-/Thriller-Thema zu tun hat welches wir normalerweise mit Hitchcock verbinden. Das Spiel ist eine unoriginelle Version des klassischen Memory-Spiels. Sie drehen Karten um und versuchen, Paare zu bilden. Wenn Sie erfolgreich sind, wird ein Clip von Alfred Hitchcock enthüllt. Nicht mehr, nicht weniger.
Horde, The (World)	Als Chauncey, ein junger Diener des königlichen Schlosses, seinen König vor dem Ersticken rettete, verdiente er sich dessen Anerkennung, sein magisches Schwert und ein Stück Land, auf dem er Nahrung anbauen kann. Das Problem ist, dass die königlichen Ländereien regelmäßig von Horden von Monstern angegriffen werden. Das Ziel des Spiels ist es, diese Horden zurückzudrängen, bevor sie zu viel Schaden anrichten. Das Spiel selbst besteht aus zwei Phasen: einer Verwaltungsphase, in der Sie die Verteidigung Ihrer Stadt aufbauen und organisieren können, je nachdem, wie viele Goldressourcen Sie ansammeln, und einer Aktionsphase, in der Sie die Kreaturen der Horde besiegen müssen, bevor sie Ihrer Stadt und Ihrer Wirtschaft zu viel Schaden zufügen können.
Icebreaker (USA)	Icebreaker ist ein Puzzle/Shooter. Der Spieler steuert eine verschiebbare weiße Pyramide. Das Ziel besteht darin, alle anderen Pyramiden („Jungs“ genannt) zu eliminieren, beginnend mit den stationären Pyramiden, die das Spielfeld begrenzen, und dann die beweglichen Pyramiden („Sucher“), die sich auf die weiße Pyramide zubewegen. Jeder Pyramidentyp hat seine eigene Schwäche und seine eigene Art, zerstört zu werden.
Ide Yousuke Meijin no Shin Jissen Mahjong (Japan)	Ide Yohsuke Meijin no Shin Jissen Mahjong ist ein Mahjong-Spiel, das von Ide Yohsuke moderiert wird. Der Spieler kann an verschiedenen Arten von Mahjong-Turnieren teilnehmen, der grafische Hintergrund und die Art der Mahjong-Stücke können im Optionsmenü ausgewählt werden. Das Spiel bietet auch einen Story-Modus, in dem der Spieler die Rolle eines Mahjong-Spielers übernimmt, der in einer Stadt ankommt und der Mahjong-Champion werden möchte.
Idol Janshi Suchie-Pai Special (Japan)	Idol Janshi Suchie-Pai Special (3DO) ist eine charmante Mischung aus Mahjong-Spiel und Dating-Adventure. Der Spieler tritt in klassischen Mahjong-Partien gegen verschiedene Idol-Charaktere an – jeweils mit eigener Persönlichkeit, Stimme und animierten Zwischensequenzen. Zwischen den Spielen entwickelt sich eine lockere Geschichte, in der Humor, Romantik und leichte Rivalitäten eine Rolle spielen. Die 3DO-Version bietet im Vergleich zu früheren Fassungen verbesserte Sprachausgabe, detailreiche Anime-Illustrationen und flüssige Übergänge zwischen den Dialog- und Spielsequenzen. Der Mix aus strategischem Mahjong und visueller Novel-Inszenierung machte den Titel zu einem der bekannteren japanischen Exklusivspiele der Plattform. Idol Janshi Suchie-Pai Special steht damit exemplarisch für den besonderen 3DO-Stil: technisch ambitioniert, verspielt und unverkennbar 90er-Anime – ein Kulttitel für Fans japanischer Kuriositäten.
Idol Mahjong - Final Romance 2 - Hyper Edition (Japan)	In Idol Mahjong Final Romance 2 werden wir in Mahjong-Spielen gegen schöne Rivalen antreten. Jedes Mal, wenn wir gewinnen, werden wir mit einer Illustration beschenkt, in der sie mit wenig Kleidung zu sehen ist. Aber wenn wir sie in Unterwäsche sehen wollen, dann müssen wir uns maximal anwenden und sie eine Reihe von Malen schlagen, je nachdem, welche Punktzahl wir bekommen. Es kann vorkommen, dass wir ein praktisch perfektes Spiel machen und beim ersten Mal bereits in einer Reihe von erotischen Haltungen auftaucht, aber normalerweise müssen wir maximal drei Spiele gegen jedes Mädchen spielen, um genug Punkte zu sammeln, damit das passiert. Sobald wir es geschafft haben, gehen wir zum nächsten Rivalen über, den wir schlagen können.
Igo Time Trial - Tsumego I (Japan)	Mit dem Gleichgewicht von Gut und Böse ist es an dem Spieler, einen Gegner im Brettspiel Go! zu schlagen. Um sicherzustellen, dass die guten Geister die Zahl der schlechten Geister übertreffen. Jede Runde ermöglicht dem Spieler 100 Sekunden, um ein Stück an einer geeigneten Stelle auf dem Brett zu platzieren. Das Ziel des Spielers ist es, mehr Punkte zu sammeln als der Gegner, um das Spiel zu gewinnen.
Immercenary (Europe)	In der Zukunft wurde die Menschheit in einer Virtual-Reality-Simulation namens Perfect versklavt. Diese Simulation wird von einer Entität namens Perfect1 gesteuert und muss zerstört werden, um das System herunterzufahren. Sie sind Immercenary Nummer fünf und das ist Ihre Mission. Von einem geheimen Labor aus loggen Sie sich in die Simulation ein, die Sie an einen Ort in Perfect schickt, der als „Garten“ bekannt ist. Jede Entität im Spiel hat einen bestimmten Rang, der ihre Angriffs- und Verteidigungsfähigkeiten bestimmt. Sie beginnen bei 255, dem niedrigsten Rang, und müssen im Rang aufsteigen, um Perfect1 zu schlagen, der Rang 1 innehat. Dazu zerstören Sie Rithms mit höherem Rang, wie andere Entitäten im Spiel genannt werden. Bestimmte Ränge müssen Sie zerstören einzigartige Riten, die an der Spitze der perfekten Hierarchie stehen.
Immercenary - Combat in a Digital World (USA)	In der Zukunft wurde die Menschheit in einer Virtual-Reality-Simulation namens Perfect versklavt. Diese Simulation wird von einer Entität namens Perfect1 gesteuert und muss zerstört werden, um das System herunterzufahren. Sie sind Immercenary Nummer fünf und das ist Ihre Mission. Von einem geheimen Labor aus loggen Sie sich in die Simulation ein, die Sie an einen Ort in Perfect schickt, der als „Garten“ bekannt ist. Jede Entität im Spiel hat einen bestimmten Rang, der ihre Angriffs- und Verteidigungsfähigkeiten bestimmt. Sie beginnen bei 255, dem niedrigsten Rang, und müssen im Rang aufsteigen, um Perfect1 zu schlagen, der Rang 1 innehat. Dazu zerstören Sie Rithms mit höherem Rang, wie andere Entitäten im Spiel genannt werden. Bestimmte Ränge müssen Sie zerstören einzigartige Riten, die an der Spitze der perfekten Hierarchie stehen.
Immortal Desire (USA)	Sarah Jane Hamilton, Anna von Gables, wird von dunklen, erotischen Visionen unaussprechlicher Handlungen heimgesucht, die sie nur schwer verstehen kann. Die eine Konstante ist ein pervers schönes Voodoo-Ritual, das in ihren Träumen auftaucht und den Schlüssel zu ihrer Vergangenheit zu halten scheint.
Incredible Machine, The (USA)	The Incredible Machine auf 3DO ist ein Puzzlespiel. Es stehen zwei Modi zur Verfügung. Der erste bietet Ihnen die Möglichkeit, eine Reihe von Rätseln zu lösen, um sich mit dem Konzept des Spiels vertraut zu machen. Der zweite bietet Ihnen die Möglichkeit, die Zügel in die Hand zu nehmen und Ihre eigenen Rätsel und Rätsel mithilfe der vom Computer bereitgestellten Maschinen zu erstellen. Das Ziel besteht darin, einfache Probleme zu lösen, indem man Maschinenteile auf dem Bildschirm bewegt und den erzeugten Effekt beobachtet.
Incredible Machine, The - Pararancho (Japan)	The Incredible Machine auf 3DO ist ein Puzzlespiel. Es stehen zwei Modi zur Verfügung. Der erste bietet Ihnen die Möglichkeit, eine Reihe von Rätseln zu lösen, um sich mit dem Konzept des Spiels vertraut zu machen. Der zweite bietet Ihnen die Möglichkeit, die Zügel in die Hand zu nehmen und Ihre eigenen Rätsel und Rätsel mithilfe der vom Computer bereitgestellten Maschinen zu erstellen. Das Ziel besteht darin, einfache Probleme zu lösen, indem man Maschinenteile auf dem Bildschirm bewegt und den erzeugten Effekt beobachtet.
Insector War (Japan)	Insecter War präsentiert eine psychedelische, Sci-Fi-Besitz des Faceball 2000-Stils des Ego-Shooters. Die Kämpfe sind schnell, mit einer einfachen und direkten Form des Kampfes: Schießen oder erschossen werden, mit einfachen und unkomplizierten Waffen. Die Stufen sind auch mit einer Vielzahl von Hindernissen und Fallen gefüllt, so dass Spieler und Feinde gleichermaßen durchbohren und sich gegenseitig verstecken können. Im Multiplayer-Kampfmodus kann Insecter War mit bis zu vier Spielern auf geteiltem Bildschirm gespielt werden; es bietet auch einen Einzelspieler-Kampagnenmodus mit einer einfachen Geschichte.
Iron Angel of the Apocalypse - Tetsujin (USA)	Iron Angel of the Apocalypse auf 3DO ist ein Ego-Shooter mit Zwischensequenzen, die die Handlung vorantreiben. Der Spieler übernimmt die Rolle von Tetsujin, einem Cyborg, der von einem verrückten Wissenschaftler erfunden wurde, um die Menschheit zu zerstören. Tetsujin beschließt, sich gegen seinen Schöpfer zu wenden und das Spiel beginnt damit, dass der Roboter sich auf den Weg zum Labor des Wissenschaftlers macht.
J.League Virtual Stadium (Japan)	Ein Sportsimulator für Fußball: J.League Virtual Stadium für die Spielkonsole Panasonic 3DO Interactive Multiplayer. Das Spiel basiert auf derselben Engine wie FIFA International Soccer und ist im Grunde FIFA International Soccer, jedoch für den japanischen Markt mit anderem Namen und einem Kader der japanischen Liga.
John Madden Football (USA)	John Madden Football ist ein American-Football-Spiel auf 3DO. Wählen Sie aus 28 Teams der Saison 92–93 sowie 8 legendären Teams. Das Spiel bietet die klassischen Spielmodi: Pre-Season, Season, Sudden Death und Playoff. John Madden selbst wird seine Erfahrungen teilen und alle Spiele kommentieren.
John Madden NFL Football (Europe)	John Madden Football ist ein American-Football-Spiel auf 3DO. Wählen Sie aus 28 Teams der Saison 92–93 sowie 8 legendären Teams. Das Spiel bietet die klassischen Spielmodi: Pre-Season, Season, Sudden Death und Playoff. John Madden selbst wird seine Erfahrungen teilen und alle Spiele kommentieren.
Jurassic Park Interactive (USA)	Jurassic Park Interactive auf 3DO ist ein Strategie-/Actionspiel mit mehreren Minispielen, die auf Steven Spielbergs berühmtem Dinosaurierfilm basieren. Die Schnittstelle ist ein Computerbildschirm und der Spieler kann entscheiden, die 5 von Denis Nedry programmierten Minispiele zu spielen, muss aber vor allem Grant, Malcolm, Lex und den anderen dabei helfen, die Insel zu verlassen. Die Flucht vor dem T-Rex in einem Jeep oder das Verlassen eines von Raptoren heimgesuchten Gebäudes sind einige Beispiele für zu erfüllende Missionen.
Kero Kero Keroppi to Origami no Tabibito (Japan)	Keroppi und seine Freunde von Sanrio nehmen den Spieler mit auf ein Abenteuer, um durch eine Reihe von unterhaltsamen Aktivitäten Origami-Figuren aus Papier zu falten. Diese Aktivitäten reichen von Papierblumen über Papierkreise bis hin zu Papier-Tieren.
Killing Time (USA) (RE1)	In den frühen 1930er Jahren verschwanden Tess Conway, die von altägyptischer Geschichte besessen war, und ihre Gäste spurlos... mitten während einer wilden Party auf dem Conway-Inselanwesen. Sechzig Jahre nach diesen Ereignissen ist es Ihre Mission, die seltsamen Vorfälle zu untersuchen, die sich damals ereignet haben. Obwohl Killing Time grafisch ein typischer Doom-Klon ist, gibt es einige Unterschiede: Das Spiel hat ein riesiges Level anstelle vieler kleinerer, was es Ihnen ermöglicht, jederzeit zu alten Orten zurückzukehren, um beispielsweise Gesundheitspakete oder Munition aufzunehmen. Auch erscheinen die Geister von Tess und ihren Gästen gelegentlich und bringen die Geschichte dieses Abends ans Licht, indem sie Ihnen helfen, Schlüssel zu finden, Türen zu öffnen, geheime Gänge zu finden und Rätsel zu lösen.
Kingdom - The Far Reaches (USA, Europe)	In diesem Abenteuerspiel schlüpfen Sie in die Rolle von Lathan Kandor, einem jungen Jungen, um den bösen schwarzen Zauberer zu besiegen. Lathan wird Hilfe von seinem Mentor, dem mächtigen Magier Daelon, finden. Erkunden Sie die Fantasieländer der Fernen Reiche und holen Sie drei der fünf Teile des antiken Relikts namens Die Hand von Mobus zurück. Sprechen Sie mit einer Vielzahl von Charakteren, sammeln Sie Gegenstände und lösen Sie Abenteuer- und Rätselprobleme.
Konpeki no Kantai (Japan)	Konpeki no Kantai basiert auf der Anime-Serie Deep Blue Fleet, die wiederum auf dem Roman gleichen Namens von Yoshio Aramaki basiert. Das Spiel folgt der Handlung des Animes seit der ersten Folge. Es spielt in einem alternativen Universum und folgt einer fiktiven Geschichte eines realen historischen Charakters, Admiral Isoroku Yamamoto (1884-1943), dem Kommandeur der japanischen Flotte während des Zweiten Weltkriegs. In Wirklichkeit wurde er bei einem Flugzeugangriff durch amerikanische Streitkräfte getötet. In der Anime-Serie (und im Spiel) wird er jedoch kurz nach der Schlacht von Tsushima im Jahr 1905 auf wundersame Weise an Bord des Schiffes Nisshin transportiert. Anschließend nutzt er sein Wissen aus der Zukunft, um sicherzustellen, dass Japan das mächtigste Land der Welt wird.
Lemmings (USA)	Deine Aufgabe in Lemmings für 3DO besteht darin, in 120 Levels kleine grünhaarige Kreaturen zu retten. Für jede Mission wird Ihnen ein Prozentsatz der Personen angezeigt, die Sie am Leben halten müssen. Es liegt an Ihnen, sich an die Konfiguration des Spielfelds anzupassen, indem Sie Aufgaben wie Graben, Treppenbau oder sogar Blockieren des Durchgangs zuweisen, um Ihre unermüdlichen Lemminge an ihr Ziel zurückzubringen.
Lost Dungeon (Japan)	Slayer ist ein Action-Rollenspiel des Entwicklerstudios Lion Entertainment. Das Ende 1994 für die Spielkonsole 3DO veröffentlichte Spiel basiert auf dem Rollenspiel-Regelwerk Advanced Dungeons & Dragons. Es erschien im Vertrieb des amerikanischen Publishers SSI. 1995 erschien ein Nachfolger mit dem Titel Deathkeep..
Lost Files of Sherlock Holmes, The (USA)	London. Im Jahre des Herrn, 1888. Eine junge Schauspielerin wurde auf brutalste Art in einer Gasse hinter dem Regency Theatre ermordet aufgefunden. Jack the Ripper hat wieder zugeschlagen. Inspector Lestrade sucht London's bekanntesten Detektiv auf um der Sache auf dem Grund zu gehen. Er wendet sich an sie, Sherlock Holmes.
Mad Dog II - The Lost Gold (USA)	Mad Dog II: The Lost Gold auf 3DO ist ein First-Person-Shooter im Wilden Westen. Betrete das Herz eines interaktiven Films und teste Deine Reflexe, indem Du schneller als dein Schatten gegen Gangster, Indianer und andere Feinde schießt. Finde schließlich deinen größten Feind, Mad Dog, für eine persönliche Begegnung, die feurig zu werden verspricht.
Mad Dog McCree (USA)	Mad Dog McCree auf 3DO ist ein Shooter, der im Wilden Westen spielt. Die Aktion besteht aus einem interaktiven Western, in dem der Spieler schnell sein und schneller als seine Feinde das Feuer eröffnen muss. Seien Sie während des Spiels schnell und präzise und beenden Sie die Schreckensherrschaft des berüchtigten Mad Dog McCree.
Mazer (USA)	In Mazer kann der Spieler einen von vier Soldaten auswählen, deren Aufgabe es ist, die Erde von der unterdrückenden Herrschaft einer außerirdischen Rasse namens Semag-Resal zu befreien, die über ein Netzwerk von Stützpunkten über die ganze Erde verteilt verfügt. Um die Sache noch schlimmer zu machen, haben sie Cyborgs entwickelt, die Menschen perfekt nachahmen und in deren Verstecke der Rebellen eindringen und sie vernichten können.
MegaRace (USA, Korea) (En,Fr,De,Es,It)	MegaRace auf 3DO ist ein futuristisches Rennspiel, bei dem alles darum geht, als Sieger hervorzugehen. Der Spieler wählt sein Lieblingsauto und begibt sich dann auf ein hektisches Rennen auf den 14 Rennstrecken des Spiels, verteilt auf 5 verschiedene Umgebungen. Mehrere Waffen sind zugänglich und es ist möglich, unterwegs Boni einzusammeln. Der Schnellste und Wildeste wird gewinnen.
Microcosm (USA)	Microcosm on 3DO ist ein First-Person-Actionspiel, das in einem futuristischen Universum spielt. Im Jahr 2051 liefern sich zwei Unternehmen einen gnadenlosen Krieg um die Obermacht. Als dem Präsidenten einer von ihnen, Anton Korsby, ein Virus injiziert wird, besteht der letzte Ausweg darin, in seinen Körper einzudringen, um die Infektion von innen heraus zu zerstören. Der Spieler muss seinen Weg zurück finden und dabei die Räumlichkeiten von böswilligen Organismen und dem Virus befreien, der Korsbys Gehirn beherrscht.
Moon Cradle - Igyou no Hanayome (Japan)	Moon Cradle ist ein mysteriöses Abenteuerspiel, das Live-Action-Videos für Zwischensequenzen und eine feste isometrische Perspektive während des tatsächlichen Gameplays verwendet. Der Spieler steuert den Charakter direkt, während Aktionen wie &quot;Suche&quot;, &quot;Sprächen&quot; oder &quot;Verwendung&quot; auf eine vom Menü ausgewählte Weise dargestellt werden.
Myst (USA)	Myst on 3DO ist ein First-Person-Abenteuerspiel, in dem der Spieler in eine Welt eintaucht, die er nicht kennt. Indem Sie in verschiedenen Umgebungen reisen, müssen Sie nach und nach herausfinden, wie diese Welt funktioniert und insbesondere, warum zwei Brüder in Gefängnisbüchern eingesperrt wurden. Die seltsame Welt von Myst wartet auf Sie.
NFL Madden Football (Japan)	John Madden Football ist ein American-Football-Spiel auf 3DO. Wählen Sie aus 28 Teams der Saison 92–93 sowie 8 legendären Teams. Das Spiel bietet die klassischen Spielmodi: Pre-Season, Season, Sudden Death und Playoff. John Madden selbst wird seine Erfahrungen teilen und alle Spiele kommentieren.
Nova-Storm (Japan)	Novastorm auf 3DO ist ein Weltraum-Shooter, bei dem der Spieler sein Schiff steuert, während sich die Kamera im Rückblick befindet. Das Ziel besteht darin, alle sich bietenden Feinde zu vernichten und dabei den verschiedenen Hindernissen in der Umgebung auszuweichen.
Novastorm (USA)	Novastorm auf 3DO ist ein Weltraum-Shooter, bei dem der Spieler sein Schiff steuert, während sich die Kamera im Rückblick befindet. Das Ziel besteht darin, alle sich bietenden Feinde zu vernichten und dabei den verschiedenen Hindernissen in der Umgebung auszuweichen.
Off-World Interceptor (USA, Europe)	Sie spielen als Trashman, einen Kopfgeldjäger, der dafür bezahlt wird, kriminellen Abschaum zu fangen, der in einer rauen außerirdischen Welt lauert. Ihre Aufgabe ist es, den feindlichen Verbrecherboss den ganzen Weg zu führen und dabei seine Schergen in die Luft zu jagen. Springe oder rolle zu langsam und der Boss geht. Aber wenn du den Kontrollpunkt erreichst, verhinderst du die Flucht des Bosses und sperrst ihn auf dem Planeten ein. Mit deinem Kopfgeld kannst du dein Fahrzeug aufrüsten. Sie können auch im Deathmatch-Modus mit geteiltem Bildschirm gegen einen Kumpel antreten. Das einzigartigste Merkmal von Off-World Interceptor ist die Handlung, die in Full-Motion-Videos erzählt wird, was für seine Zeit Standard war, aber von der gefeierten Mystery Science Theatre 3000-Serie lächerlich gemacht wurde.
Out of This World (USA)	Another World (bekannt als Out of This World in den U.S.A. und Outer World in Japan) ist ein Action-Adventure-Spiel, das von Eric Chahi entworfen und entwickelt wurde und den Spieler in die Rolle eines rothaarigen Physikers versetzt, der auf einem fremden Planeten gefangen ist. Das Spiel beginnt, als ein Blitz das Labor von Lester Chaykin trifft, der Experimente durchführt. Die Explosion projiziert den jungen Wissenschaftler in eine besonders feindliche Parallelwelt. Lester wird schnell von einer humanoiden Spezies eingesperrt und trifft auf einen notdürftigen Begleiter.
Outer World (Japan)	Another World (bekannt als Out of This World in den U.S.A. und Outer World in Japan) ist ein Action-Adventure-Spiel, das von Eric Chahi entworfen und entwickelt wurde und den Spieler in die Rolle eines rothaarigen Physikers versetzt, der auf einem fremden Planeten gefangen ist. Das Spiel beginnt, als ein Blitz das Labor von Lester Chaykin trifft, der Experimente durchführt. Die Explosion projiziert den jungen Wissenschaftler in eine besonders feindliche Parallelwelt. Lester wird schnell von einer humanoiden Spezies eingesperrt und trifft auf einen notdürftigen Begleiter.
Paddock Note '95 (Japan)	Paddock Note '95 ist eine Pferderennsimulation. Du kannst das Rennen auf dem Bildschirm verfolgen.
Panzer General (USA, Germany)	Die Zeit für die Wiederbelebung historischer Ereignisse ist gekommen. Panzer General war eines der ersten Spiele (wenn nicht das erste), das dir tatsächlich die Möglichkeit gab, für die Nazis zu spielen und dennoch erfolgreich zu sein, wo Hitler versagte. Mit totaler und vollständiger Kontrolle über Land-, See- und Lufteinheiten musst du die Alliierten Hunde so schnell wie möglich besiegen (um einen großen Sieg zu erzielen) oder langsamer als in der Geschichte (um einen kleinen Sieg zu erzielen).
PaTaank (USA, Europe)	Wenn Sie jemals darüber nachgedacht haben, wie es sich anfühlt, die Kugel in einem Flipper zu sein, dann könnte Ihnen das Spielen von PaTaank eine Vorstellung davon vermitteln. Anstatt die Flipper zu bedienen, steuert der Spieler den Ball oder in PaTaank einen UFO-förmigen Puck auf den drei verschiedenen Tischen. Die Tische heißen Surf-Raum, Luv-Raum und Katastrophenraum und sind über Nexus miteinander verbunden. Die Spieler können wählen, ob sie in einem Raum oder im MetaGame-Modus spielen wollen, und zwar alle nacheinander. Jeder Raum hat ein Ziel, und im MetaGame-Modus muss der Spieler dieses Ziel erreichen, um über den Nexus in den nächsten Raum zu gelangen.
Pebble Beach Golf Links (USA, Korea)	Bis zu sechs Spieler können in Sega Sports' Pebble Beach Golf Links eine Runde Golf auf dem weltberühmten Pebble Beach Golfplatz spielen. Es bietet sieben Spielmodi, darunter Turnier, Schlagspiel, Skins-Spiel und Match-Spiel sowie Kommentare und Strategien von Golf-Profi Craig Stadler. Sie haben auch die Möglichkeit, Ihren eigenen Spieler zu erstellen und Ihre eigenen benutzerdefinierten Golfschläger auszuwählen, um Craig Stadler und andere KI-Spieler auf dem Platz herauszufordern. Statistiken wie Handicaps und Platzrekorde werden im gesamten Spiel verfolgt. Wenn Sie jedoch jemals genug davon haben, gegen Ihre Freunde und die KI anzutreten, können Sie das Spiel im Watch-Modus spielen und einfach zurücklehnen und zusehen, wie Craig Stadler auf dem Pebble Beach-Platz gegen die Konkurrenz antritt.
Perfect World - Combat in a Digital World (Japan)	In der Zukunft wurde die Menschheit in einer Virtual-Reality-Simulation namens Perfect versklavt. Diese Simulation wird von einer Entität namens Perfect1 gesteuert und muss zerstört werden, um das System herunterzufahren. Sie sind Immercenary Nummer fünf und das ist Ihre Mission. Von einem geheimen Labor aus loggen Sie sich in die Simulation ein, die Sie an einen Ort in Perfect schickt, der als „Garten“ bekannt ist. Jede Entität im Spiel hat einen bestimmten Rang, der ihre Angriffs- und Verteidigungsfähigkeiten bestimmt. Sie beginnen bei 255, dem niedrigsten Rang, und müssen im Rang aufsteigen, um Perfect1 zu schlagen, der Rang 1 innehat. Dazu zerstören Sie Rithms mit höherem Rang, wie andere Entitäten im Spiel genannt werden. Bestimmte Ränge müssen Sie zerstören einzigartige Riten, die an der Spitze der perfekten Hierarchie stehen.
Phoenix 3 (USA)	Phoenix 3 auf 3DO ist ein Actionspiel, das zwei Phasen mit sehr unterschiedlichem Gameplay umfasst. Die erste Hälfte des Spiels wird als traditionelles Actionspiel präsentiert, während die zweite Hälfte ein 3D-Weltraumkampfspiel bietet. Die Geschichte spielt auf dem Planeten Galearth, der von Außerirdischen namens Gral bedroht wird. Der Spieler verkörpert Derek Freeman, der eine Waffe finden muss, mit der er dem Gral entgegentreten kann. Gefilmte Zwischensequenzen prägen das Spiel.
PO'ed (USA, Europe)	PO'ed ist ein Ego-Shooter auf 3DO. Der Spieler verkörpert Ox, einen Koch an Bord eines Schiffes, dessen Besatzung von Außerirdischen vernichtet wurde. Mit einer Bratpfanne als erster Waffe bewaffnet, muss sich Ox durch das Schiff kämpfen, um diese Bedrohung zu vernichten. Das Spiel bietet auch die Möglichkeit, sich mit einem Jetpack auszustatten, um sich durch die Luft zu bewegen.
Powers Kingdom (Europe)	Guardian War ist ein Rollenspiel auf 3DO. Der Spieler schlüpft in die Rolle eines Wächtergolems, dessen Ziel es ist, gegen die bösen Mächte eines mächtigen Lords namens Azrael zu kämpfen. Im Verlauf des Abenteuers trifft der Golem auf andere, die sich seiner Sache anschließen und ihn in vielen rundenbasierten Schlachten unterstützen.
Primal Rage (USA, Europe)	Ein Meteor hat die Erde getroffen und hat großes Chaos verursacht. Sieben uralte Götter wurden erweckt und versuchen nun die Kontrolle über die Post-apokalyptische Welt zu übernehmen. Primal Rage ist ein eins zu eins Kampfspiel mit Dinosauriern und gigantischen Affen als Kämpfer. Die Grafiken sind digitalisierte Stop-Motion Animationen. Das Gameplay gleicht dem von Mortal Kombat, denn es wird von einer seitlichen Perspektive angezeigt und beinhaltet tödlich schnelle Züge am Ende eines Spiels.
Princess Maker 2 (Japan)	In „Princess Maker 2“ übernimmst du die Rolle eines Helden, der nach der Rettung der Menschheit von den Göttern die Verantwortung erhält, ein vom Himmel gesandtes Kind aufzuziehen. Dieses Kind wird zu deiner Tochter, und du begleitest sie über acht Jahre, um sie in die Richtung zu führen, die du für sie wählst. Du kannst ihr Jobs und Schulbesuche zuweisen, um ihre Fähigkeiten wie Stärke, Kampfkünste, Kochen oder Glauben zu entwickeln, wobei du Stress, Gesundheit und Finanzen im Gleichgewicht halten musst. Sie kann auch Abenteuer in der Wildnis erleben und gegen Monster kämpfen, wenn sie stark genug ist. Deine Entscheidungen während des Spiels bestimmen ihren späteren Lebensweg, ihre Erfolge, Beziehungen und ihr Schicksal. Mit zahlreichen möglichen Enden liegt es an dir, ihre Zukunft zu gestalten.
Puzzle Bobble (Japan)	Puzzle Bobble (oder Bust-A-Move) ist der Nachfolger des klassischen Bubble Bobble. Dein Ziel in jedem Level ist es, farbige Blasen zu zielen und abzuschießen, um 3 Blasen derselben Farbe zu sammeln und sie verschwinden zu lassen. Das Spiel enthält einen Modus für zwei gleichzeitige Spieler, in dem jeder versucht, als Erster alle Blasen zu zerstören.
Quarantine (USA) (En,Fr,De,Es) (RE)	In Quarantine spielst du die Rolle eines Taxifahrers, der verzweifelt versucht, der gewalttätigen Gefängnisstadt Kemo zu entkommen. Liefere Passagiere an ihre Ziele aus, damit du Geld verdienen und dein Taxi aufrüsten kannst, und übernimm verdeckte Missionen in der Hoffnung, irgendwie einen Ausweg zu finden. Eine beeindruckende Auswahl an am Taxi montierten Waffen wird dir helfen zu überleben.
Quarterback Attack (USA)	Quarterback Attack ist der erste professionelle Quarterback-Simulator im American Football. Es versetzt dich in die Position eines echten Quarterbacks. Du steuerst ihn nicht nur, du BIST der Quarterback! In einem Stadion voller schreiender Fans bist du der Chef - gibst die Spielzüge vor, umgehst die Verteidigung und wirfst die Pässe. Wenn du es vermasselst, musst du dem Trainer, Iron Mike Ditka, Rede und Antwort stehen!
Real Pinball (USA)	Real Pinball ist die Standard-Videospiel-Umwandlung der tatsächlichen Maschinen mit fünf verschiedenen Tischen zur Auswahl, wobei das Hauptziel darin besteht, so viele Punkte wie möglich zu gewinnen, indem der Gamecontroller verwendet wird, um die Flossen der Maschine zu steuern. Das Spiel verfügt über realistische Grafiken, die einer echten Maschine ähneln.
Return Fire (USA)	&quot;Return Fire&quot; ist der spirituelle Nachfolger von &quot;Fire Power&quot; und passt sowohl in die Strategie- als auch in die Action-Genres. Du kannst die Kontrolle über eines von vier Fahrzeugen übernehmen: einen Jeep, einen Hubschrauber, einen Panzer und ein Raketenstartfahrzeug (das aber tatsächlich &quot;The Armoured Support Vehicle (ASV)&quot; genannt wird). Es gibt zwei Möglichkeiten zu gewinnen. Die einfachere wäre, die Flagge des Feindes zu erobern, indem man sie mit dem schwachen Jeep zum eigenen Bunker bringt. Dies ist das Hauptziel. Die andere Möglichkeit zu gewinnen, ist den Feind zu zerstören, ein sekundäres Ziel.
Return Fire - Maps O' Death (USA)	&quot;Return Fire: Maps O' Death&quot; ist ein Add-On für das Originalspiel &quot;Return Fire&quot; mit über 100 neuen Levels zur Auswahl, die eine Vielzahl von Umgebungen bieten, darunter riesige Sandstrände, Wasserkrieg und stark bevölkerte Gebiete. Es unterstützt weiterhin zwei Spieler für Kopf-an-Kopf-Kämpfe und ein Passwortschutzsystem, um auf die Levels zugreifen zu können.
Rise of the Robots (USA)	Rise of the Robots ist ein 2,5D-Kampfspiel. Der Cyborg Eco35-2, halb Mensch, halb Roboter, wurde von der Firma Electrocorp erschaffen, um die Meuterei in ihrer Fabrik in Metropolis 4 zu verhindern, die sich anbahnt, nachdem einige Roboter durch die Injektion des EGO-Virus umprogrammiert wurden, wodurch sie sich ihrer Situation bewusst werden und aggressiv werden. Sie müssen also einen nach dem anderen in Duellkämpfen bekämpfen, um diese Rebellion zu stoppen. Der Titel sollte grafisch revolutionär sein. Aber obwohl die Kampfroboter recht hübsch aussehen (mit 3D-Sprites, die in ein 2D-Universum übertragen wurden), sind die Hintergründe nur in 2D statisch und ziemlich langweilig. Auch die Animationen im Spiel sind langsam und sogar ziemlich &quot;schwerfällig&quot;, was sich direkt auf die Manövrierfähigkeit auswirkt. Die Langsamkeit Ihres Roboters und die unterschiedliche Stärke der Gegner führen dazu, dass die Kämpfe schnell unausgeglichen werden.
Road & Track Presents - OverDrivin' (Japan)	The Need for Speed ​​​​ist ein Autorennspiel auf 3DO. Wählen Sie Ihr Lieblingsauto, das Spiel bietet Autos wie den Dodge Viper oder einen Lamborghini, aber auch einen Porsche oder einen Ferrari. Einige Strecken sind nicht gesperrt und Sie müssen nur von einem Ende zum anderen gehen und dabei vermeiden, von der Polizei erwischt zu werden. Denn das ist auch The Need for Speed, Geschwindigkeitsrekorde zu brechen und natürlich eine Strafe dafür zu vermeiden!
Road & Track Presents - The Need for Speed (USA, Europe)	The Need for Speed ​​​​ist ein Autorennspiel auf 3DO. Wählen Sie Ihr Lieblingsauto, das Spiel bietet Autos wie den Dodge Viper oder einen Lamborghini, aber auch einen Porsche oder einen Ferrari. Einige Strecken sind nicht gesperrt und Sie müssen nur von einem Ende zum anderen gehen und dabei vermeiden, von der Polizei erwischt zu werden. Denn das ist auch The Need for Speed, Geschwindigkeitsrekorde zu brechen und natürlich eine Strafe dafür zu vermeiden!
Road Rash (USA)	Road Rash ist ein Motorrad-Rennspiel, in dem alles erlaubt ist, um die Ziellinie zu überqueren. Du trittst gegen dreizehn andere Konkurrenten an und hast zwei Möglichkeiten: Entweder du tust dein Bestes, um als Sieger hervorzugehen, oder du benutzt die Waffen, die du hast, um die anderen &quot;Road Rashers&quot; zu Fall zu bringen. Es stehen fünf Strecken zur Auswahl, jede mit ihren eigenen Gesetzeshütern, Fußgängern und anderen Autos, denen man ausweichen muss.
Robinson's Requiem (USA)	In der fernen Zukunft hat die Menschheit die schneller-als-Licht-Raumfahrt erreicht, aber die Galaxie ist immer noch ein großes unbekanntes Gebiet. Um die Sterne und Planeten zu kartieren, werden Forscher namens &quot;Robinsons&quot; auf Erkundungsmissionen geschickt. Die meisten der ausgesandten Robinsons sind Personen, die als gefährlich für die Gesellschaft eingestuft werden und deren Schiffe sabotiert werden. Du spielst einen dieser Robinsons, der auf einem mysteriösen fremden Planeten gestrandet ist, auf dem auch eine telepathische Frau gestrandet ist. Wie sich herausstellt, kennt sie einen Weg, um vom Planeten zu entkommen, aber sie braucht deine Hilfe, um zu entkommen.
Royal Pro Wrestling - Jikkyou Live!! (Japan)	Mit über 30 Wrestlern zur Auswahl bringt Natsume das actionreichste Wrestling-Erlebnis aller Zeiten auf den 3DO mit Royal Pro Wrestling!
Samurai Shodown (USA, Europe)	Samurai Shodown auf 3DO ist ein Kampfspiel, das im Japan des 18. Jahrhunderts spielt. Der Titel beinhaltet Modifikationen im Vergleich zu den Klassikern des Genres wie den Einsatz von Klingenwaffen, ein Zoomsystem sowie eine POW-Anzeige, die sich im Verlauf des Kampfes füllt und mächtige Angriffe freischaltet.
Sangokushi IV (Japan)	Romance of the Three Kingdoms IV: Wall of Fire (in Japan als Sangokushi IV veröffentlicht) ist der vierte Teil der Romance of the Three Kingdoms-Serie von rundenbasierten Strategiespielen, die von Koei produziert werden und auf dem historischen Roman Romance of the Three Kingdoms basieren. Romance of the Three Kingdoms IV: Wall of Fire war das letzte Spiel der Serie, das in den Vereinigten Staaten auf dem PC veröffentlicht wurde, bis Romance of the Three Kingdoms XI erschien.
Scramble Cobra (USA)	Scramble Cobra ist ein 3D-Helikopter-Actionspiel, in dem der Spieler das Kommando über ein Cobra-Kanonenschiff übernimmt, durch verschiedene Schlachtfelder fliegt und seine vulkanischen Maschinengewehre und Hydra-Raketen einsetzt, um feindliche Panzer, Hubschrauber und andere Einheiten zu zerstören. Insgesamt gibt es zehn Missionen. Der Spieler muss jede Mission innerhalb des Zeitlimits abschließen. Die Missionen bestehen hauptsächlich aus der Suche und Zerstörung von Zielen. Außerdem gibt es Actionvideos, die die Geschichte erzählen und aus der Perspektive des Hubschraubercockpits gefilmt wurden.
Scramble Cobra - Premium Version (Japan)	Scramble Cobra ist ein 3D-Helikopter-Actionspiel, in dem der Spieler das Kommando über ein Cobra-Kanonenschiff übernimmt, durch verschiedene Schlachtfelder fliegt und seine vulkanischen Maschinengewehre und Hydra-Raketen einsetzt, um feindliche Panzer, Hubschrauber und andere Einheiten zu zerstören. Insgesamt gibt es zehn Missionen. Der Spieler muss jede Mission innerhalb des Zeitlimits abschließen. Die Missionen bestehen hauptsächlich aus der Suche und Zerstörung von Zielen. Außerdem gibt es Actionvideos, die die Geschichte erzählen und aus der Perspektive des Hubschraubercockpits gefilmt wurden.
Seal of the Pharaoh (USA)	Seal of the Pharaoh ist ein Abenteuerspiel auf 3DO. Im alten Ägypten erwarten Sie Geheimnisse, Fallen und Echtzeitkämpfe. Prophezeiung ist der Schlüssel. Es gibt Geheimgänge – versteckt in den Tiefen der Kerker. Kämpfe und Geheimnisse entführen Sie in ein verzaubertes Abenteuer.
Sento Monogatari - Sono I (Japan)	Chizu Monogatari - Sono I ist ein Tarot-Simulationspiel. Im Spiel kann der Spieler sein Geburtsdatum angeben und seine Sternenkarte sowie seine Zukunft in Bezug auf Gesundheit, Geschäfte, Liebe und Geld kennenlernen.
Shanghai - Banri no Choujou - The Great Wall (Japan) (Rev 1)	„Shanghai - Triple Threat“ bietet eine neue Version des klassischen Mahjong-Spiels. Der Spieler wird mit einer Anordnung von Kacheln konfrontiert, die gestapelt sind und paarweise entfernt werden müssen. Nur sichtbare Kacheln mit freiem Platz links oder rechts können ausgewählt werden. Diese Version der Shanghai-Reihe von Activision enthält neben dem klassischen Shanghai drei weitere Varianten. In „The Great Wall“ fallen Kacheln wie bei Tetris nach unten, wenn untere Kacheln entfernt werden. In „Beijing“ entstehen Lücken, die Gruppen von Kacheln verschieben lassen. In „The Golden Tile“ versuchen zwei Spieler gleichzeitig, ein festgelegtes Layout zu räumen. Es gibt drei Spielmodi: Solitaire, das Zweispieler-Duell „Pandamonium“ und Arcade. Drei thematische Kachelsets ergänzen das „Triple Threat“-Konzept.
Shanghai - Triple-Threat (USA)	„Shanghai - Triple Threat“ bietet eine neue Version des klassischen Mahjong-Spiels. Der Spieler wird mit einer Anordnung von Kacheln konfrontiert, die gestapelt sind und paarweise entfernt werden müssen. Nur sichtbare Kacheln mit freiem Platz links oder rechts können ausgewählt werden. Diese Version der Shanghai-Reihe von Activision enthält neben dem klassischen Shanghai drei weitere Varianten. In „The Great Wall“ fallen Kacheln wie bei Tetris nach unten, wenn untere Kacheln entfernt werden. In „Beijing“ entstehen Lücken, die Gruppen von Kacheln verschieben lassen. In „The Golden Tile“ versuchen zwei Spieler gleichzeitig, ein festgelegtes Layout zu räumen. Es gibt drei Spielmodi: Solitaire, das Zweispieler-Duell „Pandamonium“ und Arcade. Drei thematische Kachelsets ergänzen das „Triple Threat“-Konzept.
Shock Wave (USA) (RE1)	Shock Wave ist ein futuristischer Weltraum-Shooter auf 3DO. Im Jahr 2019 dringen Außerirdische in die Erde ein und zerstören alle militärischen Kräfte. Die letzte Hoffnung der Menschheit ist das Omaha-Schiff mit F-177-Kampfflugzeugen. Als junger Rekrut liegt die Zukunft des Planeten in Ihren Händen. Im Inneren der F-177 können Sie auftauchende Außerirdische mit Lasern oder Raketen zerstören.
Short Warp - Warp's Short Game Collection (Japan)	„Short Warp“ war das letzte Spiel von WARP für das 3DO und bestand aus einer Sammlung von neun Minispielen. Es wurden nur 10.000 Exemplare produziert, die alle nummeriert und persönlich von Kenji Eno gestempelt wurden.
Slam 'n Jam '95 (USA, Europe)	Slam 'N Jam 95 ist ein Basketballspiel auf 3DO. Wählen Sie Ihr Team aus den größten amerikanischen Städten und spielen Sie ein einzelnes Spiel oder spielen Sie eine ganze Saison. Lassen Sie sich nicht den Ball wegnehmen und nur mit Dunks und 3 Punkten erklimmen Sie die oberste Stufe des Podiums.
Slayer (USA)	Slayer ist ein Action-Rollenspiel des Entwicklerstudios Lion Entertainment. Das Ende 1994 für die Spielkonsole 3DO veröffentlichte Spiel basiert auf dem Rollenspiel-Regelwerk Advanced Dungeons & Dragons. Es erschien im Vertrieb des amerikanischen Publishers SSI. 1995 erschien ein Nachfolger mit dem Titel Deathkeep..
Soccer Kid (USA)	In „Soccer Kid“ übernimmst du die Aufgabe, die verstreuten Teile des Weltpokals wiederzufinden, nachdem er von Aliens gestohlen und zerstört wurde. Deine Reise führt dich durch verschiedene Länder wie Großbritannien, Italien, Russland, Japan und die USA. Mit einem Fußball besiegst du Gegner, indem du Tricks wie Kopfbälle und Fallrückzieher einsetzt, um den Ball unter Kontrolle zu halten und Hindernisse zu überwinden. Um die Pokalteile zu erhalten, sammelst du in jeder Region elf Spielerkarten. Dein Fortschritt kann nach jedem Land gespeichert werden, jedoch nicht innerhalb einzelner Level. Geschick und präzise Ballkontrolle sind der Schlüssel, um die Mission zu erfüllen.
Sotsugyou - Graduation - Final (Japan)	Im vierten Teil der „Sotsugyō / Graduation“-Reihe übernimmst du die Rolle eines japanischen Lehrers, der fünf Schülerinnen durch ihr letztes Schuljahr begleitet und sicherstellt, dass sie ihren Abschluss schaffen. Durch verschiedene Menüoptionen beeinflusst du, wie effektiv du die Schülerinnen unterrichtest. Der Alltag umfasst Unterricht, Ausflüge, Sportstunden und Bühnenauftritte. Disziplin zu wahren ist entscheidend, damit die Schülerinnen auf ihrem Weg zum Erfolg bleiben.
Sotsugyou II Special - Neo Generation (Japan)	Das Spiel ist der zweite Teil der Sotsugyou-Reihe. Der Spieler schlüpft in die Rolle eines jungen Lehrers, der eine neue Stelle an einer angesehenen privaten Mädchenschule (Tsinghua Girls High) antritt und den Schülerinnen helfen muss, ihren Abschluss zu erreichen, um auf die Universität gehen zu können. Der Spieler kann auswählen, welche Aktivitäten er unter der Woche durchführen möchte und mit welchen Mädchen er an den Wochenenden auf ein Date geht, wenn sie zustimmen. Je nach den Entscheidungen des Spielers während des Spiels verändern sich die Statistiken der Mädchen und die Beziehung zum Charakter des Spielers, was zu unterschiedlichen Enden führen kann.
Space Hulk - Vengeance of the Blood Angels (USA)	Space Hulk: Vengeance of the Blood Angels auf 3DO ist ein Spiel, das Ego-Shooter, Action und Strategie vereint. Die Handlung entfaltet sich, während ein Krieg zwischen den Imperialen Terminator-Orden und den Tyranid Gene Stealers tobt. Du kontrollierst bis zu 10 Terminatoren und erteilst ihnen auf dem Schlachtfeld Befehle. Während der Aktionsphasen drückst du selbst den Abzug gegen die Gene Stealers!
Space Pirates (USA)	Space Pirates auf 3DO ist ein Ego-Shooter, der sich wie ein interaktiver Film abspielt. Der Spieler muss mit dem Richtungskreuz zielen und seine Feinde in einer Science-Fiction-Umgebung abschießen. Es können mehrere Wege beschritten werden. Zielen Sie gut und Sie werden lebend herauskommen.
Star Fighter (USA, Europe)	Star Fighter ist ein flugbasiertes 3D-Shoot-Em-Up. Das Gameplay ist missionsbasiert und beinhaltet Elemente der Strategie und Planung. Der Spieler kann dem Flügelmann befehlen, in Formation zu fliegen und bestimmte Ziele anzugreifen.
Star Wars - Rebel Assault (USA, Europe)	Star Wars: Rebel Assault auf 3DO ist ein Actionspiel, das auf dem Star Wars-Universum basiert. Der Spieler verkörpert Rookie One, einen jungen Bauern auf Tatooine, der sich gerade der Rebellenallianz angeschlossen hat und verschiedene Arten von Missionen erfüllen muss: Zerstörung von Schiffen, Infiltrationsmissionen usw.
Starblade (USA, Korea)	StarBlade auf 3DO ist ein Schießspiel, bei dem Sie die Kontrolle über ein Geosword übernehmen, ein beeindruckendes Kampfraumschiff. Durchqueren Sie in 10 Missionen die Galaxie und reduzieren Sie die außerirdische Staubbedrohung, um Ihren Planeten zu erreichen. Der Spieler hat nicht das Kommando über das Schiff, sondern begnügt sich damit, auf alles zu schießen, was sich bewegt, und befolgt dabei gewissenhaft den Rat des Flügelmanns, seines Staffelführers.
Stellar 7 - Draxon's Revenge (USA)	Gir Draxon ist zurück!! Zweitausend Jahre später kämpft die Menschheit gegen einen uralten Feind. Gir Draxon, Herr des Arkturanischen Imperiums, ist mit einem mysteriösen Warplink zurückgekehrt, der seine Todeskreuzer aus fernen Welten kanalisieren kann. Sie und ein Prototyp eines schweren Angriffsfahrzeugs (Codename Raven) stehen zwischen der arkturanischen Invasionsflotte und der sicheren Zerstörung durch das Terran-Kommando.
Strahl (USA)	In Strahl spielt die Geschichte in einer Welt, in der Magie und Monster das Land durchstreifen und unschuldige Dorfbewohner terrorisieren. Der Spieler übernimmt die Kontrolle über einen jungen Krieger, der versucht, die Quelle des Bösen zu beseitigen und Frieden und Ruhe in sein Land zu bringen. Das Gameplay ist identisch mit Space Ace, Dragon's Lair und Time Gal, wobei der Spieler zu einem bestimmten Zeitpunkt Tasten drückt, um Hindernissen auszuweichen oder gegen Feinde zu kämpfen, um zum nächsten Bildschirm zu gelangen. Im Verlauf des Spiels werden Weltveränderungen basierend auf den Aktionen der Spieler im Laufe des Spiels angezeigt.
Super Street Fighter II Turbo (USA)	Super Street Fighter II Turbo für 3DO ist ein Kampfspiel, das Teil der berühmten Street Fighter II-Serie von Capcom ist. Diese Version für 3DO ist ein Porting der Arcade-Version, die Eins-gegen-Eins-Kämpfe zwischen verschiedenen Charakteren bietet, jeder mit speziellen Moves und einzigartigen Kampfstilen.nnDas Spiel enthält eine Auswahl ikonischer Wrestler wie Ryu, Ken, Chun-Li, Guile, Blanka, E. Honda, Zangief, Dhalsim und neue Charaktere wie Fei Long, Cammy, T. Hawk und Dee Jay. Jeder Kämpfer hat seine eigenen Spezialbewegungen und Combos, und das Ziel des Spiels ist es, Gegner in einer Reihe von Kämpfen zu besiegen.nnDer Turbo-Modus in diesem Titel erhöht die Geschwindigkeit des Spiels im Vergleich zur Vorgängerversion, wodurch die Kämpfe noch hektischer und schneller werden. Das Gameplay konzentriert sich auf Kopf-an-Kopf-Herausforderungen, wobei der Spieler Strategie, Timing und Fähigkeiten in Combos einsetzen muss, um zu gewinnen.
Super Street Fighter II X - Grand Master Challenge (Japan)	Super Street Fighter II Turbo für 3DO ist ein Kampfspiel, das Teil der berühmten Street Fighter II-Serie von Capcom ist. Diese Version für 3DO ist ein Porting der Arcade-Version, die Eins-gegen-Eins-Kämpfe zwischen verschiedenen Charakteren bietet, jeder mit speziellen Moves und einzigartigen Kampfstilen.nnDas Spiel enthält eine Auswahl ikonischer Wrestler wie Ryu, Ken, Chun-Li, Guile, Blanka, E. Honda, Zangief, Dhalsim und neue Charaktere wie Fei Long, Cammy, T. Hawk und Dee Jay. Jeder Kämpfer hat seine eigenen Spezialbewegungen und Combos, und das Ziel des Spiels ist es, Gegner in einer Reihe von Kämpfen zu besiegen.nnDer Turbo-Modus in diesem Titel erhöht die Geschwindigkeit des Spiels im Vergleich zur Vorgängerversion, wodurch die Kämpfe noch hektischer und schneller werden. Das Gameplay konzentriert sich auf Kopf-an-Kopf-Herausforderungen, wobei der Spieler Strategie, Timing und Fähigkeiten in Combos einsetzen muss, um zu gewinnen.
Super Wing Commander (USA)	Super Wing Commander auf 3DO ist das Remake von Wing Commander, einem Actionspiel, das in einem futuristischen Universum spielt. Der Spieler verkörpert einen jungen Piloten im Krieg gegen die Kilrathi. Das Spiel beinhaltet sowohl die Kampagnen des ersten Opus als auch die seines Add-ons. Neue Missionen sind verfügbar und alle Dialoge wurden digitalisiert.
T&E VR Golf - Devil's Course (Japan)	Wicked 18 ist ein Golfspiel mit einem Twist. Der Spieler übernimmt die Kontrolle über einen Golfer auf den extremsten 18 Löchern des Golfsports mit hohen Bergen, Schluchten und verschiedenen Objekten und Hindernissen, die den Spieler jederzeit stoppen können. Es stehen vier verschiedene Spielmodi zur Auswahl: Stroke, Match, Skin und Tournament mit der Möglichkeit, gegen drei andere Freunde in einem heißen Match anzutreten. Es gibt auch ein Batterie-Backup, das den Fortschritt des Spielers nach jedem Loch speichert.
T&E VR Golf - Pebble Beach no Hatou (Japan)	Bis zu sechs Spieler können in Sega Sports' Pebble Beach Golf Links eine Runde Golf auf dem weltberühmten Pebble Beach Golfplatz spielen. Es bietet sieben Spielmodi, darunter Turnier, Schlagspiel, Skins-Spiel und Match-Spiel sowie Kommentare und Strategien von Golf-Profi Craig Stadler. Sie haben auch die Möglichkeit, Ihren eigenen Spieler zu erstellen und Ihre eigenen benutzerdefinierten Golfschläger auszuwählen, um Craig Stadler und andere KI-Spieler auf dem Platz herauszufordern. Statistiken wie Handicaps und Platzrekorde werden im gesamten Spiel verfolgt. Wenn Sie jedoch jemals genug davon haben, gegen Ihre Freunde und die KI anzutreten, können Sie das Spiel im Watch-Modus spielen und einfach zurücklehnen und zusehen, wie Craig Stadler auf dem Pebble Beach-Platz gegen die Konkurrenz antritt.
T&E VR Golf - Waialae no Kiseki (Japan)	Schnapp dir die Schläger und ab zum ersten Abschlag! Diese Golfsimulation bildet den weltberühmten Waialae Golfplatz in Hawaii nach, bekannt für zahlreiche Bunker und schnelle Greens. Du kannst deinen Golfer auswählen, ihm einen Caddy zuweisen, dein Schlägerset wählen und Werte für Kraft, Putten, Technik, Erholung und Windspiel anpassen. Das Spiel bietet einen Trainingsmodus, ein Turnier und die Möglichkeit, Freunde in einem Stroke-Match herauszufordern. Interessanterweise wurde das Spiel nicht von der PGA lizenziert und setzt voraus, dass der Golfer immer männlich ist.
Takeru (Japan) (Rev 1)	Takeru - Letter of the Law est un jeu vidéo basé sur la série manga de Buichi Terasawa L'histoire du jeu et du manga suit le chasseur de primes shinobi (ninja) Takeru Ichimonji et son acolyte Bumbuku au pays de Yamato alors qu'ils combattent la méchante sorcière Kaganju pour sauver la princesse du Vent Hien et empêcher la résurrection de la reine Himiko.
Tetsujin (Japan)	Iron Angel of the Apocalypse auf 3DO ist ein Ego-Shooter mit Zwischensequenzen, die die Handlung vorantreiben. Der Spieler übernimmt die Rolle von Tetsujin, einem Cyborg, der von einem verrückten Wissenschaftler erfunden wurde, um die Menschheit zu zerstören. Tetsujin beschließt, sich gegen seinen Schöpfer zu wenden und das Spiel beginnt damit, dass der Roboter sich auf den Weg zum Labor des Wissenschaftlers macht.
Theme Park (USA)	In Theme Park muss der Spieler seinen eigenen Vergnügungspark leiten. Um ihn zu vergrößern, muss er so viele Besucher wie möglich anlocken, die sich einen unterhaltsamen, aber sauberen Park wünschen. Um dies zu erreichen, kann er eine Vielzahl von Attraktionen bauen, von Hüpfburgen bis zu Achterbahnen ... Der Spieler kann auch Geschäfte wie Getränke-, Pommes- und Eisverkäufer bauen. Er muss dann die Preise, Lagerbestände und andere Parameter verwalten. Die Suche nach neuen Attraktionen und Geschäften ist möglich, indem man in die Forschung investiert. Man kann auch nach neuen Dekorationen (Bäume, Blumen) oder Infrastrukturen (Mülleimer, Toiletten ...) suchen. Auch das Personalmanagement gehört dazu. Man muss Mechaniker, Sicherheitspersonal, Animateure und Reinigungskräfte einstellen. Die Qualität ihrer Arbeit hängt natürlich von ihrer Bezahlung ab.
Total Eclipse (USA)	„Total Eclipse“ spielt im Jahr 2099 und versetzt dich in eine futuristische 3D-Schlacht gegen die außerirdische Rasse der Drak-Sai, die Erde und Sonne zerstören wollen. Du steuerst das Kampfschiff FireWing durch 20 Missionen mit einer Perspektive hinter dem Schiff, die an einen Rail-Shooter erinnert. Mit Manövern nach oben, unten, links und rechts navigierst du durch actionreiche Szenarien, wobei deine Waffen über drei Leistungsstufen verfügen. Die Geschichte entfaltet sich in vorgerenderten Zwischensequenzen, während die visuelle Darstellung auf 3D-Textur-Mapping setzt. Die PlayStation-Version bietet beschleunigtes Gameplay und ein Passwortsystem für flexiblen Spielzugang.
Tozasareta Yakata (Japan)	In den frühen 1930er Jahren verschwanden Tess Conway, die von altägyptischer Geschichte besessen war, und ihre Gäste spurlos... mitten während einer wilden Party auf dem Conway-Inselanwesen. Sechzig Jahre nach diesen Ereignissen ist es Ihre Mission, die seltsamen Vorfälle zu untersuchen, die sich damals ereignet haben. Obwohl Killing Time grafisch ein typischer Doom-Klon ist, gibt es einige Unterschiede: Das Spiel hat ein riesiges Level anstelle vieler kleinerer, was es Ihnen ermöglicht, jederzeit zu alten Orten zurückzukehren, um beispielsweise Gesundheitspakete oder Munition aufzunehmen. Auch erscheinen die Geister von Tess und ihren Gästen gelegentlich und bringen die Geschichte dieses Abends ans Licht, indem sie Ihnen helfen, Schlüssel zu finden, Türen zu öffnen, geheime Gänge zu finden und Rätsel zu lösen.
True Golf Classics - Pebble Beach Golf Links (Europe)	Bis zu sechs Spieler können in Sega Sports' Pebble Beach Golf Links eine Runde Golf auf dem weltberühmten Pebble Beach Golfplatz spielen. Es bietet sieben Spielmodi, darunter Turnier, Schlagspiel, Skins-Spiel und Match-Spiel sowie Kommentare und Strategien von Golf-Profi Craig Stadler. Sie haben auch die Möglichkeit, Ihren eigenen Spieler zu erstellen und Ihre eigenen benutzerdefinierten Golfschläger auszuwählen, um Craig Stadler und andere KI-Spieler auf dem Platz herauszufordern. Statistiken wie Handicaps und Platzrekorde werden im gesamten Spiel verfolgt. Wenn Sie jedoch jemals genug davon haben, gegen Ihre Freunde und die KI anzutreten, können Sie das Spiel im Watch-Modus spielen und einfach zurücklehnen und zusehen, wie Craig Stadler auf dem Pebble Beach-Platz gegen die Konkurrenz antritt.
True Golf Classics - Waialae Country Club (Germany)	Schnapp dir die Schläger und ab zum ersten Abschlag! Diese Golfsimulation bildet den weltberühmten Waialae Golfplatz in Hawaii nach, bekannt für zahlreiche Bunker und schnelle Greens. Du kannst deinen Golfer auswählen, ihm einen Caddy zuweisen, dein Schlägerset wählen und Werte für Kraft, Putten, Technik, Erholung und Windspiel anpassen. Das Spiel bietet einen Trainingsmodus, ein Turnier und die Möglichkeit, Freunde in einem Stroke-Match herauszufordern. Interessanterweise wurde das Spiel nicht von der PGA lizenziert und setzt voraus, dass der Golfer immer männlich ist.
Ultraman Powered (Japan)	Ultraman Powered: The Ultimate Hero ist ein Spiel, in dem du Ultraman verkörperst, einen Helden, der hierzulande kaum bekannt ist, aber in Japan sehr beliebt ist und der Gründer des Super-Sentai-Genres ist, wie Bioman oder Power Rangers. In diesem 1-gegen-1-Kampfspiel musst du gegen Monster oder Dinosaurier kämpfen, die entweder von der KI oder von einem menschlichen Gegner gesteuert werden. Es gibt zwei Modi: den Versus-Modus und den Story-Modus.
Virtual Horror - Norowareta Yakata (Japan) (En,Ja)	Escape from Monster Manor auf 3DO ist ein Ego-Shooter-Spiel. Böse Mächte haben sich über die Erde ausgebreitet und nur der Heilige Talisman kann diese Horden von Zombies, Geistern und anderen dämonischen Kreaturen abwehren. Sie müssen ein düsteres Herrenhaus betreten und in den 12 Leveln des Spiels alle Teile des Talismans einsammeln, um die menschliche Spezies vor den lebenden Toten zu retten.
Virtual Quest - Pharaoh no Fuuin (Japan)	Seal of the Pharaoh ist ein Abenteuerspiel auf 3DO. Im alten Ägypten erwarten Sie Geheimnisse, Fallen und Echtzeitkämpfe. Prophezeiung ist der Schlüssel. Es gibt Geheimgänge – versteckt in den Tiefen der Kerker. Kämpfe und Geheimnisse entführen Sie in ein verzaubertes Abenteuer.
Waialae Country Club (USA, Canada)	Schnapp dir die Schläger und ab zum ersten Abschlag! Diese Golfsimulation bildet den weltberühmten Waialae Golfplatz in Hawaii nach, bekannt für zahlreiche Bunker und schnelle Greens. Du kannst deinen Golfer auswählen, ihm einen Caddy zuweisen, dein Schlägerset wählen und Werte für Kraft, Putten, Technik, Erholung und Windspiel anpassen. Das Spiel bietet einen Trainingsmodus, ein Turnier und die Möglichkeit, Freunde in einem Stroke-Match herauszufordern. Interessanterweise wurde das Spiel nicht von der PGA lizenziert und setzt voraus, dass der Golfer immer männlich ist.
Wicked 18 (USA)	Wicked 18 ist ein Golfspiel mit einem Twist. Der Spieler übernimmt die Kontrolle über einen Golfer auf den extremsten 18 Löchern des Golfsports mit hohen Bergen, Schluchten und verschiedenen Objekten und Hindernissen, die den Spieler jederzeit stoppen können. Es stehen vier verschiedene Spielmodi zur Auswahl: Stroke, Match, Skin und Tournament mit der Möglichkeit, gegen drei andere Freunde in einem heißen Match anzutreten. Es gibt auch ein Batterie-Backup, das den Fortschritt des Spielers nach jedem Loch speichert.
Wolfenstein 3D (USA)	Wolfenstein 3D (3DO) ist die technisch aufgewertete Version des legendären Ego-Shooters, der das Genre begründete. Der Spieler schlüpft in die Rolle von B.J. Blazkowicz, einem alliierten Agenten, der aus einer Nazi-Festung entkommt und sich durch Horden von Wachen, Hunden und mechanischen Monstern kämpft. Die 3DO-Fassung, entwickelt von Logicware und produziert von MacPlay, nutzt überarbeitete Texturen, neue Sprites, eine verbesserte Farbpalette und einen neu aufgenommenen, orchestralen Soundtrack. Zudem läuft das Spiel in höherer Auflösung und mit flüssigeren Animationen als viele andere Konsolenports jener Zeit. Trotz leicht angepasster Steuerung bleibt das klassische Gameplay erhalten: Schlüssel finden, Geheimräume entdecken, Munition sparen und den nächsten Boss besiegen. Wolfenstein 3D auf der 3DO ist ein Stück Shooter-Geschichte – brutaler, klarer und audiovisuell beeindruckender als seine früheren Umsetzungen.
Yakyuuken Special, The (Japan)	Yakyuken, ein beliebtes japanisches erotisches Spiel von Strip-Rock-Paper-Scissors, mit hübschen jungen Frauen.
Yamada Kamachi Bijutsukan - Kamachi's Museum (Japan)	&quot;Yamada Kamachi Bijutsukan: Kamachis Museum&quot; ist ein Spiel aus der Kategorie &quot;Miscellaneous&quot;, das von System Sacom entwickelt und von TV Asahi veröffentlicht wurde. Es wurde im Jahr 1995 in Japan veröffentlicht.&quot;
Yamamura Misa Suspense - Kyoto Kurama Sansou Satsujin Jiken (Japan) (Disc 1)	&quot;Kyouto Anba Sansou Satsujin Jiken&quot; ist ein Kriminalabenteuerspiel, das auf den Schriften von Misa Yamamura basiert. Der Spieler schlüpft in die Rolle von Akiko Sonoyama, einer freiberuflichen Ermittlerin, die sich inmitten eines Mordfalls wiederfindet. Das Spiel verwendet Live-Action-Videos und Schauspieler, um die Geschichte zu erzählen, während der Spieler den Fall durch Ermittlungen und Gespräche mit verschiedenen Charakteren lösen muss. Das Spiel wurde später auf die PSP portiert und als Visual Novel umgestaltet, wobei die Live-Action-Szenen durch Silhouetten ersetzt wurden.&quot;
Yu Yu Hakusho (Japan)	&quot;Yū Yū Hakusho&quot; ist ein Kampfspiel, das auf dem Anime &quot;Yu Yu Hakusho&quot; basiert. Der Spieler kann aus 15 Charakteren wählen, von denen jeder seine eigenen Spezial- und Hyper-Moves hat. Die Animationen der Charaktere wurden vom Animationsstudio gezeichnet, das auch für die TV-Animation verantwortlich war.&quot;
Yuujou Densetsu - The Doraemons (Japan)	Doraemon Yuujou Densetsu ist ein Abenteuerspiel, entwickelt und veröffentlicht von Shogakukan, das 1995 in Japan veröffentlicht wurde. Doraemon ist ein Abenteuerspiel, das aussieht und sich spielt wie der Zeichentrickfilm. Doraemon, der ohrenlose, magische Flüssigkeiten trinkende Hauptprotagonist, ist auf einer Mission unterwegs, um herauszufinden, warum eine kleine Truppe internationaler Doraemons in der Stadt Amok läuft und randaliert.
Zhadnost - The People's Party (USA, Europe)	Willkommen bei Zhadnost, dem &quot;beliebtesten Spiel im bizzarnischen staatlichen Fernsehen&quot;! Bizzarnia, eine kleine kommunistische Nation, hat Kandidaten für ihre Lieblingsspielshow entführt und lässt sie gegeneinander antreten, um ihre Freiheit zu gewinnen. In diesem Partyspiel für zwei bis vier Personen seid ihr in ständiger Action. Ihr werdet Mini-Spiele spielen, wie zum Beispiel Propaganda und Eye Spy. Versucht, eure Gegner zu härteren Spielen zu zwingen und enthüllt Geheimnisse über ihre Charaktere. Alle Charaktere sind live dargestellt, einschließlich des Moderators.
