#key	synopsis
3D Atlas (USA)	3D Atlas per 3DO è un atlante interattivo pubblicato nel 1994 che permette di esplorare il mondo in 3D con mappe dettagliate basate su immagini satellitari. Offre contenuti multimediali come foto, video documentari e statistiche su vari temi geografici. Include anche un quiz educativo, &quot;Around The World&quot;, per testare le conoscenze geografiche dei giocatori.
AI Shougi (Japan)	AI Shogi è un videogioco del 1995 per la console 3DO che simula il tradizionale gioco giapponese dello shogi, spesso definito come &quot;scacchi giapponesi&quot;. Sviluppato da Something Good e pubblicato da Taito, il gioco offre un'esperienza di shogi per giocatore singolo, seguendo le regole classiche del gioco.
Alone in the Dark (USA)	Jeremy Hartwood si è suicidato a Derceto, la sua villa in Louisiana. Vestirai i panni di Edward Carnby, un investigatore privato, o di Emily Hartwood, la nipote di Jeremy, e dovrai indagare sulla morte sospetta. Si ritiene che la villa a tre piani sia infestata dal suo eccentrico ex proprietario. Vedrai presto che è così. Ratti deformi, zombi e vermi giganti sono tra i nemici che ti inseguiranno e dai quali dovrai in qualche modo scappare. Alone in the Dark è un gioco di azione / avventura survival horror. L'azione è rappresentata da una serie di punti di vista fissi. Gli sfondi sono immagini dipinte in 2D, mentre il personaggio giocabile, i mostri e gli oggetti sono modelli renderizzati in 3D. NnnnPer fuggire dalla villa dovrai risolvere una serie di enigmi. Di solito implicano la ricerca di un oggetto e il suo utilizzo nel luogo appropriato. Oltre agli oggetti richiesti dai puzzle, troverai anche libri e documenti che possono essere letti, oggetti curativi che possono essere consumati e armi. Le armi sono utili, poiché Derceto è pieno di vari mostri. Alcuni possono essere uccisi con le armi, ma altri sono impossibili da uccidere o richiedono un'attenta riflessione su come ucciderli. Le munizioni sono limitate, quindi è necessario utilizzare armi da testa.
Alone in the Dark 2 (USA)	In Alone in the Dark 2 (&quot;Only in the Dark 2&quot;), interpreti il ​​ruolo del detective Edward Carnby, uno dei due personaggi principali del gioco originale Alone in the Dark. Carnby è tenuto a indagare su un contrabbandiere di nome One Eyed Jack dopo che un ex collega di detective di nome Stryker ha accusato Jack di rapire la giovane Grace Sanders. Stryker ha tentato di infiltrarsi nella fatiscente villa di Jack a Hell's Kitchen e salvare la ragazza, prima di scomparire lui stesso. È qui che entra in gioco Carnby. Carnby scopre presto che Jack ei suoi gangster sono in realtà pirati del XV secolo che hanno ottenuto l'immortalità quando Jack ha collaborato con Elisabeth Jarret, una strega Voodoo. Tuttavia, la stessa magia che li mantiene immortali richiede che Jack e il suo equipaggio eseguano regolarmente sacrifici umani (il che spiega il rapimento di Grace) .Ora Carnby deve farsi strada attraverso Hell's Kitchen e l'esercito di gangster con mitra, alla ricerca di un modo per rompere l'incantesimo e farli rimanere morti.Alone in the Dark 2 è un'avventura d'azione, simile all'originale Alone in the Dark.
Anno Mitsumasa Pepperon-mura no Shiki (Japan)	Peperon Mura no Shiki è titolo educativo e interattivo, ambientato in un villaggio fiabesco che cambia con le stagioni. I giocatori esplorano ambienti animati, interagiscono con personaggi e partecipano a minigiochi leggeri. Con una presentazione colorata e uno stile rilassante, è pensato per un pubblico giovane.
Another World (Europe)	Another World è un'avventura cinematografica del 1994 in cui il giovane scienziato Lester Knight Chaykin viene trasportato in un mondo alieno dopo un esperimento fallito. Tra pericoli, creature ostili e un misterioso alleato, il giocatore deve sopravvivere risolvendo enigmi e affrontando sequenze d'azione, il tutto con una grafica stilizzata e un'atmosfera unica.
Aqua World - Umi Monogatari (Japan)	Aqua World: Umi Monogatari è un titolo educativo e simulativo per 3DO, pubblicato nel 1995 esclusivamente in Giappone. Il gioco offre tre principali modalità: Data Fish: presenta fotografie, informazioni dettagliate e modelli 3D di pesci e mammiferi marini. Mermaid: consente al giocatore di simulare la vita di un animale marino in un ambiente oceanico o in un acquario virtuale. Electric Blue: offre sequenze cinematografiche interattive di creature marine che nuotano nell'oceano. Il titolo combina elementi educativi con esperienze interattive, permettendo agli appassionati del mondo marino di esplorare e apprendere in modo coinvolgente.
Armageddon (Korea)	Armageddon è un videogioco d'azione spaziale pubblicato nel 1996 esclusivamente per la console 3DO in Corea del Sud. Basato sull'omonimo film d'animazione del 1996 diretto da Lee Hyun-se, il gioco combina elementi di simulazione spaziale con combattimenti in stile arcade. I giocatori pilotano una navicella spaziale attraverso ambienti pseudo-3D, affrontando nemici e ostacoli in missioni che richiedono abilità sia nel combattimento che nella navigazione. Sebbene presenti somiglianze con titoli come &quot;Wing Commander&quot;, &quot;Armageddon&quot; si distingue per la sua ambientazione unica e per essere uno dei pochi giochi sviluppati esclusivamente per il mercato coreano su 3DO.
AutoBahn Tokio (Japan)	Autobahn Tokio è un videogioco di corse automobilistiche pubblicato nel 1995 esclusivamente per la console 3DO in Giappone. I giocatori possono scegliere tra quattro auto senza nome, ognuna con caratteristiche diverse, ispirate a modelli reali. Il gioco offre tre tracciati distinti: una città notturna, un'autostrada costiera e una pista forestale. Le gare si svolgono contro un avversario controllato dal computer, con l'obiettivo di raggiungere i checkpoint nel minor tempo possibile. Sono disponibili sia trasmissioni automatiche che manuali per ogni veicolo. Nonostante sia stato rilasciato solo in Giappone, tutti i menu e i testi del gioco sono in inglese.
Bakushou!! All Yoshimoto Quiz-ou Ketteisen (Japan)	Bakushou!! All Yoshimoto Quiz-Ou Ketteisen: Un gioco a quiz giapponese che combina il format di un gioco di domande e risposte con un tocco di umorismo. I giocatori rispondono a domande su vari argomenti, cercando di guadagnare punti. Basato sull'azienda Yoshimoto Kogyo, il gioco è pieno di riferimenti culturali giapponesi e battute comiche, rendendolo particolarmente popolare tra i fan dell'umorismo nipponico.
Ballz - The Director's Cut (World) (En,Ja)	Ballz: The Director's Cut: Una versione migliorata di &quot;Ballz 3D&quot;, un picchiaduro che si distingue per il design dei personaggi: invece di umani, i combattenti sono sfere con caratteristiche e abilità uniche. Il gioco si concentra su battaglie 3D dinamiche e spettacolari, con ogni personaggio dotato di mosse speciali. La Director's Cut aggiunge miglioramenti grafici e nuove modalità di gioco rispetto alla versione originale.
Battle Blues (Korea)	Battle Blues è Un gioco strategico a turni, esclusivo per il mercato coreano, che offre una combinazione di esplorazione e combattimento. I giocatori assumono il controllo di vari personaggi e devono completare missioni in un mondo virtuale, affrontando avversari attraverso un sistema di battaglie tattiche. La sua atmosfera è più rilassata rispetto ad altri giochi strategici, con uno stile grafico che richiama i giochi di ruolo giapponesi.
Battle Chess (USA)	Battle Chess è una versione animata del classico gioco degli scacchi. Ogni volta che un pezzo viene catturato, si scatena una battaglia animata, con i pezzi che si scontrano in modo spettacolare. Questo gioco aggiunge un elemento visivo e dinamico al tradizionale gioco degli scacchi, rendendolo più coinvolgente sia per i neofiti che per i veterani degli scacchi.
Battle Pinball (Japan)	Battle Pinball è un flipper futuristico che offre una versione innovativa del classico gioco da sala giochi. In questo titolo, i giocatori devono navigare tra vari livelli di pinball, affrontando sfide e bonus che aggiungono un tocco di complessità. Le regole del pinball sono mescolate con sfide arcade, creando un'esperienza divertente per gli appassionati del genere.
BattleSport (USA)	BattleSport è un gioco sportivo futuristico che mescola elementi di combattimento e corse. I giocatori pilotano veicoli armati in arene competitive, cercando di segnare punti mentre combattono contro avversari. La sua azione frenetica e l'ambiente ad alta energia lo rendono un titolo adatto a chi cerca un'esperienza di gioco veloce e intensa.
BC Racers (USA, Europe)	BC Racers è un gioco di corse preistoriche che presenta veicoli a forma di dinosauri e altri elementi dell'era giurassica. Il gioco offre tracciati fantasiosi e power-up divertenti, con personaggi della serie &quot;Chuck Rock&quot;. Le corse sono veloci e coinvolgenti, mescolando l'umorismo con una sfida arcade classica.
Belzerion (Japan)	Belzerion è un gioco di avventura e strategia che si svolge in un mondo fantasy. Il protagonista deve affrontare varie sfide e risolvere enigmi per avanzare nella trama. Belzerion è caratterizzato da una narrazione coinvolgente e da meccaniche di gioco che combinano esplorazione e combattimenti.
BFS - Blue Forest Story (Japan)	Blue Forest Story: Kaze no Fuuin è un gioco di ruolo giapponese con una trama affascinante e un gameplay a turni. I giocatori esplorano un mondo fantasy, affrontando nemici e risolvendo enigmi. La storia coinvolge una serie di misteri legati a un'antica foresta, con personaggi riccamente sviluppati e una colonna sonora che accompagna l'avventura.
Blade Force (USA)	Blade Force è un gioco d'azione in terza persona in cui il giocatore controlla un agente che si muove attraverso una città futuristica, affrontando criminali e risolvendo enigmi. Il gioco si distingue per l'uso di un jetpack, che consente al protagonista di muoversi liberamente nell'ambiente di gioco. L'azione è rapida e intensa, con un mix di combattimento e esplorazione.
Blonde Justice (USA)	Blonde Justice è un gioco per adulti esclusivo per il mercato giapponese, che segue le avventure di una giovane detective in un mondo di crimine e corruzione. Il titolo include elementi di avventura e narrativa, con uno stile grafico che richiama le atmosfere noir. La trama e i temi sono orientati a un pubblico maturo, con contenuti espliciti e adulti.
Blood Angels (Japan)	Space Hulk: Vengeance of the Blood Angels per 3DO è un gioco strategico e tattico ambientato nell'universo di Warhammer 40,000. Il giocatore comanda una squadra dei Blood Angels, Space Marines d'élite, in una missione su un &quot;Space Hulk&quot; infestato da Genestealers (alieno simile a xenomorfo). L'obiettivo è recuperare artefatti mentre si affrontano agguati nemici in ambienti angusti. Il gioco combina combattimento tattico in tempo reale con una gestione strategica delle risorse. Con una grafica 3D e una visuale isometrica, Space Hulk è un'esperienza intensa di sopravvivenza e azione, caratterizzata da alta difficoltà e missioni complesse.
Bonogurashi (Japan)	Bonogurashi è un gioco di simulazione e avventura che segue la vita di un personaggio in un mondo giapponese ideale. Pochi dettagli sono noti su questo titolo, ma sembra essere un'esperienza di gioco tranquilla e riflessiva, probabilmente focalizzata su temi di vita quotidiana e interazioni sociali.
BrainDead 13 (USA) (Disc 1)	Brain Dead 13 è un'avventura interattiva in stile cartone animato, dove il giocatore deve aiutare un eroe di nome Curtis a fuggire da un castello infestato. Il gioco è caratterizzato da sequenze di azione frenetiche, enigmi e numerosi finali alternativi. La grafica in stile cartone animato e l'umorismo nero lo rendono un titolo unico.
Burning Soldier (USA, Korea)	Burning Soldier è un gioco di tiro in terza persona sviluppato da Taito per la console 3DO. Il gioco si svolge in un mondo futuristico dove i giocatori controllano un soldato armato di una tuta speciale e una varietà di armi. L'obiettivo principale è sconfiggere eserciti di nemici robotici e affrontare una serie di boss per salvare l'umanità dalla minaccia tecnologica. La caratteristica principale del gioco è l'azione adrenalinica, in cui il giocatore deve navigare in scenari tridimensionali e affrontare i nemici con un mix di esplosioni e combattimenti ravvicinati. La visuale in terza persona, il ritmo veloce e la grafica 3D avanzata per l'epoca, erano gli elementi distintivi di questo titolo.
Bust-A-Move (USA)	Bust-A-Move (conosciuto anche come Puzzle Bobble) è un gioco puzzle sviluppato da Taito per la 3DO e molte altre piattaforme. È un gioco di abbinamento di bolle colorate, dove il giocatore deve sparare bolle dal basso dello schermo verso quelle sospese in alto. Se tre o più bolle dello stesso colore si toccano, esplodono, e il giocatore deve cercare di eliminare tutte le bolle per passare al livello successivo. La sfida aumenta man mano che il livello avanza, con le bolle che si abbassano progressivamente, aumentando la pressione. Il gioco è noto per la sua meccanica semplice ma coinvolgente, e per l'approccio divertente e casual, che lo ha reso un classico dei giochi di puzzle.
Cannon Fodder (USA)	Guidate una squadra di un massimo di sei soldati attraverso diverse zone di battaglia in questo gioco d'azione/strategia dall'alto verso il basso. Si seleziona un soldato o un gruppo e si clicca su un pulsante per spostarlo in una determinata posizione e su un altro per sparare a un nemico. È anche possibile raccogliere granate o razzi che possono essere utilizzati per distruggere gruppi di nemici, edifici o determinati veicoli. Ogni missione ha un obiettivo specifico e alcune coinvolgono veicoli come i carri armati. Le truppe possono attraversare l'acqua ma non possono spararvi dentro, quindi trovare e controllare i ponti è spesso fondamentale. Potete sfruttare la disposizione degli alberi per trovare nascondigli da cui sparare, ma fate attenzione ai soldati nemici che fanno lo stesso.
Captain Quazar & BattleSport (Europe) (Demo)	Captain Quazar è un gioco d'azione in stile platform sviluppato da High Voltage Software per la 3DO. Il protagonista del gioco è Quazar, un eroe intergalattico che combatte contro le forze malvagie di un impero alieno. Il gioco è ambientato in vari mondi futuristici e ogni livello offre una combinazione di combattimenti, esplorazione e risoluzione di puzzle. Il gameplay si distingue per l'uso di armi avanzate, la possibilità di raccogliere power-up e affrontare una varietà di nemici in ambienti a scorrimento laterale. La grafica colorata e l'atmosfera un po' esagerata contribuiscono a creare un'esperienza di gioco divertente, ma con un buon livello di difficoltà. Captain Quazar non ha ricevuto la stessa popolarità di altri titoli, ma ha guadagnato una certa fama tra i fan della console per la sua giocabilità e il suo stile visivo unico.
Captain Quazar (USA)	Captain Quazar è un gioco d'azione in stile platform sviluppato da High Voltage Software per la 3DO. Il protagonista del gioco è Quazar, un eroe intergalattico che combatte contro le forze malvagie di un impero alieno. Il gioco è ambientato in vari mondi futuristici e ogni livello offre una combinazione di combattimenti, esplorazione e risoluzione di puzzle. Il gameplay si distingue per l'uso di armi avanzate, la possibilità di raccogliere power-up e affrontare una varietà di nemici in ambienti a scorrimento laterale. La grafica colorata e l'atmosfera un po' esagerata contribuiscono a creare un'esperienza di gioco divertente, ma con un buon livello di difficoltà. Captain Quazar non ha ricevuto la stessa popolarità di altri titoli, ma ha guadagnato una certa fama tra i fan della console per la sua giocabilità e il suo stile visivo unico.
Carrier - Fortress at Sea (USA)	Impara tutto sulla Carrier Fortress a propulsione nucleare della marina statunitense, basata sulla USS Carl Vinson (CVN 70). Le informazioni mostrate nei riassunti, nei diagrammi e nelle immagini includono le aree della portaerei, il personale, l'equipaggiamento e le operazioni eseguite. Oltre a conoscere la portaerei stessa, il giocatore può eseguire una simulazione di volo di manovra e atterraggio dell'F-14 Tomcat in condizioni specifiche.
Casper (USA)	Casper è un gioco d'avventura basato sull'omonimo personaggio dei cartoni animati e film, sviluppato da Titus Interactive per 3DO. Il gioco è pensato principalmente per un pubblico giovane e si concentra sulla figura di Casper, il fantasma amichevole che cerca di fare amicizia con i vivi. La trama del gioco ruota attorno alla casa di Casper, dove il giocatore deve esplorare vari ambienti, risolvere enigmi e affrontare sfide per aiutare Casper a diventare un fantasma &quot;buono&quot; agli occhi degli altri.
Chiki Chiki Machine Mou Race - Kenken to Black Maou no Ijiwaru Daisakusen (Japan)	Chiki Chiki Machine Mou Race non è il classico gioco di corse, basato sul famoso cartone animato di Hanna & Barbera degli anni 60 &quot;Wacky Races&quot;, è infatti un filmato interattivo nel quale ci ritroveremo a piazzare la nostra scommessa puntando sul vincitore della prossima gara, una volta fatto assisteremo al video in FMV della corsa per vedere se la fortuna ci ha sorriso.
Chiki Chiki Machine Mou Race 2 - In Space (Japan)	Una simulazione di corse/punta e clicca giapponese chiara e basata sulla trama, basata sul classico film d'animazione Wacky Races. Questo gioco è stato sviluppato e pubblicato da Future Pirates nel 1995.
Club 3DO - Station Invasion (USA)	Club 3DO: Station Invasion è un gioco educativo, presentato come un game show e progettato per bambini dai 7 ai 14 anni. Il tuo compito è essere il miglior produttore di una stazione televisiva per soli bambini. Scegli tra cinque programmi di successo: una sitcom, un game show, un talk show, una soap opera e un'avventura misteriosa. Risolvi i puzzle e le sfide di ogni programma per ottenere valutazioni più elevate. Il gioco offre un mix di computer grafica e video di personaggi dal vivo.
Corpse Killer (USA)	Corpse Killer è uno sparatutto video full-motion. Giochi nei panni di un soldato d'élite delle forze speciali, che si lancia con il paracadute su un'isola tropicale remota. Sembra che il genio malvagio Dr. Hellman abbia trovato un modo per resuscitare i morti e abbia creato un'isola di zombi. Tocca a te farti strada a colpi di pistola tra le orde di non morti e fermare il Dr. Hellman. Il gioco è giocato in prima persona. Vari zombi compaiono davanti a uno sfondo video e tu li abbatti muovendo un cursore sullo schermo o usando una pistola ottica. La versione Saturn ha alcune caratteristiche diverse, tra cui potenziamenti extra e filmati aggiuntivi di nemici.
Coven, The (USA)	The Coven per 3DO è un gioco di avventura e horror che si concentra su temi di stregoneria e occultismo. Ambientato in un villaggio remoto, il gioco segue un protagonista che si ritrova coinvolto in un misterioso e oscuro mondo di streghe e forze soprannaturali. La trama ruota attorno a un antico culto di streghe, con l'obiettivo del giocatore di indagare su eventi misteriosi e cercare di fermare un pericoloso incantesimo che minaccia il mondo.nnNel corso del gioco, i giocatori esplorano ambientazioni gotiche e inquietanti, affrontando enigmi, risolvendo puzzle e interagendo con vari personaggi che possono essere alleati o nemici. La narrazione si sviluppa attraverso scene di dialogo, scelte morali e sequenze di gioco che rivelano lentamente la verità dietro il culto e i suoi oscuri segreti.
Cowboy Casino (USA)	Il giocatore entra in un saloon pronto a giocare a carte. Il gioco contiene 4 diversi tipi di giochi di carte a cui scommettere, ovvero 5 Card Draw, 7 Card Stud, 5 Card Stud e Texas Hold'em. Il giocatore ha la possibilità durante le mani di chiamare, rilanciare o passare. Se uno dei quattro avversari del computer vince una mano, viene riprodotto un breve filmato FMV. La confezione originale del gioco include un piccolo tascabile &quot;The Basics of Winning Poker&quot; di J. Edward Allen.
Crash 'n Burn (USA, Korea)	Nel futuro del 2044, il mondo delle corse è diventato un'arena brutale e senza regole, dove velocità e distruzione si fondono in un unico spettacolo letale. I piloti competono in un campionato clandestino noto come Crash 'n' Burn, in cui l'obiettivo non è solo tagliare il traguardo per primi, ma anche sopravvivere. I giocatori scelgono tra sei piloti unici, ognuno con il proprio veicolo corazzato e personalizzabile, dotato di armi letali come mitragliatrici, missili e mine. Le gare si svolgono su circuiti ad alta velocità ambientati in città futuristiche e paesaggi ostili, dove la strategia è fondamentale: i giocatori devono bilanciare aggressività e sopravvivenza, raccogliere crediti per migliorare i veicoli e riparare i danni subiti tra una corsa e l'altra. Mentre il campionato avanza, la difficoltà aumenta e gli avversari diventano più spietati. Solo il pilota più veloce, intelligente e spietato potrà conquistare la gloria nel mondo violento di Crash 'n' Burn.
Crayon Shin-chan - Puzzle Daimaou no Nazo (Japan)	Crayon Shin-chan: Puzzle Daimaou no Nazo segue le esilaranti avventure del vivace bambino di cinque anni, Shinnosuke &quot;Shin-chan&quot; Nohara, mentre affronta una serie di sfide puzzle contro vari personaggi del suo mondo, tra cui familiari, compagni di classe e altri noti della serie. Il gameplay è simile a titoli come &quot;Puyo Puyo&quot;, dove i giocatori devono allineare e combinare blocchi colorati per farli scomparire. Una caratteristica distintiva del gioco è la presenza di blocchi speciali che, una volta eliminati, attivano abilità uniche, aggiungendo profondità strategica alle partite. Inoltre, ogni personaggio ha un set personalizzato di blocchi normali, riflettendo i loro interessi e personalità, il che aggiunge un ulteriore livello di immersione e varietà al gioco. Il gioco cattura l'umorismo e lo spirito della serie originale, offrendo animazioni vivaci e un'ampia quantità di doppiaggio, rendendolo un'esperienza coinvolgente per i fan di Shin-chan e gli appassionati di puzzle game.
Creature Shock (USA) (Disc 1)	Nel lontano futuro, l'umanità ha iniziato a esplorare lo spazio profondo in cerca di nuove risorse e mondi abitabili. Tuttavia, una spedizione inviata a esplorare un misterioso pianeta scompare senza lasciare tracce. Nei panni di un pilota d'élite, il giocatore viene inviato in una missione di salvataggio, ma il pianeta è infestato da creature aliene ostili e letali. Mentre avanzi attraverso ambienti claustrofobici e tunnel infestati da orrori alieni, devi affrontare ondate di mostri, superare pericolosi ostacoli e combattere giganteschi boss. La sopravvivenza dipende dalla tua abilità nel pilotare il tuo caccia spaziale e nell'affrontare i nemici in intensi combattimenti in prima persona. Man mano che la missione si svolge, scoprirai segreti oscuri sul pianeta e sull'origine delle creature. Quello che sembrava un semplice recupero si trasforma in una lotta disperata per la sopravvivenza, dove ogni scelta può fare la differenza tra il successo e l'annientamento.
Crime Patrol (USA)	Nei panni di una recluta delle forze dell'ordine, il giocatore inizia la sua carriera nella polizia con l'obiettivo di salire di grado e diventare un agente d'élite. La missione è semplice ma pericolosa: ripulire le strade dai criminali, affrontando sparatorie adrenaliniche in scenari realistici ripresi con attori dal vivo. Ogni missione richiede riflessi pronti e precisione, poiché il gameplay si basa su rapide sparatorie interattive: sparare ai criminali nel momento giusto garantisce il successo, mentre un errore può costare la vita. Con un'azione intensa e una progressione dinamica, Crime Patrol mette alla prova i giocatori in un'avventura poliziesca al cardiopalma, dove solo i migliori possono arrivare in cima alla gerarchia delle forze dell'ordine.
CyberDillo (USA)	In un futuro surreale, un armadillo viene investito e trasformato in un cyborg, il Cyberdillo. Un virus infetta il suo sistema, intrappolandolo in un mondo psichedelico popolato da nemici assurdi, come toilette animate e hot dog assassini. Per sopravvivere, deve combattere con armi stravaganti e ripulire la sua mente dal caos, affrontando un programma malvagio che minaccia di controllarlo per sempre.
Cyberia (USA)	Nel 2027, il mondo è controllato da due superpotenze rivali, l'Alleanza Mondiale Libera del Blocco Occidentale e il Cartello del Blocco Orientale. Le trasmissioni di una spia dell'FWA rivelano l'ubicazione di un laboratorio multinazionale segreto nel profondo della Siberia, il &quot;Cyberia Complex&quot;, dove viene sviluppata una misteriosa arma. Il leader dell'FWA Devlin libera dalla prigione un cyberhacker di nome Zak e lo invia a infiltrarsi nel complesso per scoprire la vera natura dell'arma Cyberia. Purtroppo, anche il Cartello è interessato a quest'arma e non si fermerà davanti a nulla per ottenerla. Zak non solo deve combattere per superare le forze del Cartello inviate a fermarlo, ma deve anche sconfiggere gli agenti del Cartello che hanno già preso il controllo del complesso.
D (USA, Europe) (Disc 1)	Laura Harris riceve una telefonata scioccante: suo padre, il dottor Richter Harris, stimato direttore di un ospedale, ha improvvisamente compiuto un massacro al suo interno e si è barricato all'interno della struttura. Senza spiegazioni, Laura si reca sul posto, ma appena entra viene trasportata in una realtà alternativa, un castello oscuro e spettrale. Intrappolata in questo mondo da incubo, Laura deve esplorare stanze inquietanti, risolvere enigmi e affrontare visioni disturbanti mentre cerca di scoprire la verità sul padre e sul mistero che avvolge il luogo. Man mano che avanza, il suo passato sepolto inizia a riemergere, rivelando un legame inquietante tra lei e l'orrore che la circonda. Con un tempo limite reale di due ore per completare il gioco e senza possibilità di salvare, D no Shokutaku offre un'esperienza intensa e psicologica, dove la verità può essere più terrificante degli incubi stessi.
D no Shokutaku (Japan) (Disc 1)	Laura Harris riceve una telefonata scioccante: suo padre, il dottor Richter Harris, stimato direttore di un ospedale, ha improvvisamente compiuto un massacro al suo interno e si è barricato all'interno della struttura. Senza spiegazioni, Laura si reca sul posto, ma appena entra viene trasportata in una realtà alternativa, un castello oscuro e spettrale. Intrappolata in questo mondo da incubo, Laura deve esplorare stanze inquietanti, risolvere enigmi e affrontare visioni disturbanti mentre cerca di scoprire la verità sul padre e sul mistero che avvolge il luogo. Man mano che avanza, il suo passato sepolto inizia a riemergere, rivelando un legame inquietante tra lei e l'orrore che la circonda. Con un tempo limite reale di due ore per completare il gioco e senza possibilità di salvare, D no Shokutaku offre un'esperienza intensa e psicologica, dove la verità può essere più terrificante degli incubi stessi.
D's Diner - The Director's Cut (Japan) (Disc A)	Laura Harris riceve una telefonata scioccante: suo padre, il dottor Richter Harris, stimato direttore di un ospedale, ha improvvisamente compiuto un massacro al suo interno e si è barricato all'interno della struttura. Senza spiegazioni, Laura si reca sul posto, ma appena entra viene trasportata in una realtà alternativa, un castello oscuro e spettrale. Intrappolata in questo mondo da incubo, Laura deve esplorare stanze inquietanti, risolvere enigmi e affrontare visioni disturbanti mentre cerca di scoprire la verità sul padre e sul mistero che avvolge il luogo. Man mano che avanza, il suo passato sepolto inizia a riemergere, rivelando un legame inquietante tra lei e l'orrore che la circonda. Con un tempo limite reale di due ore per completare il gioco e senza possibilità di salvare, D no Shokutaku offre un'esperienza intensa e psicologica, dove la verità può essere più terrificante degli incubi stessi.
Daedalus Encounter, The (USA, Europe) (Disc 1)	The Daedalus Encounter per 3DO è un gioco di avventura interattivo che mescola elementi di fantascienza e mistero. La trama si svolge a bordo della nave spaziale Daedalus, un'imbarcazione di ricerca che ha subito un incidente misterioso. Il giocatore assume il ruolo di un investigatore che deve scoprire cosa è successo a bordo della nave, cercando di risolvere enigmi e affrontare i pericoli che si nascondono all'interno.nnNel gioco, i giocatori esplorano l'ambiente della nave, interagendo con vari personaggi, tra cui membri dell'equipaggio e intelligenze artificiali. La storia si sviluppa attraverso un'interazione narrativa, dove le scelte del giocatore influiscono sugli eventi e sulle rivelazioni che avvengono durante il gioco. Il gioco presenta anche una serie di puzzle, mini-giochi e sequenze di video in stile filmato interattivo, che aggiungono un ulteriore livello di immersione.
Daedalus Encounter, The - Episode 1 - Nanpasen no Alien (Japan) (Disc 1)	The Daedalus Encounter per 3DO è un gioco di avventura interattivo che mescola elementi di fantascienza e mistero. La trama si svolge a bordo della nave spaziale Daedalus, un'imbarcazione di ricerca che ha subito un incidente misterioso. Il giocatore assume il ruolo di un investigatore che deve scoprire cosa è successo a bordo della nave, cercando di risolvere enigmi e affrontare i pericoli che si nascondono all'interno.nnNel gioco, i giocatori esplorano l'ambiente della nave, interagendo con vari personaggi, tra cui membri dell'equipaggio e intelligenze artificiali. La storia si sviluppa attraverso un'interazione narrativa, dove le scelte del giocatore influiscono sugli eventi e sulle rivelazioni che avvengono durante il gioco. Il gioco presenta anche una serie di puzzle, mini-giochi e sequenze di video in stile filmato interattivo, che aggiungono un ulteriore livello di immersione.
DeathKeep (USA)	Deathkeep è uno &quot;sparatutto&quot; per giocatore singolo con prospettiva in prima persona con un tocco di gioco medievale di AD&D in un ambiente completamente 3D. Il gioco consiste principalmente nell'avventura e nell'appiattimento di ogni creatura vivente e non vivente sulla tua strada. Distruggere i mostri consente al personaggio di salire di livello e diventare più potente, oltre a ottenere nuovi incantesimi. I sotterranei sono pieni di trappole, ruscelli, caverne, sporgenze e ogni possibile ostacolo per far perdere la strada al giocatore in questo labirinto di labirinti.
Defcon 5 (Europe)	Nel futuro, il mondo è sull'orlo della distruzione nucleare dopo una guerra devastante. Il gioco inizia quando il pianeta Terra viene distrutto da un attacco misterioso e le ultime speranze di salvezza si concentrano su una piccola colonia spaziale chiamata DEFCON 5. I sopravvissuti devono trovare un nuovo posto dove ricominciare, ma il viaggio attraverso il cosmo è pieno di pericoli. Nei panni del capitano di una nave spaziale, il giocatore deve navigare tra rovine interplanetarie, risolvere enigmi e affrontare pericoli derivanti da creature aliene e da tradimenti all'interno della propria squadra. Mentre esplori il sistema solare, dovrai raccogliere risorse, gestire la sopravvivenza della tua crew e svelare i misteri dietro l'attacco nucleare che ha distrutto la Terra. Con una combinazione di esplorazione, combattimento e decisioni morali, DEFCON 5 offre un'esperienza di gioco intensa, in cui ogni scelta del giocatore può influire sul destino della colonia e della galassia.
Demolition Man (USA, Europe)	Nel futuro, la società è diventata pacifica grazie a un sistema di controllo sociale. Quando il criminale Simon Phoenix scappa dalla sua prigione criogenica, il poliziotto John Spartan viene risvegliato per fermarlo. Spartan si ritrova in un mondo che non riconosce, dove la violenza è vietata. Il gioco segue le sue missioni per fermare Phoenix, affrontando scontri e risolvendo enigmi in un mix di azione e strategia. Demolition Man è un videogioco d'azione basato sull'omonimo film, sviluppato per il 3DO nel 1995.
Dennis Miller - That's News to Me (USA)	Nel gioco, i giocatori partecipano a un quiz in cui rispondono a domande su notizie, eventi attuali e cultura popolare, il tutto sotto la guida di Dennis Miller, il comico sarcastico e brillante. Le domande spaziano su temi come politica, spettacolo, sport e fatti curiosi, con un tocco di umorismo tagliente e commenti divertenti da parte di Miller. Il formato interattivo permette ai giocatori di competere da soli o contro altri, cercando di accumulare il punteggio più alto mentre rispondono rapidamente e correttamente alle domande. Con il suo stile unico e le battute pungenti di Dennis Miller, il gioco offre un'esperienza divertente e stimolante, rivisitando il mondo delle notizie e delle curiosità in modo comico.
Dennou Hyouryuu - Multimedia Cruising (Japan)	Dennou Hyouryuu: Multimedia Cruising è un titolo per 3DO sviluppato da Scitron & Art e pubblicato da Hamlet, rilasciato in Giappone nel 1995. Più che un gioco tradizionale, offre un'esperienza interattiva in cui l'utente naviga attraverso una serie di &quot;pool&quot; cibernetici, esplorando vari oggetti multimediali. Questi &quot;subpool&quot; includono categorie come Roms, Net, Zine, Particle Music, Hi-tech Wizard, Vream, Fashion & Gadget, Zoorope, Creators, Digital Hollywood e Art. All'interno di queste sezioni, gli utenti possono visualizzare video, immagini, &quot;libri&quot; (serie di immagini da sfogliare) e testi statici, offrendo una panoramica dell'era del CD-ROM degli anni '90.
Digital Dreamware (USA, Europe)	&quot;Digital Dreamware&quot; è un titolo per 3DO pubblicato nel 1995 da Virgin Interactive. Più che un videogioco tradizionale, si presenta come un &quot;album interattivo di suoni e visioni&quot;, offrendo agli utenti un'esperienza audiovisiva ipnotica. L'opera consiste in sei segmenti distinti, ciascuno caratterizzato da esplosioni caleidoscopiche multidimensionali accompagnate da una colonna sonora techno-trance. Gli utenti possono scegliere di interagire attivamente con questi segmenti o lasciarsi trasportare dal flusso fluido delle immagini e dei suoni. L'obiettivo principale di &quot;Digital Dreamware&quot; è quello di trasportare, trasformare e affascinare gli spettatori attraverso un viaggio sensoriale unico.
DinoPark Tycoon (USA)	In Dinopark Tycoon, il giocatore assume il ruolo di un imprenditore con il compito di costruire e gestire un parco a tema dedicato ai dinosauri. L'obiettivo è acquistare terreni, selezionare le specie di dinosauri da esporre e sviluppare le strutture del parco per attirare visitatori e generare profitti. La gestione finanziaria è cruciale: bisogna bilanciare le spese tra l'acquisto e la cura dei dinosauri, la manutenzione del parco e il marketing per attirare nuovi clienti. Ogni scelta influisce sul successo dell'impresa, e una cattiva amministrazione può portare alla bancarotta. Grazie a una grafica colorata e un'interfaccia accessibile, Dinopark Tycoon offre un'esperienza educativa e gestionale che sfida i giocatori a pensare strategicamente mentre costruiscono il loro impero preistorico.
Diving Spot Guide - Marine Tour (Japan)	Diving Spot Guide: Marine Tour offre un'esperienza multimediale immersiva nel mondo sottomarino, permettendo ai giocatori di esplorare vari ambienti marini attraverso mappe interattive, diagrammi dettagliati del fondale e immagini coinvolgenti. L'obiettivo principale è educare gli utenti sulla diversità della vita marina, offrendo informazioni su diverse specie e habitat oceanici. Diving Spot Guide: Marine Tour rappresenta un'opportunità per apprendere in modo coinvolgente e visivamente accattivante riguardo agli ambienti marini e alla loro biodiversità.
Doctor Hauzer (Japan)	In Doctor Hauzer, il giocatore veste i panni di Adams Adler, un giornalista investigativo incaricato di scoprire la verità sulla misteriosa scomparsa del celebre archeologo Dr. Hauzer. Le sue ricerche lo conducono a una sinistra villa abbandonata, dove segreti oscuri e pericoli mortali attendono chiunque osi esplorarla. Mentre Adams si addentra nelle stanze della villa, scopre enigmi intricati, trappole letali e documenti che svelano il passato inquietante del dottore. L'atmosfera tesa e il level design labirintico creano un senso costante di isolamento e pericolo. Doctor Hauzer è uno dei primi survival horror con una visuale completamente 3D e telecamere fisse in stile cinematografico, anticipando il gameplay di titoli come Resident Evil. Con la sua narrativa ricca di suspense e il senso di vulnerabilità del protagonista, il gioco offre un'esperienza immersiva e carica di tensione.
Doom (USA, Japan)	In DOOM, il giocatore assume il ruolo di un marine spaziale senza nome, noto come Doomguy, inviato in missione su Phobos, una delle lune di Marte. Qui, un esperimento militare condotto dalla Union Aerospace Corporation (UAC) apre accidentalmente un portale infernale, scatenando un'invasione di demoni assetati di sangue. Dopo aver perso i suoi compagni, il protagonista rimane solo contro orde di creature infernali. Armato inizialmente solo di una pistola, dovrà farsi strada attraverso basi spaziali infestate, raccogliendo armi più potenti come fucili a pompa, lanciarazzi e il temibile BFG 9000. Il suo obiettivo è sopravvivere, sterminare i demoni e trovare un modo per chiudere i portali infernali prima che l'invasione si estenda alla Terra.
Dragon Lore - The Legend Begins (USA, Germany) (Disc 1)	Lei è Werner Von Wallenrod, un giovane orfano. Tuo padre è stato ucciso da Haagen Von Kiakonov quando eri un bambino, ma ti ha lasciato alle cure di un contadino del regno. Andrete alla ricerca della verità. Dragon Lore è un gioco punta e clicca di qualità. La sua grafica è superiore a quella di molte produzioni dell'epoca. I suoni non sono da meno e offrono una forte immersione uditiva, anche se oggi datata. Con un'introduzione superba per l'epoca, il titolo combinava scene d'avventura e d'azione. In questo senso, ha preannunciato le grandi produzioni sceneggiate degli anni 2000 e 2010.
Dragon Tycoon Edge (Japan)	In Dragon Tycoon Edge, un'entità divina convoca un essere umano per salvare una galassia lontana e ostile. All'inizio dell'avventura, il protagonista ha l'aspetto di un pseudo-umano, ma acquisisce la capacità di trasformarsi in qualsiasi creatura sconfitta durante il viaggio. Il giocatore esplora il pianeta e le sue numerose caverne, affrontando alieni ostili e persino impersonandoli. Il gameplay si sviluppa come un RPG a turni, in cui il giocatore deve navigare attraverso ambienti pericolosi, risolvere enigmi e combattere nemici per progredire nella missione di conquista della galassia. La capacità di trasformarsi in creature sconfitte aggiunge una dimensione strategica al gioco, permettendo al protagonista di adattarsi a diverse situazioni e sfide.
Dragon's Lair (USA) (RE1)	In Dragon's Lair, il giocatore veste i panni di Dirk the Daring, un impavido cavaliere che si avventura in un castello infestato di pericoli per salvare la principessa Daphne, rapita dal malvagio drago Singe. Il castello è colmo di trappole mortali, mostri terrificanti e stanze magiche che sfidano la logica. Guidato solo dal suo coraggio e dalla sua spada, Dirk deve superare una serie di sfide letali, dalle stanze infestate da scheletri animati a enormi pozzi infuocati, affidandosi ai riflessi e alle scelte giuste per sopravvivere. Ogni decisione presa determina il destino dell'eroe: una mossa sbagliata può portare a una morte spettacolare e animata.
Drug Wars (USA)	In Drug Wars, il giocatore assume il ruolo di un agente della Drug Enforcement Administration (DEA) incaricato di smantellare un pericoloso cartello della droga guidato dal famigerato &quot;Narcotics King&quot; Lopez. L'avventura inizia a Chicago e si estende fino al Sud America, attraversando diverse località dove l'agente deve affrontare e neutralizzare membri del cartello in una serie di missioni pericolose. Il gameplay si basa su sequenze video interattive in full-motion, dove il giocatore deve prendere decisioni rapide per avanzare nella trama. Ogni scelta può portare a esiti diversi, rendendo l'esperienza di gioco coinvolgente e dinamica. L'obiettivo finale è catturare o eliminare Lopez, ponendo fine alle sue operazioni illecite e riportando la legge e l'ordine nelle regioni colpite dal suo impero criminale.
Emit Vol. 1 - Toki no Maigo (Japan)	Emit è un romanzo visivo, diviso in tre parti, progettato per aiutare i giapponesi a studiare l'inglese. Il gioco può essere giocato in inglese o in giapponese. Esistono due modalità di gioco: la modalità storia e la modalità inglese. La modalità storia è il gioco principale, diviso in capitoli, in cui i giocatori possono seguire la trama e svolgere una serie di esercizi dopo ogni capitolo. Nella modalità storia, i giocatori possono interrompere il gioco in qualsiasi momento per cercare un termine che non hanno capito o per cambiare la lingua. Il primo episodio del gioco riguarda l'incontro casuale di Yuri con un vecchio e gli eventi che ne conseguono.
Emit Vol. 2 - Inochigake no Tabi (Japan)	Emit è un romanzo visivo, diviso in tre parti, progettato per aiutare i giapponesi a studiare l'inglese. Il gioco può essere giocato in inglese o in giapponese. Ci sono due modalità di gioco: la modalità storia e la modalità inglese. La modalità storia è il gioco principale, diviso in capitoli, in cui i giocatori possono seguire la trama e svolgere una serie di esercizi dopo ogni capitolo. Nella modalità storia, i giocatori possono interrompere il gioco in qualsiasi momento per cercare un termine che non hanno capito o per cambiare la lingua. Il secondo gioco è incentrato sul viaggio di Yuri in un altro mondo dove invecchia di un anno al giorno e deve trovare un modo per tornare nel suo mondo.
Emit Vol. 3 - Watashi ni Sayonara o (Japan)	Emit è un romanzo visivo, diviso in tre parti, progettato per aiutare i giapponesi a studiare l'inglese. Il gioco può essere giocato in inglese o in giapponese. Esistono due modalità di gioco: la modalità storia e la modalità inglese. La modalità storia è il gioco principale, diviso in capitoli, in cui i giocatori possono seguire la trama e svolgere una serie di esercizi dopo ogni capitolo. Nella modalità storia, i giocatori possono interrompere il gioco in qualsiasi momento per cercare un termine che non hanno capito o per cambiare la lingua. Il gioco conclude la storia di Yuri, che sopravvive a stento al viaggio di ritorno nel suo mondo. Yuri è alla ricerca del suo &quot;doppelgänger&quot; per tornare nel suo mondo e ritrovare suo figlio. Questo episodio contiene un nuovo gioco in inglese chiamato &quot;Ghost Sweeper&quot; in cui bisogna sconfiggere i fantasmi e cercare oggetti nelle case infestate.
Endlessly (USA)	Endlessly è un titolo per il 3DO sviluppato da Vivid Interactive nel 1994. Presentato come un'esperienza interattiva, il gioco offre una serie di scene erotiche suddivise in tre capitoli selezionabili tramite un menu in stile DVD. La trama ruota attorno a una storia d'amore senza fine, ambientata su una spiaggia, caratterizzata da passione travolgente e un senso di eternità. È importante notare che Endlessly è classificato come titolo per adulti e potrebbe non essere adatto a tutti i tipi di pubblico.
Escape from Monster Manor (USA)	I non morti sono stati scatenati nel mondo. Solo un talismano sacro può distruggerli, ma è stato fatto a pezzi e nascosto in Monster Manor. Ora devi avventurarti nella villa maledetta e trovare i pezzi in modo che l'umanità possa essere salvata. Il gioco è uno sparatutto in prima persona in cui devi distruggere nemici come fantasmi, scheletri e zombi usando la tua unica pistola. Gli oggetti sparsi per la casa includono pacchetti di salute, energia della pistola, tesori e chiavi che vengono utilizzati per aprire le porte che bloccano la strada verso il prossimo pezzo di talismano. Il gioco ha dodici livelli.
ESPN Baseball - Hitting (USA)	Sognando di diventare una stella del baseball, il giocatore partecipa a un programma di allenamento specializzato nella battuta. Con il supporto di allenatori esperti, impara a leggere i lanci, calibrare lo swing e reagire con precisione ai diversi tipi di palla. Ogni esercizio è una preparazione per affrontare i migliori lanciatori della lega. Solo con dedizione e pratica si potrà arrivare al grande slam!
ESPN Golf - Lower Your Score with Tom Kite - Shot Making (USA) (Disc 1)	Sotto la supervisione del campione Tom Kite, il giocatore si immerge in un esclusivo corso di golf per affinare la propria tecnica. Dall'analisi della postura alla scelta del ferro giusto, ogni dettaglio viene spiegato per ridurre il numero di colpi e migliorare le prestazioni sul green. Con scenari realistici e sfide personalizzate, il percorso verso il golf perfetto è impegnativo ma gratificante. Saprai abbassare il tuo punteggio e padroneggiare l'arte del tiro perfetto?
ESPN Golf - Tom Kite no Kore ga Golf da! (Japan) (Disc 1) (Shot Yousei Kouza Vol. 1)	Sotto la supervisione del campione Tom Kite, il giocatore si immerge in un esclusivo corso di golf per affinare la propria tecnica. Dall'analisi della postura alla scelta del ferro giusto, ogni dettaglio viene spiegato per ridurre il numero di colpi e migliorare le prestazioni sul green. Con scenari realistici e sfide personalizzate, il percorso verso il golf perfetto è impegnativo ma gratificante. Saprai abbassare il tuo punteggio e padroneggiare l'arte del tiro perfetto?
ESPN Let's Go Skiing with Picabo Street, A. J. Kitt & Holly Flanders (USA)	Nei panni di un giovane sciatore in cerca di perfezionamento, il giocatore partecipa a un esclusivo programma di allenamento sulle montagne innevate. Un istruttore esperto guida il protagonista attraverso esercizi di slalom, discese a tutta velocità e tecniche avanzate per migliorare il controllo sugli sci. Man mano che le abilità crescono, si sbloccano nuove sfide e scenari più impegnativi. Riuscirai a diventare un vero maestro delle piste?
ESPN Let's Play Beach Volleyball with Karch Kiraly and Karolyn Kirby (USA)	Funge da video didattico su come giocare a beach volley
ESPN Let's Play Soccer with John Harkes and Mia Hamm (USA)	Il giocatore si unisce a un'accademia calcistica d'élite, dove due leggende dello sport, John Harkes e Mia Hamm, insegnano i segreti del calcio. Ogni lezione copre un aspetto fondamentale del gioco, dalla precisione nei passaggi alla potenza dei tiri, fino alle tattiche difensive e offensive. Con prove pratiche e sfide da superare, il protagonista dovrà dimostrare il proprio valore per diventare un campione e competere con i migliori.
ESPN Let's Play Tennis with Tracy Austin (USA)	Nel circuito del tennis professionistico, il giocatore è un giovane talento che aspira a diventare un campione. Sotto la guida della leggendaria Tracy Austin, dovrà imparare a padroneggiare il servizio, il rovescio e la strategia di gioco. Ogni sessione di allenamento lo avvicina un passo alla gloria, con sfide che mettono alla prova riflessi e tecnica. Riuscirai a sviluppare il tuo stile di gioco e a conquistare il trofeo più ambito?
Eye of Typhoon, The (Korea)	The Eye of Typhoon per 3DO è un gioco d'azione e avventura che si svolge in un mondo fantasy ricco di misteri e pericoli. La trama ruota attorno alla lotta contro forze oscure che minacciano il regno. Il giocatore assume il ruolo di un eroe, impegnato in un'avventura epica per fermare un potente e malvagio nemico che cerca di scatenare il caos attraverso l'uso di una forza misteriosa, rappresentata dall'elemento del &quot;Typhoon&quot; (Ciclone).nnIl gioco si concentra su combattimenti intensi, esplorazioni di ambientazioni varie, risoluzione di enigmi e interazione con personaggi non giocanti (NPC). Man mano che il protagonista avanza, affronta una serie di sfide e ostacoli, svelando segreti e raccogliendo poteri magici per fermare la catastrofe imminente. Il gameplay mescola elementi di esplorazione e azione, con fasi in cui il giocatore deve gestire combattimenti in tempo reale e altre in cui risolvere puzzle per avanzare nella trama.
F1GP (Japan)	Sei un pilota di Formula 1 determinato a conquistare il titolo mondiale. Attraverso una serie di gare mozzafiato su circuiti reali, dovrai affrontare condizioni meteorologiche variabili, strategie di pit stop e avversari agguerriti. Ogni gara è una battaglia per il podio, in cui il minimo errore può costare la vittoria. Il tuo obiettivo è scalare la classifica, migliorare le tue prestazioni e dimostrare di essere il migliore al volante.
Family Feud (USA)	Una famiglia si riunisce per sfidarne un'altra in un'emozionante gara di conoscenza e strategia. Il presentatore introduce una serie di domande basate su sondaggi reali, e i partecipanti devono indovinare le risposte più popolari per accumulare punti. Le tensioni crescono mentre le due squadre si avvicinano alla fase finale, dove solo una famiglia può vincere il grande premio. Riuscirai a pensare come la maggioranza e trionfare nel gioco?
Fatty Bear's Birthday Surprise (USA)	La piccola Kayla sta per festeggiare il suo compleanno e il suo fedele orsacchiotto Fatty Bear vuole organizzarle una festa perfetta… ma il tempo è poco! Durante la notte, mentre Kayla dorme, Fatty Bear prende vita e si mette al lavoro. Deve cuocere una torta, decorare la casa e trovare il regalo perfetto, ma non sarà facile: gli oggetti sono nascosti, alcuni giocattoli combinano guai e ci sono piccoli misteri da risolvere. Riuscirà Fatty Bear a completare tutto prima che Kayla si svegli?
Fatty Bear's Fun Pack (Korea)	Dopo l'avventura del compleanno, Fatty Bear si rilassa con una serie di minigiochi pensati per divertirsi e mettere alla prova le proprie abilità. Il simpatico orsacchiotto sfida i giocatori in partite di tris, memory, puzzle e altri passatempi interattivi, incoraggiandoli a migliorare le proprie capacità logiche e mnemoniche. Ogni partita è una nuova occasione per affinare la strategia e divertirsi con il peluche più adorabile del mondo.
Fatty Bear's Funpack (USA)	Dopo l'avventura del compleanno, Fatty Bear si rilassa con una serie di minigiochi pensati per divertirsi e mettere alla prova le proprie abilità. Il simpatico orsacchiotto sfida i giocatori in partite di tris, memory, puzzle e altri passatempi interattivi, incoraggiandoli a migliorare le proprie capacità logiche e mnemoniche. Ogni partita è una nuova occasione per affinare la strategia e divertirsi con il peluche più adorabile del mondo.
FIFA International Soccer (USA, Korea)	Nel cuore delle competizioni internazionali, il giocatore assume il ruolo di allenatore e giocatore di una squadra nazionale con l'obiettivo di vincere il prestigioso torneo mondiale. Ogni partita è una sfida tra tattica e abilità, dove le scelte strategiche, la precisione dei passaggi e il tempismo dei tiri possono fare la differenza tra la gloria e la sconfitta. Con squadre da tutto il mondo e un'atmosfera elettrizzante, il sogno della Coppa del Mondo è a portata di mano… ma solo per i più talentuosi!
Fire Ball!! (Japan)	Real Pinball è un gioco di flipper che simula l'esperienza di una macchina da pinball fisica. Con diverse ambientazioni tematiche, il giocatore deve usare le palette per respingere la pallina, completando sfide e colpendo bersagli per guadagnare punti. Ogni livello presenta puzzle e obiettivi, mentre la grafica dettagliata e la colonna sonora coinvolgente cercano di ricreare l'atmosfera di un vero flipper. L'abilità del giocatore è cruciale per raggiungere i punteggi più alti.
Firewall (Korea)	La superintelligenza artificiale di MiraCom ha preso il controllo della multinazionale, minacciando di distruggere Parigi se l'umanità non si arrenderà. Il giocatore veste i panni di Blue Arrow, un pilota da combattimento e scienziato informatico, incaricato di infiltrarsi nel sistema cibernetico di MiraCom. La missione prevede di pilotare una navicella attraverso undici livelli che spaziano dal mondo reale al cyberspazio, seguendo indizi forniti dagli alleati e risolvendo enigmi complessi per superare il &quot;Firewall&quot; che protegge il computer malvagio e distruggerlo.
Flashback (Europe) (En,Fr)	La storia inizia nel 2042 quando Conrad B. Hart viene a conoscenza di un complotto che coinvolge alieni ostili diffusi tra la popolazione. Questi lo rapiscono, ma Hart riesce a fuggire. Viene presto catturato e si schianta nel cuore della giungla di Titano, un satellite di Saturno. Il giocatore deve affrontare i pericoli della giungla circostante e sventare il complotto. Sebbene gran parte del gameplay sia dedicato a correre, saltare e sparare ai nemici, c'è anche un elemento considerevole di esplorazione e di risoluzione di alcuni enigmi. Il giocatore naviga con Conrad attraverso strutture platform, eseguendo diverse mosse. È possibile saltare, correre, arrampicarsi, aggrapparsi a sporgenze e raccogliere oggetti... Per difendersi, Conrad può sparare ai nemici con la sua pistola e usare vari oggetti per ferirli o distrarli.
Flashback - The Quest for Identity (USA) (En,Fr)	La storia inizia nel 2042 quando Conrad B. Hart viene a conoscenza di un complotto che coinvolge alieni ostili diffusi tra la popolazione. Questi lo rapiscono, ma Hart riesce a fuggire. Viene presto catturato e si schianta nel cuore della giungla di Titano, un satellite di Saturno. Il giocatore deve affrontare i pericoli della giungla circostante e sventare il complotto. Sebbene gran parte del gameplay sia dedicato a correre, saltare e sparare ai nemici, c'è anche un elemento considerevole di esplorazione e di risoluzione di alcuni enigmi. Il giocatore naviga con Conrad attraverso strutture platform, eseguendo diverse mosse. È possibile saltare, correre, arrampicarsi, aggrapparsi a sporgenze e raccogliere oggetti... Per difendersi, Conrad può sparare ai nemici con la sua pistola e usare vari oggetti per ferirli o distrarli.
Flopon World (Japan)	Flopon World è ambientato in un universo colorato e surreale, popolato da creature spaziali mutanti. Il giocatore assume il ruolo di Flopon, un essere avventuroso che viaggia tra galassie e pianeti affrontando diverse sfide. La missione principale è esplorare il cosmo e superare prove di abilità e logica per sconfiggere gli alieni nemici e riportare l'equilibrio nell'universo. Attraverso sparatutto spaziali e rompicapi strategici, Flopon deve dimostrare ingegno e riflessi per completare il suo viaggio intergalattico e salvare la sua specie da una minaccia misteriosa.
Flying Nightmares (USA)	In Flying Nightmares, il giocatore veste i panni di un pilota coinvolto in una missione per liberare l'isola di Barcala, caduta nelle mani di forze ribelli. A bordo di un caccia Harrier, dovrà affrontare pericolose battaglie aeree, distruggere basi nemiche e proteggere le forze alleate. Con una combinazione di azione e strategia, il gioco mette alla prova abilità di volo e tattica per riportare la pace sull'isola.
Foes of Ali (USA)	Foes of Ali è un gioco di boxe in cui puoi affrontare il leggendario Muhammad Ali o uno dei suoi avversari storici come Joe Frazier e Sonny Liston. La trama ti permette di vivere i suoi combattimenti più famosi, sia in modalità esibizione per sfide rapide, che in un torneo o carriera che segue il suo cammino nel mondo della boxe. Con una grafica 3D che rende i combattimenti ancora più coinvolgenti, il gioco ti permette di entrare nel ring e metterti alla prova contro i più grandi pugili della storia.
Fun 'n Games (USA)	Fun 'n' Games è un gioco per 3DO che offre una serie di attività divertenti per stimolare la creatività, permettendoti di fare tante cose, come disegnare, suonare musica, giocare a minigiochi e creare personaggi vestendoli in modi diversi. È un gioco pensato per divertirsi con attività leggere e creative, come colorare, risolvere labirinti, e persino comporre canzoni. L'obiettivo è semplicemente divertirsi e sperimentare con le varie opzioni offerte.
Fun 'n Games - Soft no Omochabako (Japan) (En,Ja)	Fun 'n' Games è un gioco per 3DO che offre una serie di attività divertenti per stimolare la creatività, permettendoti di fare tante cose, come disegnare, suonare musica, giocare a minigiochi e creare personaggi vestendoli in modi diversi. È un gioco pensato per divertirsi con attività leggere e creative, come colorare, risolvere labirinti, e persino comporre canzoni. L'obiettivo è semplicemente divertirsi e sperimentare con le varie opzioni offerte.
Gakkou no Kowai Uwasa - Hanako-san ga Kita!! (Japan)	Gakkō no Kowai Uwasa - Hanako-San ga Kita!! è basato sull'omonima serie anime e manga, il gioco ruota attorno a Hanako, una ragazza che risiede in un mondo soprannaturale separato dal nostro. Hanako appare quando gli studenti sono in difficoltà, solitamente a causa di spiriti maligni, intervenendo per salvarli. Nel gioco, i giocatori assumono il ruolo di Hanako, intraprendendo un'avventura in prima persona all'interno di una scuola infestata. L'obiettivo è esplorare le aule e i corridoi per sconfiggere un demone che sta maledicendo l'istituto. Durante l'esperienza, Hanako è affiancata dal suo fedele compagno, HOWA-HOWA, mentre affronta varie entità sovrannaturali.
Game no Tatsujin (Japan)	Game no Tatsujin è un videogioco per 3DO sviluppato e pubblicato da Sunsoft nel 1995. Il titolo, che in giapponese significa &quot;Maestro dei Giochi&quot;, è una raccolta di giochi da tavolo tradizionali giapponesi, offrendo ai giocatori l'opportunità di sperimentare vari giochi da tavolo in un formato digitale. La selezione include titoli come shogi, go e altri giochi di strategia, presentati con interfacce user-friendly e opzioni multigiocatore per sfidare amici e familiari.
Gex (USA, Europe)	Entrate nel vostro televisore per sconfiggere il malvagio Rez raccogliendo i telecomandi per aprire mondi all'interno del televisore. Sei un geco con tutte le consuete abilità da eroe platform, come il salto, lo sparo e gli attacchi a distanza ravvicinata, ma anche ventose per aiutarti a scalare le pareti, una lingua per raccogliere quei poteri difficili da ottenere. E un'infinità di battute sagaci per intrattenervi. Utilizzatele tutte per farvi strada nella terra della TV cercando telecomandi, raccogliendo pillole, potenziamenti e uccidendo i televisori.
Ghost Hunter Series - Kuroki Shi no Kamen (Japan)	Un'avventura dark fantasy in cui interpreti un cavaliere maledetto che indossa una maschera demoniaca. La trama segue la tua ricerca per rompere la maledizione, esplorando un mondo oscuro pieno di nemici, enigmi e segreti. Con un'atmosfera gotica, combattimenti intensi e una narrazione ricca di simbolismo, il gioco offre un'esperienza unica per gli amanti del fantasy oscuro e delle storie complesse.
Goal FH (Field Hunter) (Japan)	Goal FH, noto anche come Field Hunter, si ispira all'omonima serie animata giapponese, che racconta le avventure di Hikaru Tatsumura, un giovane calciatore brasiliano di origini giapponesi. Dopo essere stato espulso dalla sua squadra in Brasile a causa di problemi di comportamento, Hikaru decide di trasferirsi in Giappone per inseguire il sogno di diventare un calciatore professionista. Si unisce al team satellite dello Shimizu S-Pulse, dove affronta sfide personali e professionali, guadagnandosi il soprannome di &quot;il ragazzo dalla sinistra d'oro&quot; grazie alle sue straordinarie abilità calcistiche. Nel videogioco, i giocatori possono controllare Hikaru e altri personaggi della serie, partecipando a partite di calcio che combinano elementi sportivi con aspetti narrativi tratti dall'anime e dal manga. Il gameplay offre partite dinamiche con una visuale isometrica del campo, permettendo ai giocatori di immergersi nell'esperienza calcistica con un tocco di stile anime.
Great! Soccer Kid (Japan)	Soccer Kid per 3DO è un gioco di piattaforme che combina elementi di sport con azione e avventura. Il protagonista del gioco è un ragazzo di nome Soccer Kid, che è un appassionato calciatore. La trama segue il giovane eroe nel suo viaggio attraverso diversi livelli, dove deve usare le sue abilità calcistiche per superare ostacoli, risolvere enigmi e affrontare nemici.nnIn Soccer Kid, il giocatore deve guidare il personaggio attraverso vari scenari, come parchi, città e ambienti naturali, con lo scopo di raccogliere oggetti, segnare gol e completare missioni. Il calciatore utilizza la sua palla come strumento principale per risolvere i puzzle e combattere contro i nemici, in un mix di gameplay che richiede sia abilità nel calcio che nel superamento di sfide tipiche dei giochi platform.
Gridders (USA, Korea)	Gridders si svolge nell'anno 2049, in un mondo dove l'eccessivo sfruttamento delle risorse naturali ha portato a disastri ecologici. La Gridders Corporation, guidata da Lazarus R. Trench, ha sviluppato automi chiamati &quot;Gridders&quot; per affrontare le sfide ambientali, ma la loro crescente autonomia ha ridotto il personale umano a un solo dipendente: Zack, un giovane di 20 anni. Un giorno, Zack trova un messaggio misterioso che lo spinge a esplorare i 36 piani dell'edificio della Gridders Corporation. Accompagnato dal suo cane-robot Fidex, Zack deve risolvere enigmi e raccogliere chiavi piramidali verdi per svelare il segreto nascosto nel seminterrato. Durante il percorso, affronta ostacoli come blocchi Gridders in movimento e trappole, con l'obiettivo di distruggere la corporazione dall'interno.
Grimm Meisaku Gekijou Vol. 1 - Bremen no Ongakutai (Japan)	Grimm Meisaku Gekijou Vol. 1: Bremen no Ongakutai si basa sulla celebre fiaba dei Fratelli Grimm &quot;I musicanti di Brema&quot;, presentata attraverso una serie di cartoni animati realizzati dallo studio Nippon Animation. Nel gioco, i giocatori seguono le avventure di un asino anziano che, dopo aver appreso delle intenzioni del padrone di ucciderlo, fugge verso Brema con l'aspirazione di diventare un musicista. Lungo il cammino, l'asino incontra altri animali in difficoltà, un cane da caccia, un gatto e un gallo—e insieme formando un gruppo musicale e affrontando varie sfide e pericoli. Il gioco sfrutta la tecnologia full motion video del 3DO per offrire un'esperienza interattiva coinvolgente, combinando elementi narrativi e visivi per raccontare questa fiaba classica.
Grimm Meisaku Gekijou Vol. 2 - Hansel to Gretel (Japan)	Grimm Meisaku Gekijou Vol. 2: Hansel to Gretel è un videogioco per 3DO, sviluppato e pubblicato da Ima Company nel 1994. Questo titolo fa parte di una serie che presenta fiabe classiche dei Fratelli Grimm attraverso cartoni animati interattivi, sfruttando la tecnologia del full motion video per offrire un'esperienza coinvolgente. La trama si basa sulla celebre fiaba di &quot;Hansel e Gretel&quot;. I protagonisti, due fratelli, vengono abbandonati nel bosco dai genitori a causa della povertà. Durante la loro avventura, scoprono una casetta fatta di pane, torta e zucchero, appartenente a una strega malvagia che ha intenzione di mangiarli. Grazie all'ingegno di Gretel, riescono a sconfiggere la strega e a fuggire, tornando a casa con un tesoro trovato nella dimora della strega. Nel videogioco, i giocatori possono interagire con la storia, prendendo decisioni che influenzano il corso degli eventi e l'esito finale, offrendo un'esperienza narrativa unica.
Grimm Meisaku Gekijou Vol. 3 - Akazukin (Japan)	Grimm Meisaku Gekijou Vol. 3: Akazukin fa parte di una serie dedicata alle fiabe dei Fratelli Grimm, presentate attraverso cartoni animati interattivi realizzati dallo studio Nippon Animation. La trama del gioco si basa sulla celebre fiaba di &quot;Cappuccetto Rosso&quot;. La storia segue una giovane ragazza, nota per il suo mantello rosso, che viene avvertita dalla madre di non parlare con gli sconosciuti mentre si reca a casa della nonna. Nonostante l'avvertimento, Cappuccetto Rosso incontra un lupo nel bosco che, dopo averla ingannata, arriva prima alla casa della nonna, la inghiotte e si traveste da lei. Quando Cappuccetto Rosso arriva, nota stranezze nell'aspetto della &quot;nonna&quot;, scoprendo infine la verità. Con l'aiuto di un cacciatore, riesce a salvare la nonna e a sconfiggere il lupo.
Guardian War (USA, Korea)	Powers Kingdom è un RPG strategico in cui il giocatore assume il ruolo di un giovane eroe incaricato di salvare il regno da un male oscuro. Il gioco include combattimenti a turni, in cui il giocatore deve scegliere le mosse più strategiche per sconfiggere i nemici, gestendo anche l'evoluzione delle abilità dei personaggi. La narrazione segue un percorso epico, con una grafica isometrica che rappresenta il mondo fantastico in modo dettagliato.
Hell - A Cyberpunk Thriller (USA)	Hell: A Cyberpunk Thriller è un'avventura grafica FMV per 3DO, ambientata in un futuro distopico. Il giocatore veste i panni di Ethan Edwards, un detective privato coinvolto in un caso di omicidi legato a un'organizzazione segreta chiamata Hell, che sperimenta con realtà virtuali e confini tra vita e morte. Tra enigmi, scelte narrative e personaggi ambigui, il gioco offre un'atmosfera dark e claustrofobica, con finali multipli. Un titolo cult per gli amanti del cyberpunk e del thriller psicologico.
Hello Kitty - Asobi no Omochabako (Japan)	Hello Kitty - Asobi no Omochabako (tradotto come Hello Kitty - La Scatola dei Giocattoli) è un gioco dedicato ai più piccoli e ai fan del celebre personaggio di Sanrio, Hello Kitty che offre una raccolta di mini-giochi educativi e divertenti, progettati per intrattenere e stimolare la creatività dei bambini in un ambiente colorato e amichevole. La trama del gioco è semplice e accattivante: Hello Kitty e i suoi amici (come My Melody, Keroppi e Bad Badtz-Maru) invitano il giocatore a esplorare una magica scatola dei giocattoli, piena di sorprese e attività. Ogni giocattolo nella scatola rappresenta un mini-gioco diverso, che va da puzzle e giochi di memoria a attività artistiche e musicali. I mini-giochi sono pensati per essere intuitivi e adatti a un pubblico giovane, con controlli semplici e grafica vivace. Il gioco incoraggia l'apprendimento attraverso il gioco, aiutando i bambini a sviluppare capacità logiche, di coordinazione e creative in un contesto allegro e rassicurante.
Hirata Shougo Interactive Ehon - Aesop Monogatari Vol. 1 (Japan) (En,Ja,Fr)	Hirata Shougo Interactive Ehon - Aesop Monogatari Vol. 1 è un'opera interattiva che rielabora in modo innovativo le classiche favole di Esopo, adattandole a un formato moderno e coinvolgente. Attraverso illustrazioni vivide e un design interattivo, l'opera permette ai lettori di immergersi nelle storie, prendendo decisioni che influenzano lo sviluppo della trama. Il volume include alcune delle favole più celebri di Esopo, come La lepre e la tartaruga, Il lupo e l'agnello e La cicala e la formica, ma con un tocco unico di Hirata Shougo, che aggiunge elementi narrativi e visivi inediti. Ogni storia è arricchita da scelte interattive che invitano il lettore a riflettere sulle conseguenze delle proprie azioni, mantenendo intatta la morale originale delle favole. Ideale per un pubblico di tutte le età, questo volume combina tradizione e innovazione, offrendo un'esperienza di lettura coinvolgente e educativa.
Hirata Shougo Interactive Ehon - Cinderella (Japan) (En,Ja,Fr)	Hirata Shogo Interactive Ehon - Cinderella è una rivisitazione interattiva della classica fiaba di Cenerentola, arricchita dal tocco creativo e innovativo di Hirata Shogo. La storia mantiene gli elementi iconici della fiaba: la giovane Cenerentola, vessata dalla matrigna e dalle sorellastre, il magico intervento della fata madrina, e il ballo reale dove incontra il principe. Tuttavia, grazie al formato interattivo, il lettore può esplorare percorsi narrativi alternativi, scoprendo finali inediti o dettagli nascosti della storia. Le illustrazioni, curate nei minimi dettagli, catturano l'atmosfera magica della fiaba, mentre le scelte interattive aggiungono un livello di profondità e personalizzazione. Ogni decisione presa dal lettore può portare a esiti diversi, rendendo ogni esperienza di lettura unica.
Hirata Shougo Interactive Ehon - Ningyo-hime (Japan) (En,Ja,Fr)	Hirata Shougo Interactive Ehon - Ningyo-hime è una reinterpretazione interattiva della classica fiaba La Sirenetta di Hans Christian Andersen, arricchita dallo stile unico e innovativo di Hirata Shougo. La trama segue le vicende della giovane sirena, innamorata di un principe umano, che decide di rinunciare alla sua voce in cambio di gambe per vivere sulla terraferma. Tuttavia, il destino della sirenetta non è più predeterminato: il lettore può guidare le sue decisioni, influenzando il suo rapporto con il principe, il suo legame con il mondo marino e il suo confronto con le sfide del mondo umano. Le illustrazioni, ricche di dettagli e atmosfere suggestive, catturano la magia e la malinconia della fiaba originale, mentre le scelte interattive aggiungono profondità e personalizzazione alla storia. Ogni decisione presa dal lettore può portare a esiti diversi, rendendo ogni esperienza di lettura unica e coinvolgente.
Hirata Shougo Interactive Ehon - Ookami to Shichihiki no Koyagi (Japan) (En,Ja,Fr)	Hirata Shougo Interactive Ehon - Ookami to Shichihiki no Koyagi è un adattamento interattivo della famosa favola Il lupo e i sette capretti, rielaborata con lo stile creativo e innovativo di Hirata Shougo. Questo volume trasforma la storia tradizionale in un'esperienza di lettura dinamica, dove il lettore può influenzare lo sviluppo della trama attraverso scelte interattive, esplorando percorsi narrativi alternativi e scoprendo finali inaspettati. La trama segue la storia di una mamma capra che deve lasciare i suoi sette cuccioli a casa, avvertendoli di non aprire a nessuno, specialmente al lupo affamato e astuto. Tuttavia, il lupo escogita un piano per ingannare i capretti e intrufolarsi in casa. Grazie al formato interattivo, il lettore può decidere come i capretti reagiranno alle minacce del lupo, influenzando l'esito della storia.
Hirata Shougo Interactive Ehon - Sanbiki no Kobuta (Japan) (En,Ja,Fr)	Hirata Shougo Interactive Ehon - Sanbiki no Kobuta è una rivisitazione interattiva della classica favola I tre porcellini, arricchita dallo stile creativo e innovativo di Hirata Shougo. Questo adattamento trasforma la storia tradizionale in un'esperienza di lettura dinamica e coinvolgente, dove il lettore può influenzare lo sviluppo della trama attraverso scelte interattive, esplorando percorsi narrativi alternativi e scoprendo finali inediti. La trama segue le vicende dei tre porcellini, ognuno dei quali decide di costruire una casa per proteggersi dal lupo affamato: uno con la paglia, uno con il legno e uno con i mattoni. Tuttavia, grazie al formato interattivo, il lettore può guidare le decisioni dei porcellini, influenzando la costruzione delle case, le strategie per affrontare il lupo e l'esito finale della storia.
Hirata Shougo Interactive Ehon - Shirayuki-hime (Japan) (En,Ja,Fr)	Hirata Shougo Interactive Ehon - Shirayukihime è una reinterpretazione interattiva della classica fiaba Biancaneve, arricchita dallo stile unico e innovativo di Hirata Shougo. Questo adattamento trasforma la storia tradizionale in un'esperienza di lettura dinamica e coinvolgente, dove il lettore può influenzare lo sviluppo della trama attraverso scelte interattive, esplorando percorsi narrativi alternativi e scoprendo finali inediti. La trama segue le vicende di Biancaneve, una giovane principessa costretta a fuggire dal castello dopo essere stata minacciata dalla sua gelosa matrigna, la regina. Rifugiatasi nella casa dei sette nani, Biancaneve cerca di ricostruire la sua vita, ma la regina, determinata a eliminarla, escogita un piano malvagio. Grazie al formato interattivo, il lettore può guidare le decisioni di Biancaneve, influenzando il suo rapporto con i nani, la sua capacità di affrontare le insidie della regina e l'esito finale della storia.
Hitchcock ni Chousen (Japan)	Hitchcock ni Chousen (tradotto come La Sfida di Hitchcock) è un gioco d'avventura interattivo per il sistema 3DO, ispirato allo stile e alle atmosfere del celebre maestro del brivido Alfred Hitchcock. Il gioco combina elementi di mistero, suspense e investigazione, offrendo un'esperienza coinvolgente in cui il giocatore deve risolvere enigmi e prendere decisioni cruciali per progredire nella storia. La trama ruota attorno a un misterioso omicidio che si verifica in una piccola città apparentemente tranquilla. Il giocatore assume il ruolo di un investigatore alle prime armi, chiamato a indagare sul caso. Man mano che si procede, emergono segreti oscuri, personaggi sospetti e colpi di scena tipici dello stile di Hitchcock. Ogni scelta fatta dal giocatore influisce sullo sviluppo della storia, portando a diversi finali possibili.
Horde, The (World)	Salvando il suo re dal soffocamento, Chauncey, un giovane servitore del castello reale, si è guadagnato la sua gratitudine, la sua spada magica e un appezzamento di terra su cui coltivare il cibo. Il problema è che le terre reali vengono regolarmente attaccate da orde di mostri. Lo scopo del gioco è respingere queste orde prima che facciano troppi danni. Il gioco è diviso in due fasi: una fase di gestione che permette di costruire e organizzare le difese della città in base alle risorse d'oro che si è riusciti ad accumulare, e una fase di azione in cui l'obiettivo è sconfiggere le creature dell'Orda prima che abbiano il tempo di causare troppi danni alla città e all'economia.
Icebreaker (USA)	Icebreaker è un gioco d'azione/strategia per il sistema 3DO, ambientato in un futuro distopico in cui il mondo è dominato da corporazioni senza scrupoli e da forze di sicurezza oppressive. Il giocatore assume il ruolo di un membro della resistenza, incaricato di infiltrarsi in una gigantesca struttura galleggiante chiamata New Frisko, controllata da una potente corporazione. L'obiettivo è sabotare le operazioni della corporazione, liberare prigionieri politici e raccogliere informazioni preziose per la resistenza. Il gioco combina elementi di azione in terza persona, esplorazione e risoluzione di enigmi, con una forte enfasi sullo stealth e sulla strategia. Il giocatore deve evitare di essere scoperto dalle guardie, utilizzare oggetti e ambienti a proprio vantaggio e pianificare attentamente ogni mossa.
Ide Yousuke Meijin no Shin Jissen Mahjong (Japan)	Ide Yousuke Meijin No Shin Jissen Mahjong è un gioco di mahjong per 3DO che offre un'esperienza autentica e competitiva. Il giocatore può sfidare l'IA avanzata, rappresentata dal maestro Ide Yousuke, o imparare le strategie del mahjong attraverso tutorial e partite pratiche. Con una grafica tradizionale e un gameplay focalizzato sull'autenticità, il titolo è perfetto per gli appassionati di mahjong e per chi vuole migliorare le proprie abilità in questo gioco di strategia e fortuna.
Idol Janshi Suchie-Pai Special (Japan)	Idol Janshi Suchie-pai Special è un gioco di mahjong per 3DO con una twist idol giapponese. I giocatori competono in partite di mahjong contro avversari caratterizzati come idol, ognuna con il proprio stile e personalità. Oltre al gameplay tradizionale, il gioco include elementi di simulazione e interazione con le idol, con dialoghi e scene animate che si sbloccano progressivamente. Con grafica colorata e un'atmosfera leggera, è un titolo perfetto per gli appassionati di mahjong e di cultura idol giapponese.
Idol Mahjong - Final Romance 2 - Hyper Edition (Japan)	Idol Mahjong Final Romance 2 - Hyper Mahjong è un gioco di mahjong per 3DO che combina il classico gameplay con elementi di simulazione e interazione con idol femminili. I giocatori competono in partite di mahjong contro avversarie carismatiche, ognuna con una personalità unica e dialoghi interattivi. Il gioco include modalità tradizionali e sfide speciali, con grafica vivace e scene animate che si sbloccano progressivamente. Un titolo ideale per gli amanti del mahjong e delle dinamiche idol giapponesi.
Igo Time Trial - Shikatsu Daihyakka (Japan)	Igo Time Trial - Shikatsu Daihakka è un simulatore di Go per 3DO, progettato per testare e migliorare le abilità dei giocatori attraverso sfide a tempo e problemi complessi. Con una vasta raccolta di scenari e partite, il gioco offre un'esperienza autentica e stimolante, ideale sia per principianti che per esperti. La grafica semplice e il gameplay focalizzato sull'apprendimento lo rendono un titolo essenziale per gli appassionati di Go.
Igo Time Trial - Tsumego I (Japan)	Igo Time Trial Najigo I è un gioco di strategia per 3DO dedicato all'antico gioco da tavolo giapponese Go. Il gioco offre una modalità a tempo, in cui i giocatori devono affrontare sfide e partite contro avversari controllati dall'IA, con l'obiettivo di migliorare le proprie abilità e risolvere problemi complessi di Go. Con una grafica semplice ma efficace e un focus sull'apprendimento e sulla competizione, è un titolo pensato per gli appassionati del Go e per chi vuole avvicinarsi a questo gioco strategico.
Immercenary (Europe)	Immercenary è un gioco d'azione/avventura in prima persona per 3DO, ambientato in un mondo virtuale cyberpunk. Il giocatore interpreta un &quot;Immercenary&quot;, un mercenario digitale incaricato di combattere virus e hacker in una realtà simulata. Con armi futuristiche e abilità speciali, il gioco unisce esplorazione, combattimento e risoluzione di enigmi in un'atmosfera high-tech e immersiva. Un titolo unico per gli amanti della fantascienza e dei mondi virtuali.
Immercenary - Combat in a Digital World (USA)	Immercenary è un gioco d'azione/avventura in prima persona per 3DO, ambientato in un mondo virtuale cyberpunk. Il giocatore interpreta un &quot;Immercenary&quot;, un mercenario digitale incaricato di combattere virus e hacker in una realtà simulata. Con armi futuristiche e abilità speciali, il gioco unisce esplorazione, combattimento e risoluzione di enigmi in un'atmosfera high-tech e immersiva. Un titolo unico per gli amanti della fantascienza e dei mondi virtuali.
Immortal Desire (USA)	Sarah Jane Hamilton, Anna di Gables, è perseguitata da visioni oscure ed erotiche di atti indicibili, che fatica a capire. L'unica costante è un rituale vudù perversamente bello che appare nei suoi sogni e sembra contenere la chiave del suo passato ..
Incredible Machine, The (USA)	The Incredible Machine per 3DO è un gioco di puzzle e ingegneria in cui i giocatori devono risolvere una serie di sfide utilizzando oggetti e meccanismi fisici. Il gioco offre una serie di livelli, ciascuno con un obiettivo da raggiungere, come accendere una lampadina o spostare un oggetto in una posizione specifica. Per farlo, il giocatore deve costruire complesse macchine usando una varietà di elementi, come leve, carrucole, razzi e altre attrezzature.nnIl fascino del gioco sta nella libertà creativa, poiché non esiste un unico modo giusto per risolvere i puzzle. Ogni livello offre una serie di strumenti e oggetti che possono essere combinati in modi originali per risolvere l'enigma. Il gioco incoraggia la sperimentazione e l'innovazione, con il giocatore che deve osservare attentamente le leggi della fisica per costruire soluzioni che funzionino correttamente.
Incredible Machine, The - Pararancho (Japan)	The Incredible Machine per 3DO è un gioco di puzzle e ingegneria in cui i giocatori devono risolvere una serie di sfide utilizzando oggetti e meccanismi fisici. Il gioco offre una serie di livelli, ciascuno con un obiettivo da raggiungere, come accendere una lampadina o spostare un oggetto in una posizione specifica. Per farlo, il giocatore deve costruire complesse macchine usando una varietà di elementi, come leve, carrucole, razzi e altre attrezzature.nnIl fascino del gioco sta nella libertà creativa, poiché non esiste un unico modo giusto per risolvere i puzzle. Ogni livello offre una serie di strumenti e oggetti che possono essere combinati in modi originali per risolvere l'enigma. Il gioco incoraggia la sperimentazione e l'innovazione, con il giocatore che deve osservare attentamente le leggi della fisica per costruire soluzioni che funzionino correttamente.
Insector War (Japan)	Insector War è un gioco d'azione/strategia per 3DO, ambientato in un mondo futuristico in cui gli insetti hanno preso il controllo del pianeta. Il giocatore comanda un'unità militare incaricata di combattere queste creature mutanti, utilizzando veicoli e armi high-tech. Con una combinazione di gameplay in terza persona e elementi tattici, il gioco offre missioni varie e intense, grafica 3D e un'atmosfera post-apocalittica. Un titolo per chi ama l'azione frenetica e le ambientazioni sci-fi.
Iron Angel of the Apocalypse - Tetsujin (USA)	Iron Angel of the Apocalypse è un picchiaduro a scorrimento per 3DO, ambientato in un mondo post-apocalittico dominato da demoni e creature infernali. Il giocatore controlla un guerriero angelico armato di spada, incaricato di salvare l'umanità sconfiggendo orde di nemici e potenti boss. Con grafica 2D dettagliata, combattimenti intensi e un'atmosfera dark fantasy, il gioco offre un'esperienza classica ma coinvolgente per gli amanti dei picchiaduro old-school.
Iron Angel of the Apocalypse - The Return (USA)	Iron Angel of the Apocalypse: The Return è il sequel del picchiaduro a scorrimento per 3DO, che riporta il giocatore in un mondo post-apocalittico infestato da demoni. Questa volta, il guerriero angelico affronta nuove orde di nemici e boss ancora più potenti, con armi e abilità potenziate. La grafica 2D migliorata e i combattimenti intensi mantengono l'atmosfera dark fantasy del primo capitolo, offrendo un'esperienza ancora più dinamica e ricca di azione per i fan del genere.
Ishida Yoshio Kudan no Igo Seiha (Japan)	Ishida Yoshio Kudan No Igo Seiha è un simulatore di Go per 3DO, dedicato agli appassionati del gioco da tavolo strategico giapponese. Il gioco permette di sfidare l'IA avanzata o di imparare le basi del Go attraverso lezioni e partite guidate. Con una grafica semplice ma funzionale e un focus sull'autenticità del gameplay, è un titolo pensato per migliorare le abilità dei giocatori e offrire ore di sfida strategica. Ideale per i fan del Go e per chi vuole avvicinarsi a questo antico gioco.
J. B. Harold - Blue Chicago Blues (Japan) (Disc 1)	Nel ruolo di J.B. Harold, un detective privato con un passato oscuro, vieni assunto per indagare sull'omicidio di Victor Blair, un ricco uomo d'affari di Chicago. Mentre esplori la città, interroghi sospetti e raccogli indizi, scopri che il caso è più intricato del previsto: corruzione, tradimenti familiari e segreti sepolti emergono man mano che ti avvicini alla verità. Con dialoghi ramificati e scelte che influenzano il corso della storia, il gioco offre un'esperienza cinematografica ricca di suspense e atmosfera noir, dove ogni decisione può portare a un finale diverso.
J.League Virtual Stadium '95 (Japan)	Il sequel di J. League Virtual Stadium migliora ogni aspetto del predecessore, con aggiornamenti di roster, grafica più raffinata e un gameplay più fluido. La trama si concentra sulla tua missione di portare la tua squadra alla vittoria del campionato, affrontando nuove sfide e avversari più agguerriti. Con modalità aggiuntive e una maggiore profondità strategica, il gioco offre un'esperienza di calcio ancora più coinvolgente e realistica, perfetta per i fan del genere.
J.League Virtual Stadium (Japan)	Questo simulatore di calcio ti permette di immergerti nel mondo della J. League, il campionato di calcio giapponese. Scegli la tua squadra preferita e guidala attraverso una stagione, affrontando avversari sempre più difficili con l'obiettivo di vincere il titolo. Il gioco include modalità torneo, partite amichevoli e sessioni di allenamento, con un'attenzione ai dettagli che rende l'esperienza autentica. La &quot;trama&quot; è la tua scalata verso la gloria, con partite emozionanti e decisioni tattiche che determinano il successo della tua squadra.
Jammit (USA)	In Jammit, il giocatore si trasforma in una star della musica, suonando hit rock e pop degli anni '90 utilizzando un controller speciale. La &quot;trama&quot; segue la tua ascesa nel mondo della musica: supera livelli sempre più difficili, sincronizzando i movimenti con la musica, e sblocca nuove canzoni per dimostrare il tuo talento. Con una colonna sonora accattivante e un gameplay ritmato, il gioco è un mix perfetto di sfida e divertimento, ideale per gli amanti della musica e dei ritmi coinvolgenti.
Jikki Pachi-Slot Simulator Vol. 1 (Japan)	Questo simulatore di slot machine giapponesi (pachislot) ti immerge nell'atmosfera delle sale giochi. La &quot;trama&quot; è semplice ma avvincente: cerca di vincere il jackpot utilizzando strategie e un po' di fortuna. Con meccaniche realistiche e una varietà di macchine, il gioco offre un'esperienza autentica, perfetta per gli appassionati del genere. Ogni partita è una nuova opportunità per testare la tua abilità e la tua intuizione.
John Madden Football (USA)	John Madden e la NFL si uniscono per creare una nuova versione di John Madden Football, progettata specificamente per il 3DO Interactive Multiplayer. Ottieni il gameplay comprovato del gioco di calcio a 16 bit più venduto di tutti i tempi, tutta la nuova grafica digitalizzata, audio di qualità CD e oltre 100 video highlights autentici di NFL Films. Quindi, vestiti e prova l'unico gioco che offre una vera azione NFL!
John Madden NFL Football (Europe)	John Madden e la NFL si uniscono per creare una nuova versione di John Madden Football, progettata specificamente per il 3DO Interactive Multiplayer. Ottieni il gameplay comprovato del gioco di calcio a 16 bit più venduto di tutti i tempi, tutta la nuova grafica digitalizzata, audio di qualità CD e oltre 100 video highlights autentici di NFL Films. Quindi, vestiti e prova l'unico gioco che offre una vera azione NFL!
Johnny Bazookatone (USA)	Interpreti Johnny Bazookatone, musicista rock anni '50, armato di una chitarra che spara note musicali. La trama segue Johnny nella sua missione per salvare la sua amata, Kitty, rapita dal malvagio Mr. Big. Attraversa livelli colorati e pieni di nemici stravaganti, risolvi enigmi e affronta boss in un'avventura ricca di umorismo e colpi di scena. Con una colonna sonora rock e uno stile unico, il gioco è un mix perfetto di azione, platforming e umorismo, ideale per chi cerca un'esperienza divertente e memorabile.
Jurassic Park Interactive (USA)	Basato sul suo film omonimo, Jurassic Park Interactive ti pone come guardia di sicurezza del parco e ti incarica di guidare da cinque a undici visitatori (in base al livello di abilità che hai scelto) alla sicurezza dell'eliporto. Seleziona ogni visitatore da una mappa aerea e devi giocare a uno dei tre minigiochi selezionati casualmente per determinare se riescono a raggiungere il rifugio successivo: - &quot;Spitter Shoot&quot; è un poligono di tiro con i dilofosauri come bersagli. Usi una pistola stordente che deve essere caricata per avere il massimo effetto. Anche i dinosauri docili si mescolano a quelli ostili, ma diventano ostili se colpiti inutilmente.
Kakinoki Shougi (Japan)	Kakinoki Shogi è un simulatore di Shogi (scacchi giapponesi) che offre un'esperienza autentica e approfondita per gli appassionati del gioco. La &quot;trama&quot; è incentrata sulla tua crescita come giocatore: affronti una serie di sfide contro avversari controllati dall'IA, ognuno con uno stile di gioco unico. Il gioco include tutorial per principianti, partite casuali e tornei, con l'obiettivo di diventare un maestro di Shogi. La grafica è semplice ma funzionale, con un focus sul gameplay strategico e sull'apprendimento delle tattiche avanzate.
Keiba Saishou no Housoku (Japan)	Questo simulatore di corse di cavalli ti mette nei panni di un allenatore e scommettitore. La trama segue la tua carriera nel mondo delle corse ippiche: selezioni cavalli, li alleni, gestisci le scommesse e partecipi a gare sempre più competitive. Con un'attenzione ai dettagli realistici, come le statistiche dei cavalli e le condizioni delle piste, il gioco offre un'esperienza immersiva. L'obiettivo è diventare il miglior allenatore e scommettitore, bilanciando strategia, fortuna e gestione delle risorse.
Kero Kero Keroppi to Origami no Tabibito (Japan)	Un gioco d'avventura per bambini con Keroppi, la rana protagonista della serie Sanrio. La trama segue Keroppi e i suoi amici in un viaggio magico attraverso un mondo di origami, dove devono risolvere enigmi e superare ostacoli per salvare il regno da una minaccia oscura. Con grafica colorata, personaggi adorabili e un gameplay semplice ma coinvolgente, il gioco è perfetto per un pubblico giovane. La storia è ricca di momenti divertenti e lezioni morali, tipiche dello stile Sanrio.
Killing Time (USA) (RE1)	Un FPS horror ambientato in un maniero infestato negli anni '30. Interpreti una studentessa di archeologia che, durante una festa in maschera, scopre che il padrone di casa è un antico faraone maledetto. La trama si sviluppa attraverso esplorazione, combattimenti e risoluzione di enigmi, con filmati FMV che aggiungono profondità alla narrazione. Il gioco è noto per la sua atmosfera inquietante, i nemici spaventosi e una trama ricca di colpi di scena, che mescola elementi di horror e fantascienza.
Kingdom - The Far Reaches (USA, Europe)	Un'avventura grafica in stile punta e clicca, ambientata in un mondo fantasy. Interpreti Garth, un ex soldato che deve salvare il regno di The Far Reaches da una minaccia oscura. La trama è ricca di misteri, personaggi intriganti e scelte morali, con enigmi complessi e un'atmosfera epica. Il gioco combina esplorazione, dialoghi ramificati e una narrazione profonda, offrendo un'esperienza coinvolgente per gli amanti delle avventure grafiche.
Konpeki no Kantai (Japan)	Un gioco di strategia navale basato sull'omonima serie anime. La trama è un'ucronia in cui il Giappone, sconfitto nella Seconda Guerra Mondiale, viaggia indietro nel tempo per cambiare il corso della storia. Il giocatore assume il ruolo di un comandante navale, gestendo flotte, pianificando battaglie e prendendo decisioni strategiche. Con una trama complessa e ricca di dettagli storici alternativi, il gioco offre un'esperienza strategica profonda e coinvolgente.
Kyuusei Senjutsu ni Yoru - Heisei Kaiun Koyomi (Japan)	Un simulatore di divinazione e astrologia basato sul calendario giapponese. La &quot;trama&quot; è incentrata sulla tua vita quotidiana: inserisci i tuoi dati personali e il gioco fornisce previsioni su amore, lavoro, salute e fortuna. Con un'attenzione ai dettagli culturali e un'atmosfera rilassante, il gioco è pensato per chi è interessato alla divinazione e alla cultura tradizionale giapponese. Offre consigli e approfondimenti basati sull'astrologia e sulle credenze popolari.
Last Bounty Hunter, The (USA)	The Last Bounty Hunter per 3DO è un gioco d'azione e avventura che segue le vicende di un cacciatore di taglie in un mondo futuristico e distopico. Il giocatore assume il ruolo di un abile e spietato cacciatore di taglie, impegnato in una missione per catturare dei criminali pericolosi e portare giustizia in un mondo caotico.nnIl gameplay si concentra su combattimenti intensi, sia a distanza che corpo a corpo, mentre il protagonista esplora ambientazioni varie, tra cui città futuristiche e luoghi selvaggi. Oltre alla componente di azione, il gioco include elementi di esplorazione, interazione con altri personaggi e missioni che devono essere completate per avanzare nella trama.nnLa storia del gioco si sviluppa attraverso missioni principali e secondarie, con il cacciatore di taglie che affronta nemici sempre più potenti e pericolosi. Durante il gioco, il protagonista può migliorare il proprio equipaggiamento e raccogliere risorse per aumentare le proprie capacità di combattimento.
Lemmings (USA)	Lemmings è un puzzle game in cui il giocatore deve guidare un gruppo di piccole creature, i Lemmings, attraverso livelli pieni di ostacoli e pericoli. La trama, sebbene semplice, ruota attorno alla missione di salvare i Lemmings dalla loro tendenza a camminare ciecamente verso la morte. Assegnando compiti specifici (come scavare, costruire ponti o bloccare il percorso) a singoli Lemmings, il giocatore deve garantire che un numero sufficiente di loro raggiunga l'uscita di ogni livello. Con oltre 100 livelli e una difficoltà crescente, il gioco offre una sfida mentale avvincente e divertente, arricchita da un'atmosfera umoristica e da una colonna sonora iconica.
Life Stage, The - Virtual House (USA, Korea)	The Life Stage: Virtual House per 3DO è un gioco di simulazione che permette ai giocatori di esplorare la vita quotidiana all'interno di una casa virtuale. In questo gioco, il giocatore ha il controllo di un personaggio virtuale che vive in una casa completamente modellata in 3D. L'obiettivo principale è gestire la vita del personaggio, prendendo decisioni riguardanti la casa, le relazioni sociali e le varie attività quotidiane, come cucinare, fare shopping, decorare la casa e interagire con altri personaggi.nnIl gioco include anche elementi di simulazione sociale, dove il giocatore può interagire con altri personaggi, stabilire relazioni e far crescere la propria vita virtuale. Le decisioni influenzano l'andamento della vita del personaggio e possono portare a diverse esperienze di gioco. La grafica e l'interazione sono progettate per offrire un'esperienza immersiva in un ambiente virtuale ricco di dettagli, con un focus sulla libertà di esplorare e prendere decisioni.
Little House, The (Japan)	The Little House per 3DO è un gioco di simulazione che offre un'esperienza interattiva e rilassante. Il gioco si concentra sulla gestione di una piccola casa, dove il giocatore ha il compito di curare e mantenere la propria abitazione in buone condizioni. Ambientato in un contesto domestico, il gioco simula attività quotidiane come la pulizia della casa, la cura del giardino, la decorazione e altre mansioni casalinghe.nnL'obiettivo principale di The Little House è quello di creare un ambiente piacevole e funzionale, prendendo decisioni riguardanti l'arredamento, le piante e gli oggetti da utilizzare nella casa. Sebbene il gioco non abbia una trama complessa, offre un'esperienza rilassante e creativa che permette ai giocatori di esprimere il proprio gusto estetico e di organizzare la propria casa virtuale.
Lost Dungeon (Japan)	Slayer è un gioco di ruolo in prima persona che utilizza la licenza e le regole di AD&D 2nd Edition. Scegli dal solito assortimento di classi e razze di personaggi di AD&D e avventurati in dungeon generati casualmente, combattendo mostri e trovando oggetti. I parametri e la difficoltà del dungeon sono personalizzabili.
Lost Eden (USA, Korea)	Lost Eden è un'avventura interattiva ambientata in un mondo fantasy preistorico, dove umani e dinosauri convivono. La trama segue Adam, un giovane principe della tribù umana, che deve unire le forze con Mo, un dinosauro parlante, per sconfiggere il malvagio Drex, un tiranno che vuole dominare il mondo. Il gioco combina esplorazione, dialoghi e risoluzione di enigmi, con una forte enfasi sulla narrazione. Attraverso scelte morali e alleanze strategiche, Adam deve riunire le tribù umane e i dinosauri per riportare la pace nel mondo. Con grafica suggestiva e una trama epica, Lost Eden offre un'esperienza coinvolgente e memorabile.
Lost Files of Sherlock Holmes, The (USA)	The Lost Files of Sherlock Holmes per 3DO è un gioco di avventura investigativa che mette il giocatore nei panni del celebre detective Sherlock Holmes. Ambientato nell'Inghilterra vittoriana, il gioco segue una delle sue indagini più misteriose, dove Holmes e il suo fedele amico, il dottor Watson, devono risolvere un caso intrigante.nnLa trama ruota attorno alla scomparsa di una persona e a una serie di eventi misteriosi che coinvolgono una serie di indizi e sospetti. Il giocatore deve esplorare varie location, raccogliere prove, interrogare testimoni e risolvere enigmi per fare luce sul mistero. La narrazione si sviluppa man mano che il giocatore avanza nel gioco, con la possibilità di fare scelte che influenzano il progresso dell'indagine.
Love Bites (USA)	Love Bites ruota attorno a un protagonista che si trova coinvolto in una serie di incontri romantici e misteriosi con una varietà di personaggi, tra cui vampiri e altre figure soprannaturali. Man mano che il gioco progredisce, il giocatore deve prendere decisioni che influenzano la storia, le relazioni con i vari personaggi e, infine, il destino del protagonista. Con una forte enfasi sulla narrazione interattiva e sulle scelte morali, Love Bites esplora temi di passione, desiderio e mistero in un contesto soprannaturale. Tuttavia, essendo un gioco per adulti, il contenuto include scene e temi espliciti.
Lucienne's Quest (USA)	Lucienne's Quest è un RPG fantasy che segue le vicende di Lucienne, una giovane maga in missione per salvare il regno di Sarbatia da una minaccia oscura. La trama inizia con Lucienne che scopre di essere la prescelta per sconfiggere il malvagio Zarux, un demone che minaccia di distruggere il mondo. Lungo il suo viaggio, incontra alleati, affronta nemici potenti e scopre segreti sul suo passato e sul suo destino. Il gioco combina esplorazione, combattimenti a turni e una narrazione ricca di colpi di scena, con un'attenzione particolare allo sviluppo dei personaggi e alle relazioni tra di loro. Con grafica colorata e un'atmosfera fantasy classica, Lucienne's Quest è un titolo affascinante per gli amanti degli RPG.
Mad Dog II - The Lost Gold (USA)	In Mad Dog 2: The Lost Gold, il sequel del celebre sparatutto in stile Western Mad Dog McCree, i giocatori si trovano ancora una volta nel selvaggio West, pronti a fronteggiare una nuova minaccia. La trama ruota attorno alla ricerca di un tesoro perduto, una leggendaria fortuna d'oro nascosta da un bandito noto come &quot;Mad Dog&quot; e ora alla mercé di un altro pericoloso gruppo di fuorilegge. Il protagonista, che può essere interpretato da uno dei diversi personaggi, deve affrontare il rischio di scontri a fuoco, imboscate e trappole mentre cerca di recuperare l'oro rubato. Mad Dog 2: The Lost Gold mantiene l'atmosfera del Far West e l'adrenalina dei duelli, con nuove sfide, nemici e scenari rispetto al primo capitolo. L'esperienza è un mix di azione frenetica, scelte rapide e un'avventura cinematografica coinvolgente.
Mad Dog McCree (USA)	Mad Dog McCree è un gioco di avventura interattivo in stile &quot;light gun shooter&quot;, rilasciato per il 3DO nel 1994. Ambientato nel selvaggio West, il gioco segue la storia di un tranquillo villaggio che viene attaccato da una banda di fuorilegge capeggiata dal temibile Mad Dog McCree. I giocatori assumono il ruolo di un abile cacciatore di taglie incaricato di salvare la città, eliminando i banditi e affrontando il feroce Mad Dog. L'atmosfera di Mad Dog McCree è tipica del Far West, con duelli tra cowboy, taverne polverose, e città desolate. La grafica in stile &quot;film interattivo&quot; è uno degli aspetti distintivi del gioco, con i filmati che si interrompono solo quando il giocatore deve compiere un'azione, come sparare o scegliere una direzione.
Mahjong Gokuu Tenjiku (Japan)	Mahjong Gokuu Tenjiku è un gioco di mahjong per 3DO ispirato al celebre romanzo cinese Viaggio in Occidente. Il giocatore può impersonare uno dei quattro protagonisti: Sun Wukong, Xuánzàng, Zhu Bajie o Sha Wujing, che intraprendono un pellegrinaggio per recuperare scritture sacre in India. Durante il viaggio, affrontano tornei di mahjong contro altri personaggi del romanzo, combinando il classico gioco di carte con la narrazione. Il gioco offre modalità avventura e la possibilità di personalizzare le regole di mahjong.
Mahjong-kyou Jidai - AV Gal Seifuku-hen (Japan)	Mahjong Kuru Jidai - Av Gal Seifukuhen è un gioco di mahjong per 3DO, rilasciato nel 1995 e classificato come titolo per adulti. Il gioco combina il tradizionale mahjong con elementi di interazione visiva, in cui i giocatori sfidano diverse ragazze in partite di mahjong. L'obiettivo principale del gioco è vincere le partite per sbloccare contenuti speciali e progredire nella trama, che include interazioni e sviluppi legati ai personaggi. Il gameplay rimane fedele alle regole classiche del mahjong, ma con un'interfaccia che integra anche sequenze narrative. Ogni vittoria offre nuove scoperte e approfondimenti sulla storia dei personaggi, facendo avanzare la trama con scelte interattive. Poiché Mahjong Kuru Jidai - Av Gal Seifukuhen è un titolo per adulti, il contenuto del gioco potrebbe includere elementi destinati a un pubblico maturo, rendendolo non adatto a tutti.
Mahjong-kyou Jidai Cogal Houkago-hen (Japan)	Mahjong Kuru Jidai - Ko Gal Hokagohen è un videogioco di mahjong per 3DO, rilasciato in Giappone il 18 ottobre 1995 da Micronet. Nel gioco, i partecipanti competono in partite di mahjong contro tre ragazze. Vincendo le partite, si sbloccano clip in live-action che mostrano le ragazze in vari contesti. Mahjong Kuru Jidai - Ko Gal Hokagohen è classificato come titolo per adulti e potrebbe non essere adatto a tutti i pubblici.
Makaroni Hourensou Interactive (Japan)	Macaroni Houren Shou Interactive è un'avventura grafica sviluppata da Future Pirates e pubblicata da Toshiba EMI nel 1995 per il 3DO Interactive Multiplayer. Ispirato all'omonimo manga comico degli anni '70, il gioco segue le bizzarre avventure quotidiane di Seji Okita, un liceale che condivide una pensione con i suoi eccentrici compagni, Nichiyo Kinda e Toshizo Kizakata. Nel corso di cinque episodi, i protagonisti affrontano situazioni surreali che spaziano da visite a gallerie d'arte a incontri con UFO. Il gameplay utilizza un'interfaccia punta e clicca in ambienti 3D, integrando occasionalmente minigiochi che arricchiscono l'esperienza narrativa.
Mazer (USA)	Mazer è un videogioco d'azione sviluppato e pubblicato da American Laser Games nel 1995 per la console 3DO. nnIl gioco è ambientato in un futuro distopico dove la Terra è stata invasa dalla razza aliena Semag-Resal. Per mantenere il loro dominio, gli alieni hanno stabilito basi militari e sviluppato cyborg umani indistinguibili dagli esseri umani reali, con l'obiettivo di infiltrarsi tra la popolazione e distruggere le ultime sacche di resistenza. Il giocatore assume il ruolo di uno dei quattro soldati incaricati di fermare questa minaccia, combattendo attraverso vari livelli per liberare la Terra.nn
MegaRace (USA, Korea) (En,Fr,De,Es,It)	MegaRace è un gioco di corse futuristiche sviluppato da Cryo Interactive, rilasciato nel 1994 per 3DO. Ambientato in un futuro dominato dalla realtà virtuale, i partecipanti competono in un programma televisivo trasmesso su un canale virtuale. Il presentatore, Lance Boyle, guida le gare, che combinano corse ad alta velocità e combattimenti veicolari. Il giocatore controlla un'auto equipaggiata con armi, affrontando avversari su circuiti predefiniti, con l'obiettivo di eliminare tutti gli avversari e completare il percorso nel minor tempo possibile.nnIl gioco offre 14 circuiti, 8 veicoli e diverse ambientazioni 3D pre-renderizzate, con difficoltà crescente. La colonna sonora, composta da Stéphane Picq, contribuisce a creare un'atmosfera coinvolgente. MegaRace mescola corse, combattimento e la fantasia della realtà virtuale, per un'esperienza di gioco unica.
Microcosm (USA)	Nell'anno 2051, due mega-società combattono per la supremazia su un pianeta super popolato e inquinato. CyberTech Industries, la compagnia dominante sul pianeta, viene sfidata da Axiom, che accusa la prima della morte del suo presidente. Per ottenere la loro vendetta, iniettano segretamente un virus nel presidente della CyberTech, Anton Korsby, che minaccia di diffondersi in tutto il suo corpo e finisce per distruggere lui e la sua compagnia. La tua missione è entrare nel corpo di Korsby, distruggere il virus e sconfiggere l'organismo che controlla il suo cervello. Microscosm (Microcosm) è uno sparatutto 3D, simile a Descent, che si svolge interamente all'interno del corpo umano. Il concept è ispirato al film Fantastic Voyage del 1966. Il giocatore piloterà varie parti dell'anatomia, distruggendo virus e navi nemiche, ottenendo potenziamenti e navi più veloci e resistenti. L'obiettivo del gioco è raggiungere il cervello e fermare Gray M, l'entità che controlla il corpo di Korsby. Microcosm fa un uso massiccio di video in tempo reale, nonché di grafica frattale ad alta risoluzione (per simulare le pareti delle vene e delle arterie ), musica digitale ed effetti sonori.
Mind Teazzer (USA)	Mind Teazzer è un videogioco per adulti sviluppato e pubblicato da Vivid Interactive nel 1994 per la console 3DO. Il gioco combina elementi di puzzle con contenuti erotici, offrendo ai giocatori la possibilità di interagire con immagini di modelle adulte attraverso tre diversi tipi di puzzle.nnCompletando con successo uno di questi puzzle, il giocatore sblocca un breve video softcore con la modella selezionata.nnA causa della natura esplicita del contenuto, Mind Teazzer è destinato esclusivamente a un pubblico adulto.
Mirai Shounen Conan - Digital Library (Japan)	Mirai Shounen Conan - Digital Library è un CD-ROM multimediale sviluppato da Bandai Visual e pubblicato nel 1995 per 3DO. Basato sull'anime Future Boy Conan diretto da Hayao Miyazaki, il titolo offre un'esperienza interattiva che combina episodi della serie con giochi educativi.nnMirai Shounen Conan - Digital Library offre un'esperienza immersiva per i fan dell'anime, combinando elementi educativi e ludici in un'unica raccolta multimediale.
Montana Jones (Japan)	Montana Jones è un videogioco d'avventura sviluppato da Future Pirates e pubblicato nel 1995 esclusivamente in Giappone per la console 3DO. Basato sull'omonima serie anime, il gioco segue le avventure del giovane cacciatore di tesori Montana Jones, del suo cugino Alfred Jones e della giornalista Melissa Thorn. Insieme, esplorano luoghi esotici alla ricerca di antichi artefatti, affrontando rivalità con altri cacciatori di tesori e pericoli vari.nnIl gameplay combina elementi di avventura grafica, con scene animate in stile tradizionale che richiamano l'estetica dell'anime originale. I giocatori devono risolvere enigmi e superare ostacoli per progredire nella trama, vivendo un'esperienza immersiva nel mondo di Montana Jones.nn
Moon Cradle - Igyou no Hanayome (Japan)	Ida Jiyouji Nightmare Interactive - Moon Cradle - Igyou No Hanayome è un'avventura interattiva horror per 3DO, basata su una storia dark e psicologica. Il giocatore segue le vicende di Ida Jiyouji, una giovane donna intrappolata in un incubo surreale e inquietante, legato a un misterioso matrimonio maledetto. Attraverso scelte interattive, il giocatore deve esplorare ambienti claustrofobici, risolvere enigmi e scoprire la verità dietro la maledizione, mentre la linea tra realtà e follia si sfuma. Con atmosfere angoscianti e una narrazione ricca di colpi di scena, il gioco offre un'esperienza horror unica e coinvolgente.
Murphy da yo Zen'in Shuugou!! (Japan) (En,Ja)	Murphy Dayo Zen'in Shuugou!! è un videogioco giapponese per 3DO, pubblicato nel 1995. Il titolo, che può essere tradotto come &quot;Murphy, Tutti Insieme!!&quot;, è dedicato alle leggi di Murphy, note anche come leggi della sfortuna, che affermano che se qualcosa può andare storto, lo farànnIl gioco presenta una grafica in stile rudimentale, simile ai disegni realizzati con MS Paint.nnI giocatori devono affrontare situazioni in cui gli eventi seguono le leggi di Murphy, con risultati spesso comici e imprevisti.
Myst (USA)	Myst narra di un protagonista senza nome che, dopo aver trovato un libro magico (chiamato &quot;The Myst Book&quot;), viene trasportato su un'isola enigmatica. Qui, scopre che l'isola è divisa in vari mondi (chiamati &quot;Age&quot;) e che due fratelli, Sirrus e Achenar, sono intrappolati in questi mondi. La loro unica via di salvezza è la scoperta della verità dietro il misterioso libro e dei mondi che contiene.nnIl protagonista deve esplorare diversi ambienti (foreste, città, e rovine) alla ricerca di indizi, risolvendo enigmi complessi per scoprire la verità su Sirrus, Achenar e sul libro stesso. Man mano che il giocatore avanza, la narrazione si dipana attraverso il dialogo di scritti e tracce lasciate dai due fratelli. Il destino dell'isola e dei suoi abitanti dipende dalle decisioni del giocatore.
N.O.B. (Neo Organic Bioform) (Japan)	N.O.B. - Neo Organic Bioform è un videogioco giapponese sviluppato e pubblicato da Sanyo nel 1995 per la console 3DO. Il titolo combina elementi di combattimento a turni con animazioni in stop-motion, offrendo un'esperienza di gioco unica.nnIl gioco narra la storia di un protagonista catturato da un'organizzazione corrotta che conduce esperimenti genetici. Sottoposto a trasformazioni, il protagonista diventa un &quot;Neo Organic Bioform&quot;, una creatura mutata con caratteristiche sia umane che mostruose. Per riconquistare la propria forma umana, deve esplorare le strutture di ricerca dell'organizzazione e affrontare altri mutanti in combattimenti strategici.nn
Naoko to Hide-bou - Kanji no Tensai 1 - Bushu-hen, Bushu no Namae ga Tanoshii Chou Kioku-hou (Japan)	Naoko to Hide Bou - Kanji no Tensai 1 è un videogioco educativo sviluppato da Gakuman e pubblicato nel 1995 per la console 3DO. Il titolo, che può essere tradotto come &quot;Naoko e Hide-bou: I Genii dei Kanji&quot;, è progettato per aiutare i giocatori nell'apprendimento dei caratteri kanji giapponesi attraverso attività interattive e giochi.nnIl gioco offre una serie di attività e quiz focalizzati sul riconoscimento, la scrittura e la comprensione dei kanji. I giocatori possono cimentarsi in esercizi che coinvolgono la lettura e la scrittura di questi caratteri, migliorando così le proprie competenze linguistiche in modo coinvolgente.
Naoko to Hide-bou - Sansuu no Tensai 2 - Hayasa no Bunshoudai Tsuukasan Part I (Japan)	Naoko to Hide Bou - Kanji no Tensai 2 è un videogioco educativo sviluppato da Gakuman e pubblicato nel 1995 per la console 3DO. Questo titolo rappresenta il secondo capitolo della serie &quot;Naoko to Hide Bou&quot; e si concentra sull'insegnamento dei concetti matematici, in particolare sul tempo e sulla distanza.nnI giocatori sono coinvolti in attività che richiedono la risoluzione di problemi matematici pratici, come determinare il tempo che impiegano treni con velocità differenti a superarsi quando partono da stazioni diverse lungo una linea retta. Questi esercizi sono progettati per migliorare le competenze aritmetiche dei giocatori attraverso situazioni coinvolgenti e applicazioni pratiche.
Nemurenu Yoru no Chiisana Ohanashi (Japan)	Nemurenu Yoru no Chiisana Ohanashi è un videogioco educativo sviluppato da Amuse e pubblicato nel 1993 per piattaforme come NEC Super CD-ROM², 3DO, Macintosh e Windows. Basato sul libro illustrato &quot;Short Stories for a Sleepless Night&quot; di Yuko Hara, il gioco offre un'esperienza interattiva pensata per tutte le età.nnIl titolo consiste in una raccolta di dodici brevi storie che ruotano attorno alle avventure di un gatto e dei suoi amici, tra cui un coniglio, un procione, un uccello, uno scoiattolo, una stella, la luna e altri personaggi. Le storie trattano temi come l'amicizia, la curiosità e la meraviglia del mondo circostante, offrendo lezioni di vita in un formato accessibile ai più giovani.
NeuroDancer - Journey into the Neuronet! (USA)	NeuroDancer: Journey Into the Neuronet! è un videogioco per adulti sviluppato da Electric Dreams e pubblicato nel 1994 per 3DO, Macintosh e Windows. Il gioco immerge i giocatori in un mondo cyberpunk in cui controllano un hacker alle prese con difficoltà finanziarie. Per risolvere i suoi problemi, l'hacker accede al &quot;Neuronet&quot;, una rete informatica avanzata, dove può interagire con personaggi virtuali chiamati NeuroDancer. Questi personaggi abitano il cyberspazio e il protagonista deve raccogliere crediti attraverso l'hacking di terminali e l'esplorazione di labirinti digitali. L'obiettivo del gioco è accumulare abbastanza crediti per interagire con le NeuroDancer tramite dispositivi come il VidFone e l'OrbCAM.
NFL Madden Football (Japan)	John Madden e la NFL si uniscono per creare una nuova versione di John Madden Football, progettata specificamente per il 3DO Interactive Multiplayer. Ottieni il gameplay comprovato del gioco di calcio a 16 bit più venduto di tutti i tempi, tutta la nuova grafica digitalizzata, audio di qualità CD e oltre 100 video highlights autentici di NFL Films. Quindi, vestiti e prova l'unico gioco che offre una vera azione NFL!
Nice Body - For Professional Use (Japan)	Nice Body All-Star Suiei Taikai è un videogioco per adulti sviluppato da BrainBusters ed edito da Fuji Television Network nel 1995 per la console 3DO e combina elementi di gioco d'azzardo e turni strategici.nnIl gameplay ruota attorno a una simulazione di slot machine, offrendo ai giocatori un'esperienza di gioco d'azzardo virtuale.nnA causa del suo contenuto destinato a un pubblico adulto, il gioco è stato rilasciato esclusivamente in Giappone.
Night Trap (USA, Europe) (Disc 1)	Cinque ragazze vanno ad un party in una bella casa in riva al lago. Cinque ragazze spariscono senza lasciare traccia... ora altre cinque arrivano in questa stessa casa per passare le vacanze con i Martin, i padroni di casa, ed in particolare con la bella signora Martin. Questa volta non lasciarle morire di una morte raccapricciante! Perché le &quot;belle persone&quot; ogni tanto si rivelano... già, vampiri. L'intera casa è piena di trappole atte a catturare le povere ragazze innocenti, cosicché i vampiri possano succhiare il loro sangue. Fortunatamente il coraggioso eroe è presente per smettere di essere una preda e diventare un predatore! Sistema le trappole in modo da catturare i cattivi, usando tempi precisi e una buona organizzazione.
Nishimura Kyoutarou Travel Mystery - Akugyaku no Kisetsu - Tokyo ~ Nanki-Shirahama Renzoku Satsujin Jiken (Japan) (Disc 1)	In Nishimura Kyōtarō Travel Mystery: Akugyaku no Kisetsu il giocatore veste i panni dell'ispettore capo Totsukawa, un personaggio immaginario creato dallo stesso Nishimura. La storia inizia con il ritrovamento del corpo senza vita di un uomo, ucciso con una freccia da balestra, che stringe nella mano alcune foto di una modella in costume da bagno. L'uomo risiedeva in un appartamento nelle vicinanze, e l'ispettore Totsukawa intraprende un'indagine che lo porterà a collegare questo omicidio a una serie di delitti avvenuti lungo la tratta ferroviaria che collega Tokyo a Nanki Shirahama.nnIl gioco combina filmati dal vivo con elementi di avventura punta e clicca. Il giocatore esplora diverse location, raccoglie indizi, interroga testimoni e risolve enigmi per avanzare nella trama. Le decisioni prese influenzano l'andamento dell'indagine, offrendo diverse possibili conclusioni.
Nobunaga no Yabou - Haouden (Japan)	Nobunaga no Yabou: Haouden è un gioco di strategia a turni ambientato nel periodo Sengoku del Giappone, sviluppato da Koei per 3DO. Il giocatore assume il ruolo di uno dei daimyō dell'epoca, con l'obiettivo di conquistare e unificare il Giappone. Il gioco copre tre periodi chiave della vita di Oda Nobunaga, offrendo scenari storici che spaziano dalla sua ascesa al potere fino alla sua morte. Haouden introduce novità come la conquista di castelli, il supporto fino a otto giocatori e scenari espandibili, aggiungendo profondità e opzioni strategiche. Il titolo è stato rilasciato solo in Giappone.
Nontan to Issho - Hoshi no Okurimono (Japan)	Nontan to Issho: Hoshi no Okurimono è un videogioco educativo sviluppato da Victor Entertainment Inc. e rilasciato nel 1995 per 3DO. Basato sulla popolare serie di libri per bambini giapponesi &quot;Nontan&quot;, il gioco è progettato per i più piccoli, offrendo attività interattive che insegnano abilità come il riconoscimento dei colori, la forma e la memoria.nnIl gameplay consiste principalmente in mini-giochi che coinvolgono il giovane gatto Nontan e i suoi amici animali. I bambini possono partecipare a attività come il riconoscimento dei colori, l'abbinamento delle forme e giochi di memoria, tutti progettati per essere sia educativi che divertenti.nnIl titolo è il secondo nella serie di giochi educativi &quot;Nontan to Issho&quot; e, come il suo predecessore, è stato rilasciato esclusivamente in Giappone. nn
Nontan to Issho - Nohara de Asobo (Japan)	Nontan to Issho: Nohara de Asobo è un videogioco educativo per 3DO, rilasciato nel 1994, basato sulla serie giapponese per bambini &quot;Nontan&quot;. Il gioco segue Nontan, un gattino curioso, e i suoi amici animali mentre esplorano ambienti naturali. I bambini partecipano a mini-giochi interattivi che stimolano l'apprendimento, come il riconoscimento di colori, forme e attività di memoria. Progettato per i più piccoli, il gameplay è semplice e intuitivo. Il titolo è stato rilasciato esclusivamente in Giappone.
Nova-Storm (Japan)	Novastorm è un videogioco di sparatutto spaziale sviluppato da Argonaut Games e pubblicato da 3DO nel 1995. Il gioco si svolge in un futuro distopico, dove il giocatore assume il ruolo di un pilota di una navetta spaziale incaricato di salvare l'umanità da un'invasione aliena.nnLa trama ruota attorno a un'alleanza tra l'umanità e una razza aliena avanzata, chiamata &quot;Zovian&quot;, che, dopo aver tradito gli esseri umani, minaccia la sopravvivenza della Terra. I giocatori devono pilotare un potente caccia spaziale attraverso una serie di missioni per fermare gli Zovian e distruggere le loro flotte. Ogni missione è caratterizzata da spettacolari battaglie spaziali con un gameplay frenetico, in cui il giocatore deve affrontare ondate di nemici, evitare ostacoli e distruggere potenti boss.
Novastorm (USA)	Novastorm è un videogioco di sparatutto spaziale sviluppato da Argonaut Games e pubblicato da 3DO nel 1995. Il gioco si svolge in un futuro distopico, dove il giocatore assume il ruolo di un pilota di una navetta spaziale incaricato di salvare l'umanità da un'invasione aliena.nnLa trama ruota attorno a un'alleanza tra l'umanità e una razza aliena avanzata, chiamata &quot;Zovian&quot;, che, dopo aver tradito gli esseri umani, minaccia la sopravvivenza della Terra. I giocatori devono pilotare un potente caccia spaziale attraverso una serie di missioni per fermare gli Zovian e distruggere le loro flotte. Ogni missione è caratterizzata da spettacolari battaglie spaziali con un gameplay frenetico, in cui il giocatore deve affrontare ondate di nemici, evitare ostacoli e distruggere potenti boss.
Oceans Below (USA)	Oceans Below è un'esperienza multimediale interattiva per 3DO, rilasciata nel 1993, che permette ai giocatori di esplorare ambienti marini senza doversi bagnare. Il gioco offre una vasta gamma di contenuti visivi, tra cui oltre 200 segmenti video e più di 125 fotografie che mostrano la fauna e la flora sottomarina, insieme a relitti di navi e aerei. I giocatori possono esplorare 17 siti di immersione situati in diverse località marine del mondo, come i Caraibi, la California, il Mar Rosso, le Hawaii, l'Australia e le Galápagos. Ogni area è accompagnata da narrazioni video originali, testi informativi, musiche e fotografie a colori, creando un'esperienza educativa e coinvolgente.
Off-World Interceptor (USA, Europe)	Off-World Interceptor è un videogioco di combattimento veicolare in terza persona sviluppato da Crystal Dynamics e rilasciato nel 1994 per 3DO. Il giocatore veste i panni di un &quot;Trashman&quot;, un cacciatore di taglie incaricato di eliminare criminali intergalattici su vari pianeti. Il gameplay combina corse su terreni accidentati con elementi di combattimento, offrendo la possibilità di saltare e, in misura limitata, fluttuare. Lungo il percorso, è possibile raccogliere potenziamenti per armi, scudi e altri equipaggiamenti, affrontando nemici come altri cacciatori di taglie e torrette laser. Il titolo è noto per le sue scene in full-motion video che parodiano il programma televisivo &quot;Mystery Science Theater 3000&quot;, aggiungendo un tocco di umorismo all'esperienza di gioco.
Olympic Games (Europe) (Demo)	Olympic Summer Games: Atlanta 1996 è un videogioco sportivo che simula i Giochi Olimpici Estivi di Atlanta 1996. I giocatori possono competere in dieci eventi atletici, come 100 m sprint, salto in alto, lancio del giavellotto, e tiro con l'arco. È possibile scegliere tra otto atleti personalizzabili per partecipare agli eventi, o giocare in modalità &quot;Custom Game&quot; per selezionare eventi specifici. Il gioco è noto per la sua combinazione di sequenze video e gameplay, sebbene la grafica fosse inferiore rispetto ad altri titoli dell'epoca. Rilasciato esclusivamente per 3DO, il gioco offre un'esperienza di competizione olimpica immersiva.
Olympic Soccer (USA) (En,Fr,De,Es,It)	Olympic Soccer è un videogioco di calcio sviluppato da Silicon Dreams e pubblicato nel 1996 da U.S. Gold per diverse piattaforme, tra cui 3DO. Il gioco offre ai giocatori la possibilità di scegliere tra 33 squadre nazionali e partecipare a diverse modalità, tra cui partite amichevoli, un torneo a eliminazione diretta con 32 squadre, il torneo olimpico con 16 squadre che replica il torneo reale delle Olimpiadi di Atlanta 1996, e un campionato con un numero variabile di squadre. Le partite si svolgono in 5 stadi presenti nelle Olimpiadi reali, con opzioni per regolare la durata delle partite, le regole dei pareggi e le condizioni atmosferiche, offrendo un'esperienza di gioco completa e personalizzabile.
Olympic Summer Games (USA)	Olympic Summer Games: Atlanta 1996 è un videogioco sportivo che simula i Giochi Olimpici Estivi di Atlanta 1996. I giocatori possono competere in dieci eventi atletici, come 100 m sprint, salto in alto, lancio del giavellotto, e tiro con l'arco. È possibile scegliere tra otto atleti personalizzabili per partecipare agli eventi, o giocare in modalità &quot;Custom Game&quot; per selezionare eventi specifici. Il gioco è noto per la sua combinazione di sequenze video e gameplay, sebbene la grafica fosse inferiore rispetto ad altri titoli dell'epoca. Rilasciato esclusivamente per 3DO, il gioco offre un'esperienza di competizione olimpica immersiva.
Oneesan to Issho! Janken Paradise (Japan)	Onee-san To Isshoo! Shanken Paradise per 3DO è un gioco di simulazione giapponese che mescola interazioni romantiche con il tradizionale gioco della morra cinese (noto anche come &quot;sasso carta forbice&quot;). Il gameplay si sviluppa attorno a una serie di situazioni in cui il protagonista interagisce con vari personaggi femminili, in particolare una figura di &quot;onee-san&quot; (sorella maggiore), attraverso una serie di scelte che determinano la direzione della storia.nnUn aspetto distintivo del gioco è che le interazioni con i personaggi principali sono basate su sfide di morra cinese. Il giocatore deve scegliere tra sasso, carta o forbice in base alla situazione e alle azioni delle protagoniste. Ogni vittoria o sconfitta nelle sfide determina come si evolverà la relazione con le protagoniste e come procederà la trama.
Oneesan to Issho! Kisekae Paradise (Japan)	Oneesan to Issho! Kisekae Paradise per 3DO è un gioco di simulazione giapponese che si concentra su interazioni romantiche e scenari visivi. Il giocatore interagisce con personaggi femminili, in particolare una &quot;onee-san&quot; (sorella maggiore), con l'obiettivo di costruire una relazione. Il gameplay si basa su un sistema di personalizzazione, dove è possibile cambiare l'abbigliamento e l'aspetto dei personaggi, influenzando le loro reazioni e lo sviluppo della storia. Con una trama che si ramifica a seconda delle scelte fatte, il gioco offre diverse possibilità di interazione e finali, presentando temi romantici e di tipo visivo.
Oukoku no Grand Chef (Japan)	Ōkoku no Grand Chef è un raro e affascinante videogioco di simulazione culinaria rilasciato per 3DO esclusivamente in Giappone. Sviluppato da Media Entertainment, il titolo combina elementi di gestione ristorativa e sfide culinarie, immergendo i giocatori nel ruolo di un ambizioso chef che aspira a diventare il migliore del regno.nnIl gioco si svolge in un mondo fantastico, dove la cucina è considerata una forma d'arte e i migliori chef sono trattati come veri eroi. I giocatori devono gestire il proprio ristorante, selezionare ingredienti, creare piatti unici e partecipare a competizioni gastronomiche contro rivali agguerriti. Le scelte strategiche, come l'acquisto delle materie prime e la gestione del personale, influenzano la reputazione del ristorante e il suo successo.
Out of This World (USA)	Another World è un'avventura cinematografica del 1994 in cui il giovane scienziato Lester Knight Chaykin viene trasportato in un mondo alieno dopo un esperimento fallito. Tra pericoli, creature ostili e un misterioso alleato, il giocatore deve sopravvivere risolvendo enigmi e affrontando sequenze d'azione, il tutto con una grafica stilizzata e un'atmosfera unica.
Outer World (Japan)	Another World è un'avventura cinematografica del 1994 in cui il giovane scienziato Lester Knight Chaykin viene trasportato in un mondo alieno dopo un esperimento fallito. Tra pericoli, creature ostili e un misterioso alleato, il giocatore deve sopravvivere risolvendo enigmi e affrontando sequenze d'azione, il tutto con una grafica stilizzata e un'atmosfera unica.
Oyaji Hunter Mahjong (Japan)	Oyaji Hunter Mahjong è un videogioco di mahjong rilasciato esclusivamente in Giappone per 3DO, caratterizzato da una combinazione unica di umorismo stravagante e meccaniche di gioco tradizionali.nnIl giocatore assume il ruolo di una giovane e audace protagonista con l'obiettivo di sfidare e sconfiggere un cast di bizzarri “oyaji” (un termine giapponese che indica uomini di mezza età) in intense partite di mahjong. Ogni avversario ha una personalità eccentrica e un proprio stile di gioco, rendendo ogni sfida unica e imprevedibile.nnOltre alle classiche regole del mahjong giapponese, il gioco introduce elementi narrativi e scenette comiche che si sviluppano man mano che il giocatore avanza, affrontando boss sempre più stravaganti in una sorta di torneo a eliminazione. La grafica in stile anime e le animazioni esagerate contribuiscono all'atmosfera leggera e divertente del gioco.
Paddock Note '95 (Japan)	Paddock Note '95 è un simulatore di gestione ippica rilasciato esclusivamente in Giappone per 3DO. Il gioco mette i giocatori nei panni di un manager di scuderia, con il compito di allevare, allenare e far gareggiare cavalli da corsa in competizioni prestigiose.nnIl gameplay combina elementi di strategia e simulazione, richiedendo di prendere decisioni cruciali sulla selezione dei purosangue, la gestione dell'allenamento, la scelta dei fantini e la pianificazione delle gare. Le corse vengono poi simulate in grafica 3D, offrendo una rappresentazione realistica delle competizioni.
Panzer General (USA, Germany)	Panzer General per 3DO è un gioco di strategia a turni ambientato nella Seconda Guerra Mondiale, in cui i giocatori comandano le forze tedesche in campagne su mappe esagonali. Bisogna gestire unità militari, pianificare tattiche e conquistare obiettivi strategici. La versione 3DO migliora la grafica con filmati FMV e un'interfaccia ottimizzata per il controller. Con la sua profondità strategica e accessibilità, il gioco è considerato un classico del genere wargame.
PaTaank (USA, Europe)	PaTaank per 3DO è un innovativo simulatore di flipper in prima persona, in cui i giocatori controllano direttamente la pallina all'interno di enormi tavoli tridimensionali. Sviluppato da PF Magic, il gioco si distingue per il suo stile arcade frenetico e un gameplay basato sulla velocità e sui riflessi.nnA differenza dei flipper tradizionali, il giocatore pilota attivamente la palla, guidandola attraverso rampe, ostacoli e zone bonus per completare obiettivi specifici su tre tavoli tematici: uno ispirato agli sport estremi, uno a un ambiente futuristico e uno a un parco acquatico. L'azione è accompagnata da effetti visivi psichedelici e una colonna sonora energica, amplificando l'esperienza immersiva.nnGrazie alla sua visuale in soggettiva e alla fisica unica, PaTaank offre un'interpretazione originale del genere flipper, rendendolo un titolo distintivo e memorabile per la console 3DO.
Pebble Beach Golf Links (USA, Korea)	Pebble Beach Golf Links per 3DO è una simulazione di golf realistica basata sul celebre campo da golf californiano. Sviluppato da T&E Soft, il gioco offre una riproduzione dettagliata del percorso, con grafica in FMV (full motion video) che combina filmati digitalizzati e modelli 3D per un'esperienza immersiva.nnIl gameplay segue un approccio simulativo, con fattori come vento, pendenza del terreno e scelta della mazza che influenzano ogni colpo. I giocatori possono competere in modalità torneo o pratica, sfidando avversari controllati dall'IA, tra cui il campione Craig Stadler, che fornisce consigli e commenti sulle prestazioni.nnGrazie alla sua presentazione avanzata per l'epoca e alla precisione nella riproduzione del campo, Pebble Beach Golf Links è un titolo apprezzato dagli amanti del golf su 3DO.
Penthouse Interactive - Virtual Photo Shoot Vol. 1 (Japan)	Penthouse Interactive – Virtual Photo Shoot Vol. 1 è un'esperienza interattiva ispirata alla rivista Penthouse, che permette ai giocatori di dirigere un servizio fotografico virtuale con modelle in ambienti e pose selezionabili. Con grafica in full-motion video (FMV), il gioco si concentra su estetica e interazione minimalista, risultando più una curiosità multimediale che un vero videogioco.
Perfect General, The (USA)	The Perfect General per 3DO è un gioco di strategia militare che si concentra sulla pianificazione tattica e la gestione delle battaglie. Ambientato in scenari di guerra, il gioco permette ai giocatori di comandare eserciti in battaglie su campi di battaglia in tempo reale, con l'obiettivo di distruggere le forze nemiche e conquistare obiettivi strategici.nnIl gioco presenta una serie di scenari, ognuno con un set di condizioni da soddisfare, come la cattura di una città o la difesa di una posizione strategica. I giocatori devono utilizzare risorse limitate, prendere decisioni strategiche e scegliere tra diverse unità militari, come carri armati, truppe di fanteria, aerei e veicoli di supporto, per sconfiggere il nemico. La gestione della logistica, l'organizzazione delle forze e l'uso delle risorse sono essenziali per il successo.
Perfect World - Combat in a Digital World (Japan)	Immercenary è un gioco d'azione/avventura in prima persona per 3DO, ambientato in un mondo virtuale cyberpunk. Il giocatore interpreta un &quot;Immercenary&quot;, un mercenario digitale incaricato di combattere virus e hacker in una realtà simulata. Con armi futuristiche e abilità speciali, il gioco unisce esplorazione, combattimento e risoluzione di enigmi in un'atmosfera high-tech e immersiva. Un titolo unico per gli amanti della fantascienza e dei mondi virtuali.
Peter Frankl - Puzzle no Tou (Japan)	Peter Frankel – Puzzle no Tou è un puzzle game in cui i giocatori devono affrontare enigmi logici per avanzare in un misterioso percorso verso la cima di una torre. Il gioco offre una serie di rompicapi matematici e logici, con difficoltà crescente man mano che si prosegue. La grafica semplice ma accattivante si concentra sull'interazione e la risoluzione di problemi, con una struttura che stimola la mente e promuove il pensiero critico. Ogni piano della torre presenta un puzzle diverso, e il giocatore deve risolverli per proseguire.
PGA Tour 96 (USA) (RE-1)	PGA Tour 96 è un simulatore di golf che replica precisamente i campi da gioco e i giocatori professionisti dell'epoca, come parte del PGA Tour. Il gioco offre una varietà di modalità di gioco, inclusi tornei, partite singole e modalità di pratica. Le caratteristiche includono una gestione precisa dei colpi con opzioni per calibrare la forza, l'angolo e la direzione, creando una simulazione realistica. La grafica in 3D, per l'epoca, era all'avanguardia, e l'interfaccia intuitiva permette anche ai principianti di godersi il gioco.
Phoenix 3 (USA)	Phoenix 3 è un'avventura spaziale in stile shoot-'em-up in prima persona, dove il giocatore assume il controllo di una navetta spaziale mentre esplora un misterioso sistema stellare. Phoenix 3 è una fusione tra un gioco di combattimento spaziale e un'avventura grafica, con una narrazione intrigante e missioni di esplorazione. Il gioco è noto per la sua grafica avanzata (per l'epoca), animazioni fluide e una trama ricca di mistero e colpi di scena. I giocatori combattono contro nemici alieni, risolvendo puzzle e interagendo con l'ambiente circostante.
Plumbers Don't Wear Ties (USA)	Plumbers Don't Wear Ties è un gioco di avventura in FMV che mescola romanticismo e umorismo in una storia di bizzarre situazioni. I giocatori seguono un idraulico e una donna misteriosa in una serie di eventi comici e grotteschi, con interazioni minime, ma con un impatto enorme sui personaggi. Il gioco è famoso per la sua produzione di basso budget, con sequenze video statiche e dialoghi esagerati. Sebbene sia considerato un titolo di cattiva qualità, ha guadagnato una sorta di status di &quot;cult&quot; per il suo tono assurdo.
PO'ed (USA, Europe)	PO'ed è un gioco di sparatutto in prima persona (FPS) in cui il giocatore controlla un personaggio piuttosto &quot;arrabbiato&quot; che affronta una serie di nemici alieni e mostri in un mondo futuristico e psichedelico. PO'ed si distingue per la sua atmosfera grottesca e umoristica, oltre a uno stile grafico unico che gioca su colori vivaci e un design bizzarro. Il gameplay include combattimenti frenetici e la necessità di utilizzare una varietà di armi per abbattere nemici e boss.
Policenauts (Japan) (Disc 1)	Policenauts è un'avventura grafica sviluppata da Hideo Kojima (famoso per Metal Gear), con una trama che mescola cyberpunk e noir. Il gioco racconta le indagini di un detective, Jonathan Ingram, che deve risolvere il mistero di una scomparsa nello spazio. Policenauts è noto per la sua narrazione profonda, dialoghi ricchi e le sezioni di interazione in stile anime. Un mix di esplorazione, puzzle e fasi di sparatoria, con una trama che si sviluppa a seconda delle scelte del giocatore, influenzando il corso degli eventi.
Policenauts - Pilot Disk (Japan)	Policenauts è un'avventura grafica sviluppata da Hideo Kojima (famoso per Metal Gear), con una trama che mescola cyberpunk e noir. Il gioco racconta le indagini di un detective, Jonathan Ingram, che deve risolvere il mistero di una scomparsa nello spazio. Policenauts è noto per la sua narrazione profonda, dialoghi ricchi e le sezioni di interazione in stile anime. Un mix di esplorazione, puzzle e fasi di sparatoria, con una trama che si sviluppa a seconda delle scelte del giocatore, influenzando il corso degli eventi.
Powers Kingdom (Europe)	Powers Kingdom è un RPG strategico in cui il giocatore assume il ruolo di un giovane eroe incaricato di salvare il regno da un male oscuro. Il gioco include combattimenti a turni, in cui il giocatore deve scegliere le mosse più strategiche per sconfiggere i nemici, gestendo anche l'evoluzione delle abilità dei personaggi. La narrazione segue un percorso epico, con una grafica isometrica che rappresenta il mondo fantastico in modo dettagliato.
Pretty Soldier SailorMoon S (Japan)	Pretty Soldier Sailor Moon S è un picchiaduro a incontri basato sull'anime Sailor Moon. I giocatori possono scegliere tra i vari personaggi della serie, come Sailor Moon e Sailor Mars, e affrontarsi in combattimenti a colpi di mosse speciali e attacchi magici. Con una grafica in stile anime, il gioco segue le meccaniche tipiche dei fighting game giapponesi, con mosse combo, combattimenti frenetici e modalità storia che si sbloccano man mano che si avanza.
Primal Rage (USA, Europe)	Primal Rage è un picchiaduro arcade che presenta dinosauri e creature mitologiche che combattono tra loro in battaglie violente. Ogni personaggio ha abilità uniche, con mosse speciali spettacolari e fatalità simili a quelle di Mortal Kombat. La grafica in digitale e gli effetti speciali intensi rendono il gioco visivamente accattivante, mentre la varietà di personaggi e ambientazioni dà una buona dose di diversità alle battaglie.
Princess Maker 2 (Japan)	Princess Maker 2 è un simulatore di vita in cui il giocatore cresce una principessa adottata, prendendo decisioni che influenzano la sua educazione, il suo carattere e il suo futuro. Il gioco si sviluppa attraverso la gestione del tempo e delle attività quotidiane della protagonista, con una varietà di carriere e obiettivi che determinano uno dei molteplici finali. La grafica in stile anime e il focus sulla narrazione caratterizzano il gioco come una simulazione di vita unica.
Pro Stadium (Japan)	Pro Stadium è un gioco di baseball che riproduce il mondo del baseball professionistico giapponese. Con modalità torneo e partite rapide, il gioco presenta squadre e giocatori licenziati, oltre a un sistema di controllo che simula con precisione il lancio, il battito e le strategie di gioco. La grafica 3D permette un'esperienza di gioco abbastanza realistica per l'epoca.
Pro Yakyuu Virtual Stadium - Professional Baseball (Japan)	Pro Yakyuu Virtual Stadium – Professional Baseball è un altro gioco di baseball giapponese, questa volta con un focus sulla gestione delle squadre e strategie avanzate. Con telecronache in tempo reale e dettagli sulla performance di ogni giocatore, il gioco offre un'esperienza simile a quella di un videogioco manageriale, pur mantenendo l'azione sul campo con gameplay di baseball in tempo reale.
Psychic Detective (USA) (Disc 1)	Psychic Detective è un thriller interattivo in FMV dove i giocatori assumono il ruolo di un detective psichico che usa i suoi poteri per risolvere un misterioso omicidio. Le scelte fatte durante il gioco determinano il corso della storia, portando a diversi finali. La narrazione è intensa e le sequenze video sono un elemento fondamentale della trama, creando un'atmosfera noir.
Puppet Tale (Japan)	Puppet Tale è un gioco di avventura che utilizza marionette digitalizzate in un mondo fiabesco. Il giocatore esplora vari scenari, interagisce con personaggi e risolve enigmi, il tutto mentre scopre una storia magica. Con una grafica stilizzata e un tono affascinante, il gioco si concentra sulla narrazione e l'esplorazione.
Putt-Putt Goes to the Moon (USA)	Putt-Putt Goes to the Moon è un gioco educativo punta-e-clicca in cui il protagonista, un'auto chiamata Putt-Putt, viaggia verso la Luna per risolvere problemi e aiutare nuovi amici. Il gioco include puzzle leggeri e attività che aiutano i bambini a sviluppare abilità logiche e cognitive, con una narrazione allegra e personaggi simpatici.
Putt-Putt Joins the Parade (USA)	In Putt-Putt Joins The Parade, il protagonista Putt-Putt vuole partecipare a una grande parata cittadina, ma per riuscirci, dovrà raccogliere una serie di oggetti speciali da diversi luoghi della città. Ogni livello presenta puzzle interattivi che coinvolgono la risoluzione di problemi, come aiutare i cittadini a completare compiti per ottenere gli oggetti necessari. Il giocatore può esplorare un mondo ricco di personaggi simpatici, come il cane Digger e il pony Scat, interagendo con loro per ricevere indizi o aiuto. L'ambientazione cittadina è vivace e piena di dettagli, rendendo il gioco affascinante da esplorare. Ogni sfida richiede abilità logiche e cognitive, come risolvere enigmi e completare piccoli compiti, aiutando i bambini a sviluppare la capacità di pensare in modo critico e pratico. La grafica è colorata e animata, ed è accompagnata da una narrazione amichevole che incoraggia l'esplorazione e l'apprendimento.
Putt-Putt's Fun Pack (USA, Korea)	Putt-Putt's Fun Pack è una raccolta di giochi interattivi e attività didattiche per bambini, che presenta tre avventure diverse, ognuna con il proprio tema e stile di gioco. In una delle avventure, Putt-Putt aiuta un gruppo di animali a risolvere i loro problemi in un parco naturale, mentre in un'altra esplora un mondo musicale dove deve completare attività legate alla musica e al ritmo. Un altro segmento permette ai bambini di sviluppare la loro creatività, progettando e decorando oggetti o paesaggi. Ogni sezione del gioco è progettata per stimolare abilità cognitive e motorie, come la risoluzione di puzzle logici, la comprensione della musica e l'uso dell'immaginazione. La grafica è vivace, con un design simile a quello di un cartone animato, creando un'esperienza coinvolgente per i più piccoli. Il gioco incoraggia anche l'interazione sociale, consentendo ai bambini di lavorare insieme su alcune attività.
Puzzle Bobble (Japan)	Bust-A-Move (conosciuto anche come Puzzle Bobble) è un gioco puzzle sviluppato da Taito per la 3DO e molte altre piattaforme. È un gioco di abbinamento di bolle colorate, dove il giocatore deve sparare bolle dal basso dello schermo verso quelle sospese in alto. Se tre o più bolle dello stesso colore si toccano, esplodono, e il giocatore deve cercare di eliminare tutte le bolle per passare al livello successivo. La sfida aumenta man mano che il livello avanza, con le bolle che si abbassano progressivamente, aumentando la pressione. Il gioco è noto per la sua meccanica semplice ma coinvolgente, e per l'approccio divertente e casual, che lo ha reso un classico dei giochi di puzzle.
Pyramid Intruder (Japan)	Pyramid Intruder è un'avventura puzzle con un tema egiziano che sfida i giocatori ad esplorare antiche piramidi e risolvere enigmi complessi. Ambientato in un mondo ispirato all'antico Egitto, il giocatore assume il ruolo di un intruso che deve navigare attraverso un labirinto di trappole e stanze segrete per trovare tesori e scoprire i segreti nascosti all'interno della piramide. Ogni stanza è piena di rompicapi e sfide, come attivare meccanismi segreti, evitare trappole mortali e decifrare geroglifici. La grafica del gioco è ricca di dettagli storici, con ambientazioni che includono mummie, statue e sarcofagi. L'atmosfera del gioco è misteriosa e avvolta nel fascino dell'archeologia, mentre il gameplay è basato su una forte componente di esplorazione e risoluzione di puzzle. L'esperienza è coinvolgente, con il giocatore che deve utilizzare logica, strategia e attenzione ai dettagli per avanzare.
Quarantine (USA) (En,Fr,De,Es) (RE)	Quarantine è un gioco d'azione in cui il giocatore assume il ruolo di un autista di taxi spaziale in una città futuristica infestata da malattie letali. La città è un labirinto di strade pericolose, occupate da malati, agenti della polizia e criminali, e il giocatore deve trasportare i passeggeri da un punto all'altro, evitando ostacoli e combattendo nemici. Il gameplay si concentra su una dinamica di guida veloce in un mondo distopico, combinando elementi di sparatutto e guida. Mentre il giocatore guida il taxi, deve affrontare battaglie contro criminali, evitare traffico e superare ostacoli mortali. La grafica del gioco è cupa e dettagliata, con un'ambientazione che richiama i mondi cyberpunk. Il gioco mette alla prova le capacità del giocatore di prendere decisioni rapide e gestire sia il combattimento che la guida, in un'esperienza ad alta tensione.
Quarterback Attack (USA)	Quarterback Attack with Mike Ditka è un gioco di football americano che mette il giocatore nei panni di un quarterback, guidato dal famoso allenatore Mike Ditka. Il gioco presenta azioni frenetiche, in cui il giocatore deve lanciare il pallone, evitare il pressing degli avversari e cercare di segnare un touchdown. Le partite si svolgono in un ambiente ricco di azione dinamica, con il giocatore che deve utilizzare strategie, fare passaggi precisi e comandare il team in tempo reale. L'intelligenza artificiale degli avversari è progettata per offrire sfide in continua evoluzione, rendendo ogni partita unica. Oltre alle partite singole, il gioco offre modalità torneo in cui il giocatore può competere contro squadre rivali.
Real Pinball (USA)	Real Pinball è un gioco di flipper che simula l'esperienza di una macchina da pinball fisica. Con diverse ambientazioni tematiche, il giocatore deve usare le palette per respingere la pallina, completando sfide e colpendo bersagli per guadagnare punti. Ogni livello presenta puzzle e obiettivi, mentre la grafica dettagliata e la colonna sonora coinvolgente cercano di ricreare l'atmosfera di un vero flipper. L'abilità del giocatore è cruciale per raggiungere i punteggi più alti.
Return Fire (USA)	Return Fire è un gioco di strategia e azione in cui il giocatore guida veicoli militari come carri armati e jeep per distruggere la base nemica. Ambientato in scenari 3D, il titolo offre combattimenti ad alta intensità e modalità multiplayer. Le missioni sono ricche di sfide tattiche, con diverse unità e ambienti da esplorare. Il gioco si distingue per l'equilibrio tra azione e strategia.
Return Fire - Maps O' Death (USA)	Espansione di Return Fire, Maps O' Death introduce nuove mappe più grandi e complesse. Le sfide sono ancora più difficili, con ostacoli e scenari che richiedono maggiore strategia per distruggere le basi nemiche. Le nuove modalità cooperativa e multiplayer aumentano la rigiocabilità e l'intensità, offrendo un'esperienza di gioco migliorata.
Rise of the Robots (USA)	Rise of the Robots è un gioco di combattimento in 2.5D. Si gioca nei panni del cyborg Eco35-2, metà uomo e metà robot, creato dalla società Electrocorp per contrastare l'ammutinamento che sta fermentando nella loro fabbrica Metropolis 4, in seguito alla riprogrammazione di alcuni robot con l'iniezione del virus EGO, che li rende consapevoli della loro situazione e quindi aggressivi. Dovrete combatterli uno per uno in battaglie a duello per fermare la ribellione. Il titolo era destinato a essere graficamente rivoluzionario. Ma anche se i robot da combattimento sono piuttosto belli (con sprite 3D trascritti in un universo 2D), lo scenario è solo in 2D statico e noioso. Inoltre, l'animazione in-game è lenta, anche piuttosto &quot;pesante&quot;, con un impatto diretto sulla maneggevolezza. La lentezza del vostro robot e la potenza variabile dei nemici (al punto che alcuni robot sono ultra potenti e vi atomizzano in due colpi) rendono rapidamente i combattimenti sbilanciati.
Road & Track Presents - OverDrivin' (Japan)	The Need for Speed per 3DO è un gioco di corse automobilistiche che si distingue per la sua attenzione ai dettagli e per l'introduzione di una simulazione di guida più realistica rispetto ad altri giochi di corse dell'epoca. Il gioco permette ai giocatori di partecipare a gare ad alta velocità su una varietà di tracciati, con una selezione di auto sportive licenziate, tra cui modelli di marchi prestigiosi come Porsche, Lamborghini, Ferrari e molti altri.nnLa trama del gioco è incentrata sulla competizione nelle corse automobilistiche, dove il giocatore può scegliere di partecipare a gare su strada, inseguimenti della polizia e sfide contro altri piloti in una serie di eventi. Ogni gara si svolge su strade reali, in diverse condizioni di luce e meteo, aumentando la varietà e il realismo del gioco. Inoltre, la polizia è presente in alcune gare, cercando di fermare i partecipanti in corsa, il che aggiunge un ulteriore livello di sfida e adrenalina.
Road & Track Presents - The Need for Speed (USA, Europe)	The Need for Speed per 3DO è un gioco di corse automobilistiche che si distingue per la sua attenzione ai dettagli e per l'introduzione di una simulazione di guida più realistica rispetto ad altri giochi di corse dell'epoca. Il gioco permette ai giocatori di partecipare a gare ad alta velocità su una varietà di tracciati, con una selezione di auto sportive licenziate, tra cui modelli di marchi prestigiosi come Porsche, Lamborghini, Ferrari e molti altri.nnLa trama del gioco è incentrata sulla competizione nelle corse automobilistiche, dove il giocatore può scegliere di partecipare a gare su strada, inseguimenti della polizia e sfide contro altri piloti in una serie di eventi. Ogni gara si svolge su strade reali, in diverse condizioni di luce e meteo, aumentando la varietà e il realismo del gioco. Inoltre, la polizia è presente in alcune gare, cercando di fermare i partecipanti in corsa, il che aggiunge un ulteriore livello di sfida e adrenalina.
Road Rash (USA)	Road Rash on 3DO è un gioco di corse motociclistiche in cui tutti i colpi possono tagliare il traguardo. Sei in competizione con altri 13 concorrenti e hai due scelte: o fai del tuo meglio per uscire in testa, o usi le armi che hai per abbattere gli altri &quot;Road Rashers&quot;. Sono disponibili 5 circuiti con un sacco di forze dell'ordine, pedoni e altre auto da evitare.
Robinson's Requiem (USA)	In Robinson's Requiem, il giocatore è un astronauta che deve sopravvivere su un pianeta alieno dopo un incidente. Con un gameplay incentrato sulla gestione delle risorse e della salute, il giocatore esplora ambienti ostili, affronta creature pericolose e deve prendere decisioni strategiche per sopravvivere. La grafica dettagliata e la difficoltà elevata rendono il gioco un'esperienza unica di sopravvivenza.
Royal Pro Wrestling - Jikkyou Live!! (Japan)	Royal Pro Wrestling - Jikkyō Live!! è un gioco di wrestling arcade dove il giocatore controlla vari lottatori per competere in incontri intensi. Con grafica 3D e una serie di mosse spettacolari, il gioco offre una modalità carriera e multiplayer. La colonna sonora energica e l'interazione con il pubblico aggiungono dinamismo, rendendo ogni combattimento emozionante e competitivo.
Samurai Shodown (USA, Europe)	Samurai Shodown per 3DO è un gioco di combattimento 2D che porta i giocatori nel Giappone feudale, dove si affrontano guerrieri e samurai esperti in epiche battaglie corpo a corpo. Ogni personaggio ha abilità uniche e una propria arma, come katane, spade e lance, che influenzano il loro stile di combattimento. La grafica è dettagliata, con sfondi che richiamano l'ambientazione storica, e animazioni fluide che rendono ogni movimento e attacco ancora più impressionante.nnIl gameplay si concentra su attacchi potenti e strategie difensive, con il sistema di combattimento che premia la precisione e il tempismo. Ogni combattimento si svolge su un piano bidimensionale, ma l'abilità di parare e contrattaccare è fondamentale per il successo. I personaggi vanno da samurai classici a guerrieri più esotici, ognuno con uno stile di lotta distinto che porta varietà nelle modalità di gioco.
San Diego Zoo Presents... The Animals!, The (USA)	In The San Diego Zoo Presents... The Animals!, il giocatore può esplorare vari habitat e incontrare diverse specie di animali, come mammiferi, uccelli, rettili e altri. Ogni animale è presentato con dettagli accurati e informazioni scientifiche, comprese le caratteristiche fisiche, le abitudini alimentari, i comportamenti e gli habitat naturali.nnIl gioco offre una modalità esplorativa che incoraggia l'apprendimento attraverso la scoperta. I giocatori possono osservare gli animali nei loro habitat simulati, e ci sono anche mini-giochi e attività che arricchiscono l'esperienza educativa. La grafica e l'interfaccia del gioco sono progettate per essere accessibili e coinvolgenti, con un'atmosfera rilassante e informativa.
Sangokushi IV (Japan)	Romance of the Three Kingdoms IV: Wall of Fire (pubblicato come Sangokushi IV in Giappone) è il quarto della serie Romance of the Three Kingdoms di giochi di strategia a turni prodotti da Koei e basati sul romanzo storico Romance of the Three Kingdoms. Romance of the Three Kingdoms IV: Wall of Fire è stato l'ultimo gioco della serie ad essere rilasciato su PC negli Stati Uniti fino a Romance of the Three Kingdoms XI. Questo è stato anche l'ultimo gioco di Romance of the Three Kingdoms ad essere rilasciato su SNES.
Scramble Cobra (USA)	Scramble Cobra per 3DO è un intenso gioco di simulazione di volo che mette il giocatore nei panni di un pilota di un avanzato caccia da combattimento. Con missioni ad alta difficoltà, il gioco offre un mix di azione aerea e strategia, dove i giocatori devono affrontare nemici in spettacolari battaglie nei cieli. Dotato di un sistema di controllo dinamico, grafica 3D dettagliata e un'ampia varietà di missioni, Scramble Cobra offre un'esperienza di volo coinvolgente con missioni che richiedono abilità di combattimento e manovra.
Scramble Cobra - Premium Version (Japan)	Scramble Cobra per 3DO è un intenso gioco di simulazione di volo che mette il giocatore nei panni di un pilota di un avanzato caccia da combattimento. Con missioni ad alta difficoltà, il gioco offre un mix di azione aerea e strategia, dove i giocatori devono affrontare nemici in spettacolari battaglie nei cieli. Dotato di un sistema di controllo dinamico, grafica 3D dettagliata e un'ampia varietà di missioni, Scramble Cobra offre un'esperienza di volo coinvolgente con missioni che richiedono abilità di combattimento e manovra.
Seal of the Pharaoh (USA)	Seal of the Pharaoh per 3DO è un avvincente gioco di avventura in prima persona che immerge i giocatori in un misterioso scenario ispirato all'antico Egitto. Il protagonista si ritrova intrappolato all'interno di una piramide e deve risolvere enigmi complessi, esplorare templi misteriosi e superare trappole mortali per scoprire il segreto del faraone. Il gioco presenta grafica 3D dettagliata e una trama coinvolgente, con una forte componente di esplorazione e puzzle solving. I giocatori devono raccogliere oggetti, decifrare simboli e affrontare sfide per avanzare verso la scoperta finale del sigillo perduto del faraone.
Secre Fuumin no Omochabako (Japan)	Secre Fuumin No Omochabako per 3DO è un gioco di avventura e puzzle che coinvolge il giocatore in un mondo fantastico e misterioso. Il protagonista esplora un'enigmatica scatola dei giochi, piena di oggetti magici e meccanismi complessi. L'obiettivo è risolvere una serie di enigmi e mini-giochi che svelano segreti nascosti all'interno della scatola. Con una grafica colorata e una narrazione coinvolgente, il gioco sfida i giocatori a usare la logica e la creatività per sbloccare nuove aree e scoprire misteri, offrendo un'esperienza unica di puzzle-solving.
Seimei Handan (Japan)	Seimei Handan per 3DO è un gioco di simulazione e avventura che combina elementi di divinazione e strategia. Ambientato in un contesto giapponese tradizionale, il giocatore assume il ruolo di un esperto di &quot;seimei&quot; (divinazione), aiutando le persone a risolvere i loro problemi attraverso la lettura di segni e premonizioni. Il gioco si sviluppa attorno a una serie di situazioni misteriose che richiedono l'interpretazione di sogni, segni astrologici e fenomeni naturali. Con una grafica stilizzata e un gameplay basato su decisioni intuitive, Seimei Handan offre un'esperienza riflessiva, mirata a risolvere enigmi e aiutare i personaggi a raggiungere il loro destino.
Sento Monogatari - Sono I (Japan)	Sento Monogatari - Sono I per 3DO è un gioco di avventura che narra la storia di un giovane protagonista alle prese con le sue esperienze quotidiane in un tradizionale sento (bagno pubblico giapponese). Il giocatore esplora vari ambienti, interagisce con i residenti e affronta una serie di mini-giochi e puzzle, mentre scopre storie e segreti nascosti tra le mura del sento. Con una grafica stilizzata e un'atmosfera rilassata, il gioco offre una narrativa coinvolgente, ricca di momenti di introspezione e divertimento, concentrandosi sul tema delle relazioni sociali e delle piccole vicende della vita quotidiana.
Sesame Street - Numbers (USA)	Sesame Street - Numbers per 3DO è un gioco educativo progettato per i più piccoli, incentrato sull'apprendimento dei numeri e delle abilità matematiche di base. Con i personaggi iconici di Sesame Street, come Elmo, Big Bird e Cookie Monster, i bambini esplorano ambienti colorati e interattivi dove partecipano a giochi divertenti che insegnano il conteggio, il riconoscimento dei numeri e l'addizione. Attraverso attività coinvolgenti e stimolanti, il gioco aiuta i bambini a sviluppare competenze matematiche in modo divertente e sicuro, promuovendo l'apprendimento attraverso il gioco e la curiosità.
Sewer Shark (USA, Europe)	Sewer Shark per 3DO è un gioco d'azione e avventura in cui i giocatori pilotano una navetta attraverso le fognature di una città futuristica, affrontando creature mutanti e ostacoli per salvare la Terra. Il gameplay è basato su combattimenti frenetici, esplorazione e decisioni strategiche, con il controllo della navetta che è cruciale per evitare trappole e distruggere i nemici. La grafica utilizza filmati in full-motion video (FMV), creando un'esperienza immersiva. Nonostante la ripetitività, il gioco offre un mix di azione e narrazione coinvolgente, con scelte che influenzano il progresso.
Sex (USA)	Sex per 3DO è un gioco interattivo per adulti che esplora tematiche legate alle relazioni intime e alle dinamiche interpersonali. La trama del gioco si concentra su un protagonista che interagisce con vari personaggi attraverso un'ambientazione che mette in scena situazioni adulte e mature.
SHADOW - War of Succession (USA)	Shadow: War of Succession per 3DO è un gioco di strategia e avventura che combina elementi di gioco di ruolo (RPG) e combattimenti a turni. Ambientato in un mondo fantasy, il gioco racconta la storia di un regno diviso da una guerra civile per il trono, noto come la &quot;Guerra di Successione&quot;. Dopo la morte del re, varie fazioni si contendono il potere, e il protagonista, un eroe scelto, deve navigare tra intrighi politici, alleanze e battaglie per decidere il destino del regno.
SHADOW Warriors (Japan)	Shadow: War of Succession per 3DO è un gioco di strategia e avventura che combina elementi di gioco di ruolo (RPG) e combattimenti a turni. Ambientato in un mondo fantasy, il gioco racconta la storia di un regno diviso da una guerra civile per il trono, noto come la &quot;Guerra di Successione&quot;. Dopo la morte del re, varie fazioni si contendono il potere, e il protagonista, un eroe scelto, deve navigare tra intrighi politici, alleanze e battaglie per decidere il destino del regno.
Shanghai - Banri no Choujou - The Great Wall (Japan) (Rev 1)	Shanghai: Triple-Threat per 3DO è un gioco di puzzle basato sul classico Mahjong Solitaire. Offre tre modalità principali: Classic Mode, dove il giocatore elimina tessere abbinate; Time Attack, che sfida a completare il livello nel minor tempo possibile; e Puzzle Mode, con obiettivi più complessi. Con una grafica semplice e un gameplay strategico, il gioco stimola la mente e offre sfide di difficoltà crescente, rendendolo un'esperienza coinvolgente e rilassante.
Shanghai - Triple-Threat (USA)	Shanghai: Triple-Threat per 3DO è un gioco di puzzle basato sul classico Mahjong Solitaire. Offre tre modalità principali: Classic Mode, dove il giocatore elimina tessere abbinate; Time Attack, che sfida a completare il livello nel minor tempo possibile; e Puzzle Mode, con obiettivi più complessi. Con una grafica semplice e un gameplay strategico, il gioco stimola la mente e offre sfide di difficoltà crescente, rendendolo un'esperienza coinvolgente e rilassante.
Shelley Duvall's It's a Bird's Life (USA)	Shelley Duvall's It's A Bird's Life per 3DO è un gioco educativo interattivo per bambini che si concentra sull'esplorazione del mondo degli uccelli. Il gioco è presentato come un'avventura in cui i giocatori, accompagnati dalla voce di Shelley Duvall, esplorano vari habitat naturali dove incontrano diversi tipi di uccelli. Ogni livello del gioco consente ai bambini di imparare curiosità sugli uccelli, come il loro comportamento, habitat e abitudini alimentari.nnL'obiettivo principale del gioco è completare varie missioni e attività che insegnano ai giocatori informazioni sui volatili in modo divertente e coinvolgente. Attraverso minigiochi, quiz e puzzle, i bambini imparano a riconoscere le diverse specie e a comprendere meglio il loro ruolo nell'ecosistema. Il tono educativo è mescolato con un'esperienza di gioco leggera e adatta a un pubblico giovane, con un'enfasi sull'apprendimento attraverso il gioco.
Shock Wave (USA) (RE1)	Shock Wave per 3DO è un gioco di combattimento aereo ambientato in un futuro distopico, dove il giocatore assume il ruolo di un pilota di navetta da combattimento in missioni contro un nemico avanzato. Con una grafica 3D dettagliata, il gioco offre intense battaglie aeree, obiettivi strategici e un sistema di progressione per migliorare il veicolo e le armi. Le missioni variano tra attacchi aerei e operazioni speciali, offrendo un'esperienza di gioco adrenalinica e coinvolgente, con una trama che ruota intorno alla difesa del pianeta.
Shock Wave - Operation JumpGate (USA, Europe)	Shock Wave: Operation Jumpgate per 3DO è un gioco di combattimento spaziale in cui il giocatore, nei panni di un pilota, affronta una minaccia aliena proveniente da una dimensione parallela. Il gameplay si concentra su battaglie spaziali ad alta velocità, con missioni strategiche in cui si esplorano vari settori e si utilizzano portali spaziali per spostarsi rapidamente tra le aree. Con grafica 3D e un sistema di miglioramento delle navette, il gioco offre un'esperienza ricca di azione e strategia per fermare l'invasione aliena.
Shockwave 2 - Beyond the Gate (USA) (Disc 1)	Shock Wave 2: Beyond the Gate per 3DO è un gioco di combattimento spaziale in cui il giocatore, nei panni di un pilota, esplora un universo sconosciuto attraverso una porta dimensionale. In un contesto futuristico, affronta minacce aliene e completa missioni tattiche e di combattimento spaziale. Con grafica 3D avanzata e battaglie intense, il gioco offre un sistema di progressione per migliorare navette e armi, mentre una trama avvincente si sviluppa attorno a misteri e scoperte aliene.
Shootout at Old Tucson (USA) (RE3) (Arcade CD-ROM)	Shootout at Old Tucson per 3DO è un gioco di azione e avventura ambientato nel Far West, che si ispira ai film western. Il giocatore assume il ruolo di un pistolero o di un altro personaggio che deve affrontare una serie di duelli e situazioni di pericolo nella cittadina di Old Tucson.nnIl gioco presenta una serie di scenari tipici del vecchio West, come saloon, deserti e strade polverose, dove il giocatore deve sconfiggere nemici, risolvere enigmi e affrontare sfide in un'ambientazione classica dei western. Le meccaniche di gioco si concentrano su sparatorie e duelli, in cui il giocatore deve essere rapido e preciso nel rispondere ai nemici.nnShootout at Old Tucson offre diverse modalità di gioco, tra cui sparatorie in tempo reale, e include una varietà di missioni che portano il giocatore ad interagire con i personaggi, completare obiettivi e vivere l'esperienza di un vero e proprio western.
Short Warp - Warp's Short Game Collection (Japan)	La trama di Short Warp si concentra sul viaggio attraverso mondi sconosciuti e sull'interazione con entità misteriose, cercando di comprendere le leggi di queste dimensioni parallele e superare gli ostacoli che si presentano lungo il cammino. Il gameplay combina esplorazione, risoluzione di puzzle e azione, in un'esperienza che mette alla prova le capacità logiche del giocatore mentre affronta pericoli e misteri.nnIl gioco si distingue per il suo approccio originale alla narrazione e per la costruzione di un mondo affascinante e complesso, che permette al giocatore di immergersi in un'avventura fantascientifica ricca di sorprese. La grafica e il design sono tipici dei giochi dell'epoca, ma cercano di rendere l'atmosfera futuristica e misteriosa con ambientazioni varie.
Slam 'n Jam '95 (USA, Europe)	In Slam 'n Jam '95, i giocatori possono scegliere tra diverse squadre e competere in sfide di basket che enfatizzano il gioco veloce, i tiri al rallentatore e le mosse spettacolari come schiacciate. Il gioco si distingue per la sua grafica colorata e stilizzata, con animazioni fluide che catturano l'essenza di un'ambientazione di basket arcade.nnLe partite sono divertenti e facilmente accessibili, con un sistema di controllo che permette movimenti rapidi e il lancio di tiri speciali. Slam 'n Jam '95 non si preoccupa troppo di simulare il realismo del basket, ma si concentra piuttosto su un'esperienza di gioco esagerata, con tiri spettacolari e azioni emozionanti.
Slayer (USA)	Slayer è un gioco di ruolo in prima persona che utilizza la licenza e le regole di AD&D 2nd Edition. Scegli dal solito assortimento di classi e razze di personaggi di AD&D e avventurati in dungeon generati casualmente, combattendo mostri e trovando oggetti. I parametri e la difficoltà del dungeon sono personalizzabili.
SnowJob Starring Tracy Scoggins (USA) (Disc 1)	Il gameplay di Snow Job mescola elementi di sport, avventura e azione. Il giocatore deve navigare su percorsi difficili e pericolosi, affrontando ostacoli naturali, come rocce, alberi e terreni accidentati, mentre cerca di completare missioni specifiche. Alcune delle sfide includono gare di velocità, slalom, e altre prove di abilità che richiedono precisione nei controlli.nnLa trama del gioco è relativamente semplice, incentrata sulla competizione e sull'esecuzione di diverse attività invernali. La grafica del gioco offre una rappresentazione tridimensionale dei paesaggi montani, con ampi scenari innevati e dettagli che evocano l'atmosfera di un ambiente invernale. La giocabilità si concentra sull'interazione e il controllo preciso delle diverse attività, in un contesto di sport e adrenalina.
Soccer Kid (USA)	Soccer Kid per 3DO è un gioco di piattaforme che combina elementi di sport con azione e avventura. Il protagonista del gioco è un ragazzo di nome Soccer Kid, che è un appassionato calciatore. La trama segue il giovane eroe nel suo viaggio attraverso diversi livelli, dove deve usare le sue abilità calcistiche per superare ostacoli, risolvere enigmi e affrontare nemici.nnIn Soccer Kid, il giocatore deve guidare il personaggio attraverso vari scenari, come parchi, città e ambienti naturali, con lo scopo di raccogliere oggetti, segnare gol e completare missioni. Il calciatore utilizza la sua palla come strumento principale per risolvere i puzzle e combattere contro i nemici, in un mix di gameplay che richiede sia abilità nel calcio che nel superamento di sfide tipiche dei giochi platform.
Sotsugyou - Graduation - Final (Japan)	Sotsugyō - Graduation Final è caratterizzato da una narrazione che enfatizza il lato emotivo e le sfide personali legate alla maturità, come le decisioni future, la gestione delle relazioni interpersonali e la preparazione alla vita adulta. Il gioco esplora anche temi di crescita personale, cambiamento e il senso di incertezza che spesso accompagna il passaggio dalla scuola alla vita post-scolastica.nnNel gioco, i giocatori assumono il ruolo di un giovane studente che interagisce con vari personaggi, principalmente ragazze, in un ambiente scolastico. La trama si sviluppa attraverso una serie di scelte e dialoghi che influenzano la relazione con i vari personaggi e il corso degli eventi. L'obiettivo principale del gioco è costruire legami con i personaggi e fare delle scelte che porteranno a differenti finali, a seconda delle interazioni con i protagonisti.
Sotsugyou II Special - Neo Generation (Japan)	Sotsugyō 2 - Neo Generation Special per 3DO è un gioco di tipo visual novel e simulazione interattiva che si concentra su temi di crescita, relazioni e il passaggio dall'adolescenza all'età adulta. Ambientato in un contesto scolastico giapponese, il gioco è un seguito di Sotsugyō - Graduation Final, continuando la storia con nuovi personaggi e una trama che esplora ulteriormente le dinamiche scolastiche e sociali.nnNel gioco, il protagonista è uno studente che, simile al primo capitolo, interagisce con varie ragazze e compagni di scuola, mentre affronta le sfide emotive e personali legate al termine della scuola superiore e al passaggio alla vita adulta. I giocatori devono fare scelte che influenzano il corso degli eventi e determinano come si sviluppano le relazioni con i personaggi, portando a finali diversi in base alle decisioni prese.nn
Space Ace (USA)	Space Ace per 3DO è un videogioco di tipo &quot;interactive movie&quot; (film interattivo) sviluppato da Don Bluth Studios. È un titolo che mescola elementi di avventura, azione e animazione, simile a Dragon's Lair, un altro popolare gioco d'azione interattiva. La trama di Space Ace segue le avventure di un eroe spaziale di nome Ace, che deve salvare la Terra e la sua amata Kimmy dalla minaccia del malvagio alieno Borf.nnNel gioco, Borf, il malvagio comandante di un'armata spaziale, ha lanciato un attacco contro la Terra, rapendo Kimmy e minacciando la sicurezza del pianeta. Ace, il protagonista, è un giovane e coraggioso eroe che deve affrontare pericoli galattici per salvare Kimmy e fermare i piani malvagi di Borf.nn
Space Hulk - Vengeance of the Blood Angels (USA)	Space Hulk: Vengeance of the Blood Angels per 3DO è un gioco strategico e tattico ambientato nell'universo di Warhammer 40,000. Il giocatore comanda una squadra dei Blood Angels, Space Marines d'élite, in una missione su un &quot;Space Hulk&quot; infestato da Genestealers (alieno simile a xenomorfo). L'obiettivo è recuperare artefatti mentre si affrontano agguati nemici in ambienti angusti. Il gioco combina combattimento tattico in tempo reale con una gestione strategica delle risorse. Con una grafica 3D e una visuale isometrica, Space Hulk è un'esperienza intensa di sopravvivenza e azione, caratterizzata da alta difficoltà e missioni complesse.
Space Pirates (USA)	Space Pirates per 3DO è un gioco d'azione e avventura ambientato in un universo futuristico, dove il giocatore assume il ruolo di un pirata spaziale. La trama segue le vicende di una nave pirata e del suo equipaggio, impegnati in missioni di saccheggio, battaglie spaziali e l'esplorazione di pianeti. Il giocatore deve navigare attraverso l'universo, rubando risorse da navi mercantili, affrontando altri pirati e combattendo contro forze governative. Il gameplay mescola combattimenti spaziali in tempo reale, manovre strategiche e elementi di avventura, con l'obiettivo di diventare il pirata più temuto della galassia. Il gioco offre una grafica 3D dinamica e una varietà di missioni.
Space Shuttle (USA)	Space Shuttle per 3DO è un simulatore spaziale che permette al giocatore di pilotare lo Space Shuttle della NASA. La trama segue il protagonista in una serie di missioni, tra cui il lancio, l'orbita, il rendezvous con satelliti e il ritorno sulla Terra. Il gioco si concentra su un'esperienza realistica, richiedendo al giocatore di gestire vari aspetti operativi come il controllo dei motori, la navigazione e la gestione delle risorse. Ogni missione è una sfida che testa le abilità di pilotaggio, dalla manovra nello spazio alla difficile fase di rientro atmosferico. Con grafica 3D, Space Shuttle offre un'esperienza immersiva e tecnica.
Star Control II (USA, Europe)	Star Control 2 per 3DO è un gioco di avventura spaziale che combina esplorazione, battaglie spaziali e interazioni con razze aliene. Il giocatore, nei panni di un comandante spaziale, deve affrontare la minaccia degli Ur-Quan, una razza aliena che ha conquistato gran parte della galassia. Il gameplay include esplorazione di pianeti, raccolta di risorse, negoziazioni con razze aliene e combattimenti spaziali in tempo reale. Le scelte morali e le alleanze influenzano la trama, creando una storia dinamica e coinvolgente. È apprezzato per la sua profondità, la libertà e le sue molteplici possibilità.
Star Control II - The Ur-Quan Masters (Japan)	Star Control 2 per 3DO è un gioco di avventura spaziale che combina esplorazione, battaglie spaziali e interazioni con razze aliene. Il giocatore, nei panni di un comandante spaziale, deve affrontare la minaccia degli Ur-Quan, una razza aliena che ha conquistato gran parte della galassia. Il gameplay include esplorazione di pianeti, raccolta di risorse, negoziazioni con razze aliene e combattimenti spaziali in tempo reale. Le scelte morali e le alleanze influenzano la trama, creando una storia dinamica e coinvolgente. È apprezzato per la sua profondità, la libertà e le sue molteplici possibilità.
Star Fighter (USA, Europe)	Star Fighter per 3DO è un gioco di simulazione spaziale e combattimento che si svolge in un universo futuristico. Il giocatore assume il ruolo di un pilota di caccia spaziale, affrontando missioni di combattimento e difendendo il proprio lato da minacce nemiche.nnNel gioco, il giocatore pilota un'astronave in missioni che includono combattimenti contro flotte nemiche, esplorazione di ambienti spaziali e l'uso di varie armi per sconfiggere i nemici. La trama ruota attorno alla difesa della galassia e all'affrontare il conflitto tra fazioni rivali o invasori alieni. Ogni missione presenta obiettivi specifici che vanno dal distruggere navi nemiche a proteggere obiettivi strategici.nnIl gioco si distingue per la sua grafica 3D per l'epoca, con battaglie spaziali intense e scenari tridimensionali che permettono al giocatore di navigare liberamente nello spazio.
Star Wars - Rebel Assault (USA, Europe)	Star Wars: Rebel Assault per 3DO è un gioco di simulazione spaziale e azione che immerge il giocatore nell'universo di Star Wars. Il gioco segue le avventure della Alleanza Ribelle, impegnata nella lotta contro l'Impero Galattico, e offre una serie di missioni ad alta intensità che si svolgono nello spazio e su vari pianeti.nnNel gioco, il giocatore assume il ruolo di un pilota ribelle che partecipa a missioni cruciali per la resistenza, come attacchi alle flotte imperiali, fughe dai cacciatori imperiali e combattimenti aerei nei cieli di pianeti come Tatooine e Endor. La trama del gioco si ispira agli eventi delle pellicole di Star Wars, offrendo una narrazione che permette di vivere l'emozione delle battaglie spaziali e dei combattimenti a bordo di veicoli iconici come il X-Wing e il TIE Fighter.
Starblade (USA, Korea)	Starblade per 3DO è un gioco di combattimento spaziale in prima persona che si basa su una simulazione di battaglie interstellari, con una grafica 3D avanzata per l'epoca. Il gioco è ambientato in un futuro lontano, dove il giocatore assume il ruolo di un pilota spaziale che deve difendere la Terra da un'imminente invasione aliena.nnIl gameplay di Starblade è incentrato su scontri tra navi spaziali, in cui il giocatore pilota una navetta chiamata &quot;Starblade&quot;, dotata di potenti armi per affrontare flotte nemiche. Il gioco si svolge in una serie di missioni, ognuna caratterizzata da ambienti spaziali dinamici e sfide diverse. L'obiettivo è distruggere le navi nemiche e completare gli obiettivi di ogni livello, che possono includere l'eliminazione di boss o il salvataggio di altre navi.
Stellar 7 - Draxon's Revenge (USA)	Stellar 7 - Draxon's Revenge per 3DO è un gioco di simulazione di combattimento spaziale e avventura. Il titolo è ambientato in un futuro lontano, in cui il giocatore assume il ruolo di un pilota spaziale che deve affrontare una serie di missioni in un universo ostile, pieno di nemici e minacce.nnLa trama ruota attorno alla vendetta del malvagio imperatore Draxon, che minaccia di distruggere l'umanità con la sua potente flotta spaziale. Il giocatore, nei panni del pilota, deve affrontare Draxon e le sue forze in una serie di battaglie spaziali, utilizzando un veicolo altamente avanzato, equipaggiato con armi e sistemi speciali.nnIl gameplay di Stellar 7 - Draxon's Revenge è una combinazione di combattimento spaziale in tempo reale e strategia, dove il giocatore deve affrontare missioni di combattimento a bordo della propria navetta spaziale, esplorare il sistema stellare e completare vari obiettivi.
Strahl (USA)	Strahl per 3DO è un gioco di ruolo (RPG) che combina elementi di avventura e battaglie strategiche. Ambientato in un mondo futuristico e distopico, il gioco segue la storia di un gruppo di eroi che devono affrontare un'imminente minaccia, spesso legata a forze oscure o a conflitti tra diverse fazioni.nnIl gameplay di Strahl include esplorazione in tempo reale e combattimenti a turni, con una forte enfasi sulla gestione delle risorse, lo sviluppo del personaggio e la strategia durante le battaglie. I giocatori assumono il controllo di vari personaggi, ciascuno con abilità uniche, e devono completare missioni, risolvere enigmi e affrontare nemici in scenari complessi.nnLa trama del gioco ruota intorno al conflitto tra diverse fazioni o entità che lottano per il controllo di un potere superiore o per salvare il loro mondo.
Striker - World Cup Special (Europe)	Striker - World Cup Special per 3DO è un videogioco di calcio che offre un'esperienza arcade, ispirata al famoso torneo mondiale della FIFA. Il gioco si concentra sul gameplay veloce e divertente, piuttosto che su una simulazione complessa del calcio reale.nnIl titolo consente ai giocatori di competere in partite internazionali di calcio, scegliendo tra diverse squadre nazionali e affrontando avversari controllati dalla CPU o da altri giocatori in modalità multiplayer. La grafica e il gameplay sono stilizzati, con azioni veloci e mosse speciali che aggiungono dinamismo e intensità alle partite.nnStriker - World Cup Special è caratterizzato da partite in cui i giocatori devono cercare di segnare gol, difendere la propria porta e fare uso di diverse strategie per vincere. Sebbene il gioco non si concentri su una simulazione dettagliata del calcio, offre un'esperienza accessibile e divertente, con l'energia e l'adrenalina tipiche di un gioco arcade.
Super Real Mahjong P.V (Japan)	Super Real Mahjong P5 per 3DO è un gioco di mahjong, un popolare gioco da tavolo giapponese che si gioca con tessere, simile a un gioco di carte. Questo titolo fa parte della serie Super Real Mahjong, che è nota per l'inclusione di elementi di intrattenimento ed estetica per adulti, combinando il gameplay tradizionale del mahjong con una narrazione più orientata verso un pubblico maturo.nnNel gioco, i giocatori si sfidano in partite di mahjong contro avversarie, che sono spesso rappresentate da personaggi animati, di solito ragazze in stile anime. Ogni partita di mahjong è accompagnata da una progressione della trama, che si sblocca man mano che il giocatore vince contro le avversarie. La serie è famosa per includere scene in cui, a seconda del risultato della partita, i personaggi possono &quot;sbloccare&quot; contenuti più intimi o mostrare reazioni esagerate, inserendo un aspetto erotico nel gioco.
Super Real Mahjong PIV + Aishou Shindan (Japan)	Super Real Mahjong P4 + Aishou Shindan per 3DO è un gioco di mahjong che fa parte della serie Super Real Mahjong, nota per includere elementi erotici e di intrattenimento per adulti, oltre al tradizionale gameplay del mahjong.nnOltre al classico mahjong, Super Real Mahjong P4 + Aishou Shindan introduce una componente aggiuntiva, ovvero il &quot;Aishou Shindan&quot;, che si traduce in una sorta di &quot;test di affinità&quot; o di compatibilità tra il giocatore e le avversarie. Questo test, se vinto dal giocatore, porta a rivelazioni più intime o scene provocanti, tipiche dei giochi di mahjong della serie.nnLe avversarie nel gioco sono spesso rappresentate da personaggi in stile anime, e la trama si evolve man mano che il giocatore vince le partite. Con ogni vittoria, si sbloccano nuove interazioni con i personaggi, e le sfide diventano sempre più difficili. Il gioco si distingue per l'aspetto grafico che include elementi erotici e scene più mature, indirizzandosi a un pubblico adulto.
Super Street Fighter II Turbo (USA)	Super Street Fighter II Turbo per 3DO è un gioco di combattimento che fa parte della celebre serie Street Fighter II di Capcom. Questa versione per 3DO è un porting della versione arcade, che offre battaglie uno contro uno tra diversi personaggi, ognuno con mosse speciali e stili di combattimento unici.nnIl gioco include una selezione di lottatori iconici come Ryu, Ken, Chun-Li, Guile, Blanka, E. Honda, Zangief, Dhalsim, e nuovi personaggi come Fei Long, Cammy, T. Hawk, e Dee Jay. Ogni combattente ha il proprio set di mosse speciali e combo, e l'obiettivo del gioco è sconfiggere gli avversari in una serie di combattimenti.nnLa modalità Turbo in questo titolo aumenta la velocità del gioco rispetto alla versione precedente, rendendo le battaglie ancora più frenetiche e veloci. Il gameplay è incentrato su sfide testa a testa, con il giocatore che deve utilizzare strategia, tempismo e abilità nelle combo per vincere.
Super Street Fighter II X - Grand Master Challenge (Japan)	Super Street Fighter II Turbo per 3DO è un gioco di combattimento che fa parte della celebre serie Street Fighter II di Capcom. Questa versione per 3DO è un porting della versione arcade, che offre battaglie uno contro uno tra diversi personaggi, ognuno con mosse speciali e stili di combattimento unici.nnIl gioco include una selezione di lottatori iconici come Ryu, Ken, Chun-Li, Guile, Blanka, E. Honda, Zangief, Dhalsim, e nuovi personaggi come Fei Long, Cammy, T. Hawk, e Dee Jay. Ogni combattente ha il proprio set di mosse speciali e combo, e l'obiettivo del gioco è sconfiggere gli avversari in una serie di combattimenti.nnLa modalità Turbo in questo titolo aumenta la velocità del gioco rispetto alla versione precedente, rendendo le battaglie ancora più frenetiche e veloci. Il gameplay è incentrato su sfide testa a testa, con il giocatore che deve utilizzare strategia, tempismo e abilità nelle combo per vincere.
Super Wing Commander (USA)	uper Wing Commander per 3DO è un gioco di simulazione spaziale e combattimento, parte della famosa serie Wing Commander. Ambientato in un futuro lontano, il gioco segue le avventure di un pilota della Confederazione Terran mentre combatte contro la razza aliena Kilrathi in una guerra interstellare.nnNel gioco, i giocatori assumono il ruolo di un pilota di caccia spaziale, che partecipa a missioni di combattimento in vari scenari spaziali. Il gameplay include sia sequenze di combattimento aereo spaziale, dove i giocatori devono affrontare i nemici in battaglie frenetiche, sia una componente narrativa, in cui le decisioni del giocatore influenzano il corso della storia.nnLa trama di Super Wing Commander è ricca di elementi drammatici e cinematici, che la rendono molto simile a un film interattivo, con i personaggi che appaiono in scene live-action tra una missione e l'altra.
SuperModels Go Wild (USA)	Super Models Go Wild per 3DO è un gioco che rientra nella categoria di giochi interattivi, caratterizzato da un focus su immagini di modelle e scene provocanti. Il gioco è stato creato principalmente per un pubblico adulto e offre un mix di elementi di intrattenimento visivo e attività interattive.nnNel gioco, i giocatori sono coinvolti in situazioni in cui le modelle appaiono in vari scenari e abbigliamenti, e l'obiettivo è completare delle sfide o attività per sbloccare ulteriori immagini o scene. Le attività sono solitamente semplici, come risolvere piccoli enigmi, completare giochi o interagire con elementi visivi.nnIl titolo si distingue per l'enfasi sulla grafica e sullo sblocco di contenuti visivi, piuttosto che per una trama profonda o un gameplay complesso.
Supreme Warrior (USA) (Disc 1) (Fire & Earth)	Supreme Warrior per 3DO è un gioco di combattimento a base di filmati live-action, che combina la tecnologia dei film interattivi (FMV) con il gameplay da picchiaduro. Il gioco è ambientato in un contesto di arti marziali, dove il giocatore assume il ruolo di un guerriero che deve affrontare vari avversari per diventare il &quot;Supreme Warrior&quot;.nnLa trama ruota attorno a una serie di sfide e duelli con combattenti di abilità superiore. Ogni combattimento è presentato in formato live-action, con attori reali che interpretano i vari personaggi del gioco. Durante il gameplay, i giocatori devono eseguire sequenze di attacchi, parate e mosse speciali utilizzando i comandi, mentre seguono la storia attraverso i filmati che si sbloccano man mano che proseguono.nnSupreme Warrior è caratterizzato da una narrazione che mescola elementi di film di arti marziali con un gameplay interattivo, ed è uno dei primi giochi a sfruttare la tecnologia FMV uno combattimento più cinematografico.
Sword & Sorcery (Japan)	Lucienne's Quest è un RPG fantasy che segue le vicende di Lucienne, una giovane maga in missione per salvare il regno di Sarbatia da una minaccia oscura. La trama inizia con Lucienne che scopre di essere la prescelta per sconfiggere il malvagio Zarux, un demone che minaccia di distruggere il mondo. Lungo il suo viaggio, incontra alleati, affronta nemici potenti e scopre segreti sul suo passato e sul suo destino. Il gioco combina esplorazione, combattimenti a turni e una narrazione ricca di colpi di scena, con un'attenzione particolare allo sviluppo dei personaggi e alle relazioni tra di loro. Con grafica colorata e un'atmosfera fantasy classica, Lucienne's Quest è un titolo affascinante per gli amanti degli RPG.
Syndicate (USA)	Syndicate per 3DO è un gioco di strategia in tempo reale che combina elementi di tattica e azione. Ambientato in un futuro distopico, il gioco segue le operazioni di corporazioni megagalattiche che controllano il mondo tramite la tecnologia dei chip cerebrali. I giocatori assumono il controllo di un gruppo di agenti, detti &quot;cyber-agenti&quot;, che lavorano per una delle queste corporazioni e devono svolgere missioni per espandere il potere della loro azienda.nnNel gioco, il giocatore gestisce un team di agenti cybernetici, dando loro ordini per eseguire missioni che vanno dall'assassinio alla raccolta di informazioni, spesso violando leggi e combattendo contro rivali. L'azione è vista dall'alto, con una visuale isometrica, e il gameplay mescola elementi di gestione strategica (come l'assegnazione di risorse e la pianificazione delle missioni) e azione in tempo reale durante le operazioni sul campo.
T&E VR Golf - Devil's Course (Japan)	True Golf Classics - Wicked 18 per 3DO è un gioco di golf che offre una simulazione divertente e accessibile del golf, con un focus su un campo immaginario chiamato Wicked 18. Il gioco presenta 18 buche, ma a differenza dei tradizionali giochi di golf, queste buche sono progettate con ostacoli e sfide particolari che aggiungono una componente di &quot;stravaganza&quot; al gameplay.nnI giocatori possono scegliere tra vari golfisti e affrontare il campo in diverse modalità di gioco, sia singole che multiplayer. Ogni buca presenta un set di difficoltà crescente, con ostacoli come bunker, laghi e altre situazioni che rendono ogni colpo interessante e impegnativo.
T&E VR Golf - Masters - Harukanaru Augusta 3 (Japan)	Masters: Harukanaru Augusta 3 è un simulatore di golf sviluppato e pubblicato da T&E Soft per il 3DO, rilasciato il 9 luglio 1994 esclusivamente in Giappone.nnIl gioco offre un'esperienza di golf realistica, permettendo ai giocatori di competere nel prestigioso torneo Masters presso il leggendario Augusta National Golf Club. Utilizzando fotografie digitalizzate per rappresentare golfisti, pubblico e ambientazioni, Masters: Harukanaru Augusta 3 crea un'atmosfera coinvolgente che ricorda l'esperienza di un vero torneo. Le condizioni meteorologiche dinamiche influenzano il percorso, aggiungendo ulteriore profondità strategica alle partite.nnMasters: Harukanaru Augusta 3 rappresenta un avanzamento significativo nella serie, offrendo un'esperienza di golf coinvolgente e visivamente impressionante per gli appassionati del genere.
T&E VR Golf - Pebble Beach no Hatou (Japan)	Pebble Beach Golf Links per 3DO è una simulazione di golf realistica basata sul celebre campo da golf californiano. Sviluppato da T&E Soft, il gioco offre una riproduzione dettagliata del percorso, con grafica in FMV (full motion video) che combina filmati digitalizzati e modelli 3D per un'esperienza immersiva.nnIl gameplay segue un approccio simulativo, con fattori come vento, pendenza del terreno e scelta della mazza che influenzano ogni colpo. I giocatori possono competere in modalità torneo o pratica, sfidando avversari controllati dall'IA, tra cui il campione Craig Stadler, che fornisce consigli e commenti sulle prestazioni.nnGrazie alla sua presentazione avanzata per l'epoca e alla precisione nella riproduzione del campo, Pebble Beach Golf Links è un titolo apprezzato dagli amanti del golf su 3DO.
T&E VR Golf - Waialae no Kiseki (Japan)	Prendi le tue mazze e dirigiti verso il primo tee. Questo simulatore di golf ricrea il famoso Hawaiian Waialae Golf Course, noto per i numerosi bunker e i green molto veloci. Puoi scegliere il tuo giocatore di golf, assegnargli un caddy, scegliere il tuo set di mazze e regolare le statistiche di potenza, put, tecnica, recupero e vento in base alle tue preferenze personali. Il gioco offre una modalità di allenamento pratica, una modalità torneo e la possibilità di sfidare i tuoi amici in una partita a colpi. Stranamente, questo gioco non è stato sanzionato dal PGA e presume che il giocatore di golf sia sempre maschio.
Taiketsu Rumiizu! (Japan)	Taiketsu Rumi-Zu! per 3DO è un gioco di combattimento basato su un formato di &quot;versus&quot; (contro) che si concentra su scontri tra vari personaggi. Il gioco presenta personaggi ispirati alla serie animata giapponese Rumi, noti per i loro stili di combattimento unici e poteri speciali. In Taiketsu Rumi-Zu!, il giocatore seleziona uno dei personaggi e si scontra contro altri in combattimenti a mano o con mosse speciali, tipici dei giochi di lotta. Ogni personaggio ha abilità diverse, che includono attacchi speciali e combo, e il gioco si concentra su azioni veloci e tattiche. La grafica, pur semplice, cerca di portare la sensazione di una sfida dinamica, con combattimenti in ambienti vari. Sebbene non abbia una trama profondamente articolata, l'obiettivo principale è vincere i vari combattimenti contro i rivali per dimostrare la propria superiorità.
Takeru (Japan) (Rev 1)	Takeru per 3DO è un gioco d'azione-avventura che mescola elementi di platform e combattimento. Ambientato in un mondo fantasy, il gioco segue le avventure del protagonista, Takeru, un giovane guerriero che deve affrontare una serie di sfide per salvare il suo regno da una minaccia oscura. Takeru deve esplorare varie ambientazioni, affrontare nemici e risolvere enigmi mentre cerca di recuperare oggetti magici e potenziamenti per migliorare le sue abilità.nnIl gameplay combina combattimenti a mano con l'uso di armi, in un sistema che richiede sia abilità nel combattimento che nella risoluzione di puzzle. Lungo il suo viaggio, Takeru incontrerà vari personaggi che lo aiuteranno o ostacoleranno nel raggiungimento del suo obiettivo. Il gioco si distingue per la sua grafica colorata e per la varietà di ambienti, che spaziano da foreste misteriose a castelli pericolosi.
Tanjou - Debut - Pure (Japan) (Rev A)	Tanjou Debut - Pure per 3DO è un gioco giapponese di simulazione che si concentra sulla vita di una giovane ragazza che aspira a diventare una popstar. Il gioco segue il percorso di questa ragazza, che deve affrontare sfide e decisioni cruciali per costruire la sua carriera nel mondo dello spettacolo. Il giocatore guida la protagonista attraverso varie fasi della sua vita, gestendo la sua formazione, le sue apparizioni pubbliche e la sua vita sociale.nnL'obiettivo principale di Tanjou Debut - Pure è aiutare la ragazza a diventare una famosa celebrità, mentre si prendono decisioni che influenzano la sua carriera e le sue relazioni con gli altri personaggi. Il gioco include una varietà di minigiochi e attività che vanno dalla pratica di canto e danza alla gestione di eventi pubblici e incontri con i fan. La simulazione si basa sulle scelte del giocatore, che può influenzare l'evoluzione della carriera della protagonista, determinando se avrà successo o meno nel raggiungere la fama.
Tarot Uranai (Japan)	Tarot Uranai per 3DO è un gioco di simulazione e divinazione basato sull'uso delle carte dei tarocchi. Il gioco consente ai giocatori di esplorare il mondo della lettura dei tarocchi, dove vengono interpretate le carte per ottenere previsioni sul futuro o risposte a domande personali. Il giocatore interagisce con il mazzo di tarocchi virtuale e, a seconda delle carte estratte, il gioco fornisce interpretazioni che possono riguardare vari aspetti della vita, come amore, carriera, salute e futuro.nnIl gameplay consiste principalmente nell'estrazione delle carte e nell'interpretazione dei loro significati, con il gioco che fornisce un'esperienza immersiva e simbolica. Oltre alla divinazione, Tarot Uranai include elementi di rilassamento e meditazione, creando un'atmosfera contemplativa e misteriosa. La grafica e la musica sono progettate per evocare una sensazione di mistero e spiritualità, creando un ambiente adatto alla lettura dei tarocchi e alla riflessione interiore.
Tetsujin (Japan)	Iron Angel of the Apocalypse è un picchiaduro a scorrimento per 3DO, ambientato in un mondo post-apocalittico dominato da demoni e creature infernali. Il giocatore controlla un guerriero angelico armato di spada, incaricato di salvare l'umanità sconfiggendo orde di nemici e potenti boss. Con grafica 2D dettagliata, combattimenti intensi e un'atmosfera dark fantasy, il gioco offre un'esperienza classica ma coinvolgente per gli amanti dei picchiaduro old-school.
Tetsujin Returns (Japan)	Iron Angel of the Apocalypse: The Return è il sequel del picchiaduro a scorrimento per 3DO, che riporta il giocatore in un mondo post-apocalittico infestato da demoni. Questa volta, il guerriero angelico affronta nuove orde di nemici e boss ancora più potenti, con armi e abilità potenziate. La grafica 2D migliorata e i combattimenti intensi mantengono l'atmosfera dark fantasy del primo capitolo, offrendo un'esperienza ancora più dinamica e ricca di azione per i fan del genere.
Theatre Wars - Goraku no Dendou (Japan)	Theatre Wars - Goraku no Dendou esplora il mondo della produzione teatrale, in cui il giocatore deve prendere decisioni riguardo alla creazione, gestione e messa in scena di vari spettacoli. Le sfide del gioco includono la scelta dei membri del cast, la gestione delle risorse, e la pianificazione di strategie per attrarre il pubblico e garantire che le rappresentazioni teatrali siano un successo.nnNel corso del gioco, il protagonista deve anche competere con altri teatri o compagnie artistiche, cercando di migliorare la propria reputazione e ottenere più spettatori. Le decisioni prese dal giocatore influiscono sulla qualità degli spettacoli e sull'evoluzione della trama, creando una dinamica di simulazione che richiede abilità nella gestione e nella strategia.
Theme Park (USA)	Il tuo obiettivo in questo gioco di strategia di Bullfrog è dominare l'entusiasmante mondo dei parchi a tema. Il primo compito è impostare le tue giostre all'interno del terreno disponibile, strutturando comodi percorsi e code e idealmente lasciando un po 'di spazio per giostre più grandi una volta disponibili, e includere alcuni laghi e alberi per aumentare il fascino del parco. Le giostre vanno da tazze da tè e case infestate alle montagne russe più grandi e elaborate che puoi progettare e giostre sull'acqua che girano attorno ad altre giostre. Devono essere inclusi anche i negozi, in modo che i visitatori possano acquistare cibo, bevande e souvenir: il giocatore astuto combinerà sale, zucchero e caffeina per massimizzare l'interesse dei consumatori. Il personale deve essere assunto per far funzionare tutto senza intoppi e lavorerà solo per quello che considerano un giusto tasso di retribuzione.
Toki o Koeta Tegami (Japan)	Toki o Koeta Tegami per 3DO è un'avventura interattiva pubblicata esclusivamente in Giappone. Il titolo si traduce in La lettera che ha attraversato il tempo, suggerendo un tema legato ai viaggi nel tempo o a una storia che si sviluppa attraverso epoche diverse.nnIl gioco è una visual novel con elementi di avventura, caratterizzata da una narrazione profonda e una forte enfasi sulla trama e i personaggi. I giocatori interagiscono con la storia attraverso scelte e dialoghi, influenzando il corso degli eventi. Grazie alla potenza del 3DO, il titolo include scene animate e doppiaggio, migliorando l'immersione nell'esperienza narrativa.nnEssendo un'esclusiva giapponese, Toki o Koeta Tegami è poco conosciuto al di fuori del Giappone e non ha ricevuto traduzioni ufficiali in altre lingue.
Tokimeki Mahjong Paradise Special - Koi no Tenpai Beat (Japan)	okimeki Mahjong Paradise Special per 3DO è un gioco di mahjong con elementi di dating sim, pubblicato esclusivamente in Giappone.nnIl gameplay principale ruota attorno al mahjong, un popolare gioco da tavolo giapponese basato su tessere. Tuttavia, il titolo aggiunge una componente narrativa e interattiva in cui il giocatore sfida avversarie femminili in partite di mahjong. Vincendo, si possono sbloccare scene speciali e interazioni con i personaggi, che spesso presentano elementi tipici delle visual novel o dei giochi di appuntamenti (dating sim).nnEssendo una versione Special, include contenuti aggiuntivi rispetto all'originale, come nuove illustrazioni, doppiaggio o avversarie extra. Il gioco è poco conosciuto al di fuori del Giappone e non ha ricevuto traduzioni ufficiali.
Total Eclipse (USA)	Total Eclipse per 3DO è uno sparatutto in prima persona sviluppato da Crystal Dynamics e pubblicato nel 1994. Il gioco è ambientato in un futuro fantascientifico, dove il giocatore pilota una navicella spaziale con l'obiettivo di fermare una razza aliena chiamata Drak-Sai, che sta minacciando di distruggere il Sole e, di conseguenza, la Terra.nnIl gameplay è simile a quello di altri shooter su rotaia (rail shooter), con il giocatore che avanza automaticamente attraverso livelli 3D pieni di nemici, ostacoli e power-up. L'azione è frenetica e il design dei livelli sfrutta la potenza del 3DO per offrire ambienti dettagliati e un'alta velocità di gioco.nnIl successo del gioco portò a un sequel, Solar Eclipse, pubblicato per PlayStation e Sega Saturn.
Totsugeki Karakuri! Megadas!! (Japan)	otsugeki Kikan! Megadasu!! (突撃機関! メガダス!!) per 3DO è un gioco poco conosciuto, pubblicato esclusivamente in Giappone. Si tratta di un titolo d'azione con elementi di strategia, caratterizzato da un'ambientazione futuristica e uno stile visivo ispirato agli anime mecha.nnIl gameplay sembra coinvolgere combattimenti tra veicoli o robot, con il giocatore che controlla una potente unità da battaglia in missioni contro nemici e basi avversarie. Il titolo potrebbe includere elementi tattici, come la gestione delle risorse o la scelta delle unità da schierare.nnA causa della sua esclusività giapponese e della scarsa documentazione disponibile, Totsugeki Kikan! Megadasu!! rimane un titolo di nicchia tra i giochi per 3DO.
Touhaiden Akagi (Japan)	Touhaiden Akagi per 3DO è un gioco basato sul mahjong, ispirato al celebre manga Akagi: Yami ni Oritatta Tensai di Nobuyuki Fukumoto. Il gioco segue la storia di Shigeru Akagi, un giovane prodigio del mahjong, noto per il suo talento straordinario nel gioco d'azzardo e la sua abilità nel leggere gli avversari.nnIl gameplay si concentra su intense partite di mahjong contro vari personaggi, seguendo lo stile e l'atmosfera del manga originale. Probabilmente include elementi narrativi che ripercorrono le vicende della serie, con scene di dialogo e interazioni tra i personaggi.nnEssendo un'esclusiva giapponese, il titolo è poco conosciuto al di fuori del Giappone, ma è interessante per i fan del manga e del mahjong competitivo.
Tower, The (Japan)	The Tower per 3DO è un gioco di simulazione e strategia che si concentra sulla gestione e costruzione di un'imponente torre. Il giocatore assume il ruolo di un costruttore che deve progettare e far crescere la torre, affrontando vari problemi e sfide legate alla gestione delle risorse, alla disposizione degli spazi e alla sicurezza degli edifici.nnLa trama del gioco è piuttosto semplice: il protagonista deve costruire una torre che diventi il centro di una città prospera, ma nel farlo dovrà affrontare numerosi ostacoli, come terremoti, incendi, epidemie, e problemi con gli abitanti. Ogni piano della torre deve essere progettato e organizzato in modo tale da ottimizzare gli spazi, prevenire i disastri e garantire che gli abitanti siano soddisfatti. Il giocatore deve prendere decisioni strategiche su come espandere la torre, gestire le risorse limitate e mantenere l'equilibrio tra il progresso e la sicurezza.
Tozasareta Yakata (Japan)	Un FPS horror ambientato in un maniero infestato negli anni '30. Interpreti una studentessa di archeologia che, durante una festa in maschera, scopre che il padrone di casa è un antico faraone maledetto. La trama si sviluppa attraverso esplorazione, combattimenti e risoluzione di enigmi, con filmati FMV che aggiungono profondità alla narrazione. Il gioco è noto per la sua atmosfera inquietante, i nemici spaventosi e una trama ricca di colpi di scena, che mescola elementi di horror e fantascienza.
Trip'd (USA, Europe)	Trip'd è un'esperienza di viaggio attraverso paesaggi fantastici e onirici, dove la realtà è distorta e piena di colori vivaci, forme strane e sfide non convenzionali. L'ambientazione si sviluppa come un viaggio psicologico, in cui il giocatore esplora vari &quot;mondi&quot; che rappresentano differenti stati mentali, con un gameplay che è una combinazione di esplorazione, risoluzione di enigmi e azione.nnIl gioco ha una sua estetica unica, con scenari visivamente distintivi e immersivi. L'esperienza di gioco è volutamente non lineare, invitando il giocatore a scoprire nuovi mondi e ad affrontare sfide in modo non convenzionale.nnIl titolo non è un gioco tradizionale con una trama definita o un obiettivo lineare, ma si concentra più sull'esperienza sensoriale e sull'esplorazione di mondi bizzarri. In generale, Trip'd è un gioco che può risultare interessante per coloro che cercano un'esperienza fuori dall'ordinario e psichedelica, lontano dai classici giochi d'azione o avventura.
True Golf Classics - Pebble Beach Golf Links (Europe)	Pebble Beach Golf Links per 3DO è una simulazione di golf realistica basata sul celebre campo da golf californiano. Sviluppato da T&E Soft, il gioco offre una riproduzione dettagliata del percorso, con grafica in FMV (full motion video) che combina filmati digitalizzati e modelli 3D per un'esperienza immersiva.nnIl gameplay segue un approccio simulativo, con fattori come vento, pendenza del terreno e scelta della mazza che influenzano ogni colpo. I giocatori possono competere in modalità torneo o pratica, sfidando avversari controllati dall'IA, tra cui il campione Craig Stadler, che fornisce consigli e commenti sulle prestazioni.nnGrazie alla sua presentazione avanzata per l'epoca e alla precisione nella riproduzione del campo, Pebble Beach Golf Links è un titolo apprezzato dagli amanti del golf su 3DO.
True Golf Classics - Waialae Country Club (Germany)	Prendi le tue mazze e dirigiti verso il primo tee. Questo simulatore di golf ricrea il famoso Hawaiian Waialae Golf Course, noto per i numerosi bunker e i green molto veloci. Puoi scegliere il tuo giocatore di golf, assegnargli un caddy, scegliere il tuo set di mazze e regolare le statistiche di potenza, put, tecnica, recupero e vento in base alle tue preferenze personali. Il gioco offre una modalità di allenamento pratica, una modalità torneo e la possibilità di sfidare i tuoi amici in una partita a colpi. Stranamente, questo gioco non è stato sanzionato dal PGA e presume che il giocatore di golf sia sempre maschio.
Twinkle Knights (Japan)	Twinkle Knights per 3DO è un gioco di ruolo (RPG) d'azione in stile fantasy. Il gioco segue le avventure di un gruppo di eroi impegnati in una missione per salvare il loro mondo da una minaccia oscura. I protagonisti sono cavalieri e guerrieri, ognuno con abilità uniche, che affrontano mostri, risolvono enigmi e si avventurano in vari dungeon e territori per raggiungere il loro obiettivo.nnIl gameplay mescola combattimenti a turni con esplorazione in tempo reale, mentre i giocatori sviluppano e migliorano i personaggi, interagiscono con NPC e progrediscono nella trama. Twinkle Knights si distingue per la sua grafica colorata e un'atmosfera fantasy, con elementi tipici del genere come magie, combattimenti e dungeon.nnIn generale, Twinkle Knights è un titolo pensato per gli appassionati di giochi di ruolo e di avventura, con una storia ricca di elementi fantasy e un gameplay che richiede strategia e gestione delle risorse.
Twisted (Japan)	Twisted: The Game Show per 3DO è un gioco di quiz e competizione ispirato ai game show televisivi, con un tocco umoristico e situazioni eccentriche. I giocatori partecipano a mini-giochi e sfide in stile quiz, mettendo alla prova intelligenza, riflessi e abilità generali. Il gioco è caratterizzato da prove bizzarre e risposte rapide, con un tono irriverente che lo distingue da altri giochi di quiz. È ideale per sessioni di gioco casual e multiplayer, offrendo un'esperienza divertente e interattiva per amici.
Twisted - The Game Show (USA)	Twisted: The Game Show per 3DO è un gioco di quiz e competizione ispirato ai game show televisivi, con un tocco umoristico e situazioni eccentriche. I giocatori partecipano a mini-giochi e sfide in stile quiz, mettendo alla prova intelligenza, riflessi e abilità generali. Il gioco è caratterizzato da prove bizzarre e risposte rapide, con un tono irriverente che lo distingue da altri giochi di quiz. È ideale per sessioni di gioco casual e multiplayer, offrendo un'esperienza divertente e interattiva per amici.
Uchuu Seibutsu Flopon-kun (Japan)	Trip'd è un'esperienza di viaggio attraverso paesaggi fantastici e onirici, dove la realtà è distorta e piena di colori vivaci, forme strane e sfide non convenzionali. L'ambientazione si sviluppa come un viaggio psicologico, in cui il giocatore esplora vari &quot;mondi&quot; che rappresentano differenti stati mentali, con un gameplay che è una combinazione di esplorazione, risoluzione di enigmi e azione.nnIl gioco ha una sua estetica unica, con scenari visivamente distintivi e immersivi. L'esperienza di gioco è volutamente non lineare, invitando il giocatore a scoprire nuovi mondi e ad affrontare sfide in modo non convenzionale.nnIl titolo non è un gioco tradizionale con una trama definita o un obiettivo lineare, ma si concentra più sull'esperienza sensoriale e sull'esplorazione di mondi bizzarri. In generale, Trip'd è un gioco che può risultare interessante per coloro che cercano un'esperienza fuori dall'ordinario e psichedelica, lontano dai classici giochi d'azione o avventura.
Ultraman Powered (Japan)	Ultraman Powered per 3DO è un gioco d'azione e combattimento basato sulla serie Ultraman: The Ultimate Hero (nota in Giappone come Ultraman Powered), una versione americana di Ultraman prodotta nei primi anni '90.nnNel gioco, i giocatori controllano Ultraman Powered, un'eroica creatura aliena gigante, e devono affrontare una serie di mostri iconici (kaiju) in battaglie uno contro uno. Il gameplay è simile a un picchiaduro 3D, con Ultraman che utilizza pugni, calci e attacchi energetici per sconfiggere i nemici. Ogni scontro ha un limite di tempo e si basa su strategie di combattimento e gestione dell'energia.nnIl gioco presenta sequenze video in full motion (FMV) tratte dalla serie TV, sfruttando la capacità multimediale del 3DO. Tuttavia, il gameplay è piuttosto limitato e ripetitivo, rendendolo più un titolo per collezionisti e fan di Ultraman che un must-have per gli amanti dei picchiaduro.
V Goal Soccer '96 (Japan)	V Goal Soccer '96 per 3DO è un gioco di calcio sviluppato da Jaleco. Offre un'esperienza di simulazione calcistica con grafica in 3D, visuale isometrica e un gameplay che cerca di bilanciare arcade e realismo.nnIl gioco presenta diverse modalità, tra cui amichevoli, tornei e campionati, permettendo ai giocatori di selezionare squadre internazionali e competere in partite con un gameplay piuttosto semplice e accessibile. Rispetto ad altri titoli calcistici dell'epoca, V Goal Soccer '96 si distingue per la fluidità delle animazioni e il dettaglio grafico, reso possibile dalla potenza del 3DO.nnTuttavia, il gioco non ha avuto un grande impatto nel mercato e rimane un titolo di nicchia tra i giochi sportivi per la console.
Virtual Cameraman Part 1 - Naomi Sawada & Anna Juri (Japan)	Virtual Cameraman Part 1 - Naomi Sawada and Anna Juri per 3DO è un gioco interattivo giapponese appartenente al genere digital photo session o dating sim con fotografia.nnNel gioco, il giocatore assume il ruolo di un fotografo che deve scattare foto a due modelle, Naomi Sawada e Anna Juri, in varie situazioni e pose. Il gameplay consiste nel scegliere angolazioni, inquadrature e momenti giusti per ottenere gli scatti migliori, mentre le modelle reagiscono alle scelte del giocatore.nnCome altri titoli simili per 3DO, Virtual Cameraman ha un tono leggero e strizza l'occhio al fan service, con un'attenzione particolare al lato estetico e alla simulazione di una sessione fotografica interattiva. Il gioco è stato pubblicato solo in Giappone e rimane una curiosità per collezionisti e appassionati di titoli giapponesi di nicchia.
Virtual Cameraman Part 2 - Natsumi Kawai & Kimi Tachihara (Japan)	Virtual Cameraman Part 2 - Kawai Natsumi and Tachihara Kimi per 3DO è il seguito di Virtual Cameraman Part 1 e segue lo stesso concept: il giocatore assume il ruolo di un fotografo che deve scattare foto a due modelle, Kawai Natsumi e Tachihara Kimi, in varie ambientazioni e situazioni.nnIl gameplay consiste nel scegliere angolazioni, tempistiche e inquadrature per catturare gli scatti migliori, mentre le modelle reagiscono in base alle scelte del giocatore. Come il primo capitolo, il gioco ha un tono leggero, con elementi di fan service e una struttura simile a una visual novel interattiva con focus sulla fotografia.nnEssendo un titolo esclusivo per il Giappone, Virtual Cameraman Part 2 rimane una curiosità per collezionisti e appassionati di giochi giapponesi di nicchia.
Virtual Cameraman Part 3 - Yumika Sugimoto (Japan)	Virtual Cameraman Part 3 - Sugimoto Yumika per 3DO segue lo stesso concetto delle precedenti edizioni della serie Virtual Cameraman. In questo titolo, il giocatore veste i panni di un fotografo che interagisce con Sugimoto Yumika, una modella, per scattare foto in varie situazioni e pose.nnIl gameplay ruota attorno alla scelta delle angolazioni, dei momenti e delle inquadrature giuste per catturare gli scatti migliori. Le reazioni della modella cambiano a seconda delle scelte fatte dal giocatore, creando un'esperienza interattiva simile a quella di una sessione fotografica virtuale.nnCome gli altri giochi della serie, anche Virtual Cameraman Part 3 ha un forte elemento di fan service e si rivolge principalmente a un pubblico giapponese. Il gioco non è tanto incentrato sulla narrativa o sul gameplay complesso, ma piuttosto sull'interazione visiva e sull'estetica delle sessioni fotografiche.
Virtual Cameraman Part 4 - Shiori Fujitani (Japan)	Virtual Cameraman Part 4 - Toya Shiori per 3DO è l'ennesimo capitolo della serie Virtual Cameraman, che segue lo stesso concetto dei titoli precedenti. In questo gioco, il giocatore assume il ruolo di un fotografo che interagisce con Toya Shiori, una modella, e deve scattare foto in diverse pose e ambientazioni.nnIl gameplay si concentra sulla fotografia, dove il giocatore sceglie le angolazioni, i momenti e le inquadrature più interessanti per ottenere scatti ottimali. Le reazioni della modella variano a seconda delle scelte fatte dal giocatore, e l'esperienza si sviluppa attraverso una serie di sessioni fotografiche.nnCome gli altri giochi della serie, Virtual Cameraman Part 4 ha un tono che include fan service e un'esperienza visiva interattiva piuttosto che un gameplay complesso. La serie è nota per la sua interazione leggera, che si concentra più sull'estetica e sull'elemento di simulazione fotografica, con un pubblico giapponese come principale target.
Virtual Cameraman Part 5 - Yuri Andou (Japan)	Virtual Cameraman Part 5 - Anzo Ari per 3DO è l'ultimo capitolo della serie Virtual Cameraman, che continua il concetto di gioco interattivo incentrato sulla fotografia. In questo titolo, il giocatore assume ancora il ruolo di un fotografo che deve scattare foto a Anzo Ari, una modella, in una serie di situazioni e ambientazioni.nnCome nei precedenti giochi della serie, il gameplay ruota attorno alla scelta delle inquadrature, dei momenti e delle angolazioni per ottenere le migliori foto. Le reazioni della modella, a seconda delle scelte fatte dal giocatore, influenzano l'interazione, creando un'esperienza fotografica simile a una sessione di foto virtuale.nnIl tono del gioco è sempre molto incentrato sul fan service e sull'estetica, senza grandi complessità nel gameplay. L'interazione è piuttosto semplice e focalizzata sulla simulazione di una sessione fotografica, rendendo il gioco più un'esperienza visiva e interattiva che una sfida giocosa vera e propria.
Virtual Horror - Norowareta Yakata (Japan) (En,Ja)	I non morti sono stati scatenati nel mondo. Solo un talismano sacro può distruggerli, ma è stato fatto a pezzi e nascosto in Monster Manor. Ora devi avventurarti nella villa maledetta e trovare i pezzi in modo che l'umanità possa essere salvata. Il gioco è uno sparatutto in prima persona in cui devi distruggere nemici come fantasmi, scheletri e zombi usando la tua unica pistola. Gli oggetti sparsi per la casa includono pacchetti di salute, energia della pistola, tesori e chiavi che vengono utilizzati per aprire le porte che bloccano la strada verso il prossimo pezzo di talismano. Il gioco ha dodici livelli.
Virtual Puppet Reika (Japan)	Virtual Puppet Reika per 3DO è un titolo giapponese che rientra nel genere delle simulazioni interattive, con elementi di fan service. Nel gioco, il giocatore interagisce con Reika, una &quot;pupazza virtuale&quot; o un personaggio digitale che si comporta come una marionetta, a cui il giocatore può dare comandi e influenzare il comportamento.nnIl gioco si concentra su una simulazione di interazione con il personaggio, dove il giocatore può manipolare e &quot;controllare&quot; Reika in vari modi, come cambiando la sua postura, espressione o comportamento. Potrebbe includere anche scenari diversi in cui il giocatore interagisce con il personaggio in modo più personale e visivamente coinvolgente.nnSebbene il gameplay non sia molto complesso e si concentri più sull'interazione visiva, Virtual Puppet Reika è un esempio di come il 3DO fosse utilizzato per creare esperienze uniche e innovative, sfruttando la grafica e la tecnologia per offrire un'ambientazione più immersiva rispetto ad altri giochi dell'epoca.
Virtual Quest - Pharaoh no Fuuin (Japan)	Seal of the Pharaoh per 3DO è un avvincente gioco di avventura in prima persona che immerge i giocatori in un misterioso scenario ispirato all'antico Egitto. Il protagonista si ritrova intrappolato all'interno di una piramide e deve risolvere enigmi complessi, esplorare templi misteriosi e superare trappole mortali per scoprire il segreto del faraone. Il gioco presenta grafica 3D dettagliata e una trama coinvolgente, con una forte componente di esplorazione e puzzle solving. I giocatori devono raccogliere oggetti, decifrare simboli e affrontare sfide per avanzare verso la scoperta finale del sigillo perduto del faraone.
Virtuoso (USA)	Virtuoso per 3DO è un gioco di simulazione musicale e un'esperienza interattiva incentrata sul pianoforte. Il giocatore assume il ruolo di un musicista che deve suonare il pianoforte, seguendo una serie di brani musicali e esercizi. Il titolo è progettato per insegnare e simulare l'esperienza di suonare uno strumento musicale, sfruttando la grafica 3D e le capacità multimediali del 3DO per offrire un'esperienza coinvolgente.nnNel gioco, i giocatori devono premere i tasti giusti al momento giusto per riprodurre la musica in modo corretto, simile a come si farebbe con un vero pianoforte o un gioco di ritmo. La musica varia da pezzi classici a brani più moderni, e il gioco include anche modalità di allenamento per migliorare le proprie abilità musicali.
VR Stalker (USA, Korea)	VR Stalker per 3DO è un gioco ambientato in un futuro distopico e segue un protagonista che si ritrova a dover affrontare minacce misteriose e ambienti pericolosi in un mondo virtuale.Il giocatore esplora scenari futuristici e interagisce con vari oggetti e personaggi, cercando di risolvere enigmi e di sopravvivere a situazioni di pericolo. Un tema ricorrente del gioco è la combinazione di elementi sci-fi e il concetto di realtà virtuale, in cui il protagonista può trovarsi intrappolato o coinvolto in una simulazione complessa, con il rischio di perdere il contatto con la realtà.Nel complesso, VR Stalker sfrutta le capacità grafiche avanzate del 3DO per creare ambientazioni con un mix di esplorazione, risoluzione di puzzle e combattimenti, anche se non è stato un grande successo commerciale. Il titolo è rimasto relativamente sconosciuto e di nicchia, ma è un esempio di come la console 3DO cercasse di esplorare generi innovativi, come la realtà virtuale e l'avventura interattiva.
Waialae Country Club (USA, Canada)	Prendi le tue mazze e dirigiti verso il primo tee. Questo simulatore di golf ricrea il famoso Hawaiian Waialae Golf Course, noto per i numerosi bunker e i green molto veloci. Puoi scegliere il tuo giocatore di golf, assegnargli un caddy, scegliere il tuo set di mazze e regolare le statistiche di potenza, put, tecnica, recupero e vento in base alle tue preferenze personali. Il gioco offre una modalità di allenamento pratica, una modalità torneo e la possibilità di sfidare i tuoi amici in una partita a colpi. Stranamente, questo gioco non è stato sanzionato dal PGA e presume che il giocatore di golf sia sempre maschio.
Way of the Warrior (USA)	Way of the Warrior per 3DO è un picchiaduro in 2D sviluppato da Digital Pictures e pubblicato nel 1994. Il gioco si distingue per la sua atmosfera e il suo stile, che mescolano elementi della cultura asiatica e dell'arte marziale con un gameplay tipico dei picchiaduro a incontri.nnNel gioco, il giocatore sceglie uno dei diversi personaggi, ognuno con abilità e mosse speciali uniche. La trama ruota attorno a una serie di combattenti che partecipano a un torneo di arti marziali per determinare il guerriero più potente. Ogni personaggio ha una storia di fondo e motivazioni, creando una narrativa semplice che giustifica i combattimenti tra i vari protagonisti.nnWay of the Warrior si distingue per l'uso della tecnologia FMV (Full Motion Video), che veniva sfruttata per le animazioni delle mosse speciali e per alcune sequenze di intermezzo, caratteristiche comuni per i giochi per 3DO.
Who Shot Johnny Rock (USA)	Who Shot Johnny Rock? per 3DO è un gioco di avventura interattivo in stile film noir, in cui il giocatore veste i panni di un investigatore privato che deve risolvere l'omicidio di Johnny Rock, una celebrità di Hollywood. Utilizzando il formato full motion video (FMV), il gioco permette al giocatore di raccogliere indizi, interrogare sospetti e fare scelte che influenzano lo svolgimento della trama per scoprire chi è il colpevole.
Wicked 18 (USA)	True Golf Classics - Wicked 18 per 3DO è un gioco di golf che offre una simulazione divertente e accessibile del golf, con un focus su un campo immaginario chiamato Wicked 18. Il gioco presenta 18 buche, ma a differenza dei tradizionali giochi di golf, queste buche sono progettate con ostacoli e sfide particolari che aggiungono una componente di &quot;stravaganza&quot; al gameplay.nnI giocatori possono scegliere tra vari golfisti e affrontare il campo in diverse modalità di gioco, sia singole che multiplayer. Ogni buca presenta un set di difficoltà crescente, con ostacoli come bunker, laghi e altre situazioni che rendono ogni colpo interessante e impegnativo.
Wing Commander III - Heart of the Tiger (USA) (Disc 1)	Wing Commander 3: Heart of the Tiger per 3DO è un gioco di simulazione spaziale e avventura interattiva, parte della celebre serie Wing Commander. Pubblicato nel 1994, il gioco unisce combattimenti spaziali con una trama ricca di elementi da film, utilizzando sequenze full motion video (FMV) per creare una narrazione coinvolgente.nnLa storia si svolge durante una guerra interstellare tra l'umanità e una razza aliena chiamata i Kilrathi. Il giocatore assume il ruolo di Christopher &quot;Maverick&quot; Blair, un pilota della Flotta Terran, che combatte contro i Kilrathi mentre cerca di scoprire segreti cruciali per la sopravvivenza della sua fazione. Oltre ai combattimenti spaziali, il gioco offre anche scelte narrative che influenzano il corso degli eventi, con scene FMV che coinvolgono attori reali, migliorando l'immersione.
Winning Post (Japan)	Winning Post per 3DO è un gioco di simulazione di corse di cavalli, in cui il giocatore assume il ruolo di un allevatore e allenatore di cavalli. L'obiettivo principale è creare, allenare e far correre cavalli da corsa di successo, partecipando a varie gare e competizioni.nnNel gioco, i giocatori devono gestire ogni aspetto della carriera, tra cui l'allevamento dei cavalli, la loro formazione, l'organizzazione delle gare e la gestione delle finanze. Il gameplay include anche il monitoraggio della salute e delle prestazioni dei cavalli, nonché la partecipazione a sfide e tornei.nnWinning Post è caratterizzato da una meccanica di simulazione complessa, che si concentra sulla strategia e sulla gestione a lungo termine, rendendolo un titolo apprezzato dai fan del genere simulativo. Anche se non è stato un grande successo commerciale, il gioco ha guadagnato una certa notorietà in Giappone, dove sono stati successivamente rilasciati altri titoli della serie.
Wolfenstein 3D (USA)	Wolfenstein 3D per 3DO è un porting del celebre gioco di sparatutto in prima persona originariamente sviluppato da id Software e pubblicato nel 1992. Il gioco è uno dei pionieri del genere FPS (First-Person Shooter) e ha avuto un impatto enorme sull'industria videoludica.nnLa trama di Wolfenstein 3D segue il protagonista, William &quot;B.J.&quot; Blazkowicz, un soldato alleato durante la Seconda Guerra Mondiale, che deve infiltrarsi nel castello di Wolfenstein, un'imponente struttura occupata dai nazisti. L'obiettivo principale di B.J. è fermare i piani di Adolf Hitler e i suoi scienziati, che stanno sviluppando armi segrete e mostruose esperimentazioni.
Woody Woodpecker and Friends - Volume One (USA) (RE-1)	Woody Woodpecker and Friends - Volume One per 3DO è un gioco basato sui personaggi dei cartoni animati classici della Universal, in particolare il famoso Woody Woodpecker e altri personaggi secondari come Chilly Willy, Wally Walrus e Ace the Pug.nnIl gioco è una raccolta di mini-giochi e attività interattive, pensata principalmente per un pubblico giovane. Ogni mini-gioco è ispirato agli episodi dei cartoni animati e permette ai giocatori di partecipare a situazioni divertenti e colorate, in cui possono controllare i personaggi principali. Le attività spaziano da giochi di abilità e puzzle a sfide di velocità e reazione, tutte con uno stile grafico che riflette l'estetica dei cartoni animati anni '40 e '50.
Woody Woodpecker and Friends - Volume Three (USA)	Woody Woodpecker and Friends - Volume Three per 3DO è un altro titolo della serie che include una raccolta di mini-giochi e attività interattive basate sui personaggi dei cartoni animati classici della Universal, come Woody Woodpecker, Chilly Willy, Wally Walrus, e altri.nnSimile agli altri volumi della serie, questo gioco offre una serie di giochi semplici e divertenti, pensati per un pubblico giovane. Ogni mini-gioco è ispirato alle avventure e agli episodi dei cartoni animati, con il giocatore che partecipa a varie sfide che coinvolgono abilità, velocità e risoluzione di piccoli puzzle. I personaggi dei cartoni animati sono al centro dell'azione, e i giochi sono progettati per essere leggeri e accessibili, offrendo un'esperienza di gioco casuale e divertente.
Woody Woodpecker and Friends - Volume Two (USA)	Woody Woodpecker and Friends - Volume Two per 3DO è un altro titolo della serie che presenta una raccolta di mini-giochi e attività interattive ispirate ai personaggi dei cartoni animati classici della Universal, come Woody Woodpecker, Chilly Willy, Wally Walrus, e altri personaggi iconici.nnSimile ai volumi precedenti e successivi, questo gioco offre un mix di giochi semplici e divertenti pensati per un pubblico giovane. Ogni mini-gioco è ispirato a situazioni tratte dai cartoni animati di Woody e degli altri personaggi, e il giocatore può partecipare a una varietà di sfide che mettono alla prova la velocità, l'abilità e la risoluzione di puzzle.nnLa grafica colorata e vivace riflette l'estetica dei cartoni animati classici, e l'esperienza di gioco è leggera e adatta a un pubblico di bambini. Il gioco non è particolarmente complesso, ma si concentra sull'intrattenimento casuale e sulla nostalgia per i fan dei vecchi cartoni animati.
World Cup Golf - Hyatt Dorado Beach (USA, Europe)	World Cup Golf - Hyatt Dorado Beach per 3DO è un gioco di golf che simula il torneo di golf su un campo virtuale ispirato al famoso Hyatt Dorado Beach Golf Resort a Porto Rico. Il gioco offre un'esperienza di golf realistica, con diverse modalità di gioco che permettono ai giocatori di partecipare a tornei e sfide su un campo da golf ben progettato.nnIl gameplay include la possibilità di scegliere tra vari golfisti e competere contro avversari controllati dalla CPU o con amici in modalità multiplayer. Il gioco offre anche una serie di opzioni di personalizzazione del colpo, come la selezione del bastone giusto, la gestione della potenza del tiro e l'accuratezza nei colpi, cercando di replicare l'esperienza di un vero campo da golf.
World Cup Special (Japan)	Striker - World Cup Special per 3DO è un videogioco di calcio che offre un'esperienza arcade, ispirata al famoso torneo mondiale della FIFA. Il gioco si concentra sul gameplay veloce e divertente, piuttosto che su una simulazione complessa del calcio reale.nnIl titolo consente ai giocatori di competere in partite internazionali di calcio, scegliendo tra diverse squadre nazionali e affrontando avversari controllati dalla CPU o da altri giocatori in modalità multiplayer. La grafica e il gameplay sono stilizzati, con azioni veloci e mosse speciali che aggiungono dinamismo e intensità alle partite.nnStriker - World Cup Special è caratterizzato da partite in cui i giocatori devono cercare di segnare gol, difendere la propria porta e fare uso di diverse strategie per vincere. Sebbene il gioco non si concentri su una simulazione dettagliata del calcio, offre un'esperienza accessibile e divertente, con l'energia e l'adrenalina tipiche di un gioco arcade.
Yakyuuken Special, The (Japan)	The Yakyuuken Special per 3DO è un gioco di tipo visual novel e simulazione che si concentra su un gioco giapponese tradizionale chiamato &quot;Yakyuuken&quot;, una forma di gioco di carte, ma con una particolare enfasi su dinamiche sociali e interazioni tra personaggi. È un gioco che mescola elementi di strategia, carte e narrativa, con una forte componente di scommesse e sfide tra i partecipanti.nnNel gioco, il protagonista è coinvolto in partite di Yakyuuken, un gioco che assomiglia al poker ma che include meccaniche speciali legate alla cultura giapponese. Gli avversari del giocatore sono vari personaggi, ognuno con caratteristiche e comportamenti unici. Durante il gioco, si svolgono anche momenti di interazione narrativa, dove il giocatore può prendere decisioni che influenzano il corso della storia e le relazioni con gli altri personaggi.
Yamada Kamachi Bijutsukan - Kamachi's Museum (Japan)	Yamada Kamachi Bijutsukan - Kamachi's Museum per 3DO è un gioco che esplora l'arte e la cultura, sviluppato come una sorta di museo virtuale interattivo. Il titolo prende il nome da Kamachi Yamada, un artista fittizio, e consente ai giocatori di esplorare una galleria d'arte con una varietà di opere digitali. Il gioco permette di navigare tra diverse sale e gallerie in un museo virtuale, dove il giocatore può osservare opere d'arte, spesso in uno stile giapponese, e interagire con esse. A differenza di un gioco tradizionale, l'accento è posto sull'esperienza immersiva nell'arte, piuttosto che su azione o gameplay competitivo. Potrebbe includere anche informazioni sugli artisti, sullo stile delle opere e sul contesto culturale, offrendo un'opportunità di apprendimento.
Yamamura Misa Suspense - Kyoto Kurama Sansou Satsujin Jiken (Japan) (Disc 1)	Yamamura Misa Suspense - Kyoto Kurama Sansou Satsujin Jiken per 3DO è un gioco di avventura e mistero, basato su una trama poliziesca. Il titolo fa parte della serie Yamamura Misa Suspense, che è un franchise giapponese popolare per le sue storie di crimine e mistero. Nel gioco, il giocatore prende il ruolo di Yamamura Misa, un personaggio investigativo che si trova a risolvere un caso di omicidio. La storia si sviluppa attorno a un &quot;satsujin jiken&quot; (omicidio) che avviene a Kyoto, più precisamente a Kurama Sansou, un luogo montuoso e pittoresco, noto per il suo paesaggio naturale e la sua atmosfera misteriosa. L'omicidio si svolge in un contesto inquietante, con numerosi indizi e sospetti che Misa deve seguire per risolvere il caso.
Yu Yu Hakusho (Japan)	Yu Yu Hakusho per 3DO è un gioco d'azione basato sull'omonima serie manga e anime giapponese creata da Yoshihiro Togashi. La trama del gioco segue le avventure dei protagonisti della serie, che includono Yusuke Urameshi, Kurama, Hiei e Kuwabara, tutti impegnati in una serie di combattimenti e missioni nell'aldilà. Nel gioco, i giocatori prendono il controllo di uno dei personaggi principali e affrontano una varietà di nemici e boss tratti dall'universo di Yu Yu Hakusho. La storia si sviluppa attorno alle vicende che coinvolgono Yusuke, un ragazzo che si ritrova nell'aldilà dopo la sua morte e che diventa un &quot;detective spirituale&quot;, lottando contro demoni e altri esseri malvagi per proteggere il mondo degli umani.
Yuujou Densetsu - The Doraemons (Japan)	Yuujou Densetsu - The Doraemons per 3DO è un gioco basato sul popolare franchise giapponese Doraemon, che ha come protagonisti un gruppo di robot gatti, tra cui il famoso Doraemon, proveniente dal futuro. Questo gioco è un titolo di avventura interattiva che mette in evidenza il legame di amicizia e le avventure del gruppo. La trama ruota attorno a Doraemon e ai suoi amici, Nobita, Shizuka, Takeshi, e Suneo, che vivono diverse avventure insieme. Il gioco è centrato sul tema dell'amicizia, come suggerisce il titolo Yuujou Densetsu, che significa &quot;Leggenda dell'Amicizia&quot;. I giocatori devono affrontare varie sfide e puzzle mentre interagiscono con i vari personaggi del mondo di Doraemon. In termini di gameplay, Yuujou Densetsu - The Doraemons offre una serie di attività e minigiochi, con una narrazione che ruota attorno alla risoluzione di problemi e al superamento di difficoltà attraverso la cooperazione tra i personaggi.
Zhadnost - The People's Party (USA, Europe)	Zhadnost - The People's Party per 3DO è ambientato in un contesto immaginario di guerra politica e sociale, dove il giocatore assume il ruolo di un leader di una fazione che deve affrontare le sfide politiche, economiche e militari in un mondo distopico.nnIl gioco si svolge in una società che si trova sotto il controllo di una dittatura autoritaria, e il giocatore deve cercare di manipolare e gestire vari aspetti della politica, delle risorse, dell'economia e delle forze militari per ottenere potere. Il nome &quot;Zhadnost&quot; fa riferimento al sistema politico e sociale che il giocatore deve navigare, cercando di influenzare le masse, affrontare rivali e portare il proprio movimento al potere.nnEsplora temi di potere, corruzione, propaganda e conflitto sociale, cercando di creare un'esperienza che mischi gestione, strategia e interazione politica. Non è un gioco di azione tradizionale, ma si concentra piuttosto sulla pianificazione a lungo termine e sulle decisioni strategiche.
