#key	synopsis
3D Atlas (USA)	3D Atlas es un título educativo que incluye gráficos en 3D en doce tipos diferentes de globos terráqueos giratorios, animaciones de secuencias de vídeo que muestran los cambios en el planeta, como la destrucción de la capa de ozono, etc. Incluye lo que se describe como &quot;un desafiante concurso&quot; llamado &quot;La vuelta al mundo&quot;, al que pueden jugar de uno a tres jugadores. En su turno, cada jugador se enfrenta a una ronda de cinco preguntas. Cada pregunta está cronometrada y vale una cierta cantidad de puntos o millas aéreas, pero ese valor disminuye con el tiempo. Cuando se ha completado una ronda, el juego muestra un vídeo humorístico de algún medio de transporte, normalmente aviones antiguos. Cuando todos los jugadores han completado su ronda, el juego muestra una representación de la Tierra y la distancia que los jugadores han recorrido con sus millas aéreas acumuladas.
Agi Gongnyong Goldie (Korea)	Agi Gongnyong Goldie es un juego educativo surcoreano que combina aventura, aprendizaje y animaciones orientadas al público infantil. El protagonista es Goldie, un pequeño dinosaurio curioso que recorre un mundo colorido lleno de rompecabezas, juegos musicales y desafíos de reflejos. El objetivo es enseñar de forma lúdica conceptos como colores, números y pensamiento lógico, integrados en breves historias y escenas interactivas. Los controles son sencillos, permitiendo que los jugadores más jóvenes naveguen fácilmente por entornos dibujados a mano. Como muchas producciones de 3DO, incluye abundantes diálogos con voz, música encantadora y secuencias FMV coloridas. Hoy se considera un ejemplo poco común de software coreano para 3DO y una aventura educativa cuidada que combina intención pedagógica con la estética de los años 90.
AI Shougi (Japan)	Al Shougi es un juego Diverso, desarrollado y publicado por Taito Corporation, que fue lanzado en Japón en 1995.
Alone in the Dark (USA)	Jeremy Hartwood se ha suicidado en Derceto, su mansión de Louisiana. Encarnarás a Edward Carnby, un investigador privado, o a Emily Hartwood, su nieta, para investigar la sospechosa muerte. La mansión de tres plantas tiene fama de estar encantada por su excéntrico dueño. Ratas deformes, zombies y gusanos gigantes son algunos de los enemigos que te perseguirán. Alone in the Dark es un juego de terror y supervivencia de acción/aventura. La acción se muestra desde puntos de vista fijos, con fondos 2D pintados y personajes, monstruos y objetos en 3D. Para escapar de la mansión deberás resolver puzles, encontrar y usar objetos en el lugar adecuado, leer documentos, consumir objetos curativos y usar armas. Algunas criaturas pueden matarse, otras requieren pensar detenidamente, y la munición es limitada, por lo que hay que usarla con cabeza.
Alone in the Dark 2 (USA)	En Alone in the Dark 2, encarnas al detective Edward Carnby, llamado a investigar a One Eyed Jack tras la desaparición de Grace Sanders, secuestrada por Jack. El detective Stryker, que intentó rescatarla antes, también ha desaparecido, dando paso a Carnby. Pronto descubre que Jack y sus secuaces son piratas del siglo XV inmortales gracias a la magia de la bruja Voodoo Elisabeth Jarret, pero deben realizar sacrificios humanos periódicos. Carnby debe abrirse paso por Hell's Kitchen y su ejército de gangsters para romper el hechizo y acabar con ellos. El juego combina acción y aventura con gráficos 2D y 3D. Deberás resolver puzles mientras luchas contra zombies piratas; algunas criaturas pueden eliminarse con armas, otras requieren ingenio y trampas. Además, en ciertas secciones juegas como Grace Saunders, donde la habilidad y rapidez son clave, ya que no puede luchar.
Anno Mitsumasa Pepperon-mura no Shiki (Japan)	El juego está compuesto por imágenes animadas con gráficos ingenuos y precisos diseñados por el dibujante japonés Mitsumasa Anno, un ex maestro de escuela. Valmaison es un pequeño pueblo ideal, situado en algún lugar de Europa, que se puede explorar de diversas maneras: el laberinto que aparece en la pantalla inicial ofrece cuatro caminos. El niño puede observar el pueblo en una estación específica, entrar en los edificios, crear su propio pueblo a partir de una base de dibujos o activar el ritmo de las estaciones y los eventos que marcan el calendario de Valmaison: festivales, juegos, siembras, tormentas, etc.
Another World (Europe)	Another World (&quot;Otro Mundo&quot;) lleva la magia del cine a los juegos de acción/aventura. Con gráficos poligonales animados por rotoscopia, fondos pintados a mano, efectos de sonido y banda sonora para 3DO, ofrece una experiencia interactiva única. Encarnas a un profesor lanzado a través del espacio y tiempo por un experimento fallido, y debes evitar monstruos, terremotos y otros obstáculos usando habilidad e ingenio para sobrevivir en este paisaje alienígena.
Aqua World - Umi Monogatari (Japan)	Aqua world umibi monogatari es un juego que permite al jugador descubrir y aprender sobre el mundo marino
Armageddon (Korea)	Armageddon es un juego de acción creado en la película animada de 1996 del mismo nombre. Puedes cambiar entre los puntos de vista de primera y tercera persona mientras pilotas una nave espacial con el objetivo de hacer retroceder a los invasores. La nave avanza automáticamente y necesita evitar obstáculos y destruir enemigos en el espacio. En el modo de primera persona, te mueves a la línea del frente y disparas a los objetos entrantes como asteroides o enemigos. En la vista en tercera persona, tiene un poco más de control, ya que puede mover la retícula. Ocasionalmente, los power-ups aparecerán como electrobombas. Como todos los juegos de LG 3DO, Armageddon es extremadamente raro. Originalmente, LG también anunció un puerto para PC del juego, pero nunca cumplió la promesa.
AutoBahn Tokio (Japan)	Autobahn Tokio es un juego de carreras lanzado sólo en Japón en exclusiva para la 3DO. Los jugadores pueden elegir libremente entre cuatro coches &quot;sin nombre&quot; con características diferentes basados en modelos de coches reales. Hay tres circuitos disponibles: una ciudad de noche, una autopista costera y una pista forestal. Los jugadores compiten contra un adversario de la CPU, intentando alcanzar los puntos de control en el menor tiempo posible. Cada coche dispone de transmisión automática y manual. Los coches no se pueden tunear y no hay opción para dos jugadores. Pese a no haber salido de Japón todos los menús y textos del juego están en inglés.
Bakushou!! All Yoshimoto Quiz-ou Ketteisen (Japan)	Bakushou!! All Yoshimoto Quiz-Ou Ketteisen es un juego Diverso, desarrollado por TOSE y publicado por Yoshimoto Kogyo, que fue lanzado en Japón en 1995.
Ballz - The Director's Cut (World) (En,Ja)	Ballz: The Director's Cut es una versión mejorada del juego Genesis y SNES Ballz 3D: Fighting at its Ballziest. Al igual que el original, es un juego de lucha en 3D donde todos los personajes están hechos de bolas. Cada personaje tiene sus propios movimientos, animaciones y combos. En el jugador individual tienes una variedad de jefes finales como tiranosaurio, canguro, escorpión, avestruz y toro. Cada jefe tiene un estilo de lucha único y un punto débil. En el modo multijugador, puedes luchar contra amigos.
Battle Blues (Korea)	La estrategia / RPG por turnos desarrollado por un equipo llamado Shin's Deko fue otro de los 3DO coreanos exclusivos que LG impulsó, y debido a ese uno de los juegos más raros de su tiempo.
Battle Chess (USA)	Battle Chess (Ajedrez de Batalla) es un juego bastante típico de ajedrez, pero con una vuelta: todas las piezas están representadas por pequeñas pero realistas figuras que caminan sobre el tablero, y cuando una pieza se encuentra con otra, toman parte en una batalla totalmente animada. Hay una animación distinta para cada combinación, dependiendo de qué piezas estén capturando o siendo capturadas. También es posible jugar en modo 2D sin animaciones. El juego dispone de una biblioteca de aperturas de 30.000 movimientos, asegurando una variedad de juegos a lo largo de sus 10 niveles de dificultad. Existe soporte multijugador que puede ampliarse mediante módem o con conexión por puerto serie.
Battle Pinball (Japan)	Battle Pinball es un lanzamiento solo en japonés donde los jugadores juegan pinball competitivo contra la computadora u otro jugador. Los jugadores eligen entre uno de los cuatro personajes, cada uno con su propia mesa de pinball dedicada. El juego luego se mueve a una vista de pantalla dividida, donde ambos jugadores juegan sus respectivas mesas y tratan de obtener una puntuación más alta que su oponente. Otras opciones incluyen un modo de &quot;historia&quot; para 1 jugador donde el jugador selecciona un personaje y lucha contra los otros tres. Ganar aquí da una película de victoria de CG específica del personaje. Los jugadores también pueden jugar contra múltiples oponentes en un modo de torneo (completo con paréntesis), aunque un máximo de dos jugadores jugarán a la vez. Al igual que con Real Pinball, el ángulo de visión es fijo y no se puede cambiar.
BattleSport (USA)	Battlesport es un simulador del deporte del futuro. Elige tu vehículo y entra en el terreno de juego para enfrentarte a tus oponentes computerizados para ver quién logra más tantos antes de que termine el tiempo. Anotar no es sencillo. El balón rebota constantemente por el terreno de juego, siendo atrapado por un jugador que es constantemente bombardeado por sus oponentes. Dispones de una variedad de armas para disparar a tus competidores, y cualquier que reciba un disparo mientras lleve el balón perderá la posesión del mismo, haciendo que la pelota salga disparada por el terreno de juego. Si se reciben muchos disparos no podrás participar durante un tiempo en el partido mientras tu contrincante anota tantos. Si ganas partidos aumentarás tu posición en las clasificaciones, y recibirás dinero con el que comprar mejores vehículos y objetos ofensivos y defensivos.
BC Racers (USA, Europe)	BC Racers es un juego de carreras de karts cuyos protagonistas son personajes de la serie de juegos Chuck Rock, de Core Design. Cada uno de los conductores va montado sobre una motocicleta prehistórica con side-car. En cada equipo de dos personajes, uno conduce la motocicleta, mientras que el otro lucha contra sus contrincantes utilizando garrotes, puñetazos, patadas, etcétera. Los gráficos en BC Racers consisten en un fondo plano decorado con sprites a escala para formar tanto las pistas como los escenarios.
Belzerion (Japan)	Belzerion es un juego de aventuras de ciencia ficción en primera persona desarrollado y publicado por Human para Mac exclusivamente en Japón en 1993. El juego fue posteriormente portado a 3DO, lanzado exclusivamente en Japón el 16 de diciembre de 1994. Esta versión revolucionó el combate de shooters en primera persona al permitir a los jugadores navegar por entornos en tiempo real y luchar desde una perspectiva cerrada (similar al juego arcade de 1990 The Super Spy).
BFS - Blue Forest Story (Japan)	Blue Forest Story se desarrolla en una tierra de fantasía medieval, controlada por el poderoso Imperio. De hecho, hay dos historias en el juego, con dos personajes diferentes, que viven en diferentes provincias del Imperio. El niño Wallace disfruta de una vida tranquila con su familia en un pueblo tranquilo; La niña Rakjit es testigo de la persecución y muerte de su madre, y se une a un movimiento de movimiento que se especializa en magia. Los caminos de los dos jóvenes eventualmente conducirán al mismo objetivo: la liberación del mundo; pero cuándo y cómo se logrará, sigue sin estar claro ... El juego se juega en su mayor parte como un juego de rol tradicional de arriba hacia abajo de estilo japonés. Tanto Wallace como Rakjit finalmente organizan una fiesta, que recorre el mundo, visitando varios lugares y avanzando la historia de una manera predominantemente lineal. La aparición de enemigos aleatorios desencadena una pantalla de batalla, que se ve desde una perspectiva isométrica. El sistema de batalla es bastante anticuado, con ataques físicos y mágicos; La progresión de nivel es automática, como en la mayoría de los juegos del género. A veces el juego le pide al jugador que elija una acción o una respuesta; Mientras el jugador todavía está en el juego, el juego realiza un seguimiento de estas decisiones, evaluando la actitud del jugador entre capítulos.
Blade Force (USA)	En el año 2110, en la ciudad de Meggagrid, anteriormente conocida como Los Ángeles, te reunes con el Doctor Grubert, un inventor en ciernes que ha resultado lisiado en una explosión causada por una familia criminal conocida como La Familia Pitt. Te entrega un traje llamado Traje de Vuelo Helipak para contraatacar y acabar con los criminales de la ciudad, y atrapar a La Familia Pitt para traer de vuelta la paz. Con un arsenal de nueve armas distintas y veinte potenciadores, el jugador volará a lo largo de siete niveles de la ciudad, con libertad de movimiento en 6 ejes.
Blonde Justice (USA)	Detrás de escena de un club de striptease. ¿Es un rival? ¿Un fan obsesionado? Una emocionante mezcla de sexo, intriga y obsesión.
Blood Angels (Japan)	Space Hulk: Vengeance of the Blood Angels es una mezcla de un juego de disparos en primera persona y un juego de lucha táctico. Se coloca en el fondo Warhammer 40k de los juegos de mesa de Games Workshop. Es el sucesor del juego de PC Space Hulk de 1993 y cuenta la lucha entre los Capítulos Terminator imperiales y los ladrones de genes tiránidos. Controlas hasta diez Terminators. Les das órdenes en una pantalla táctica y / o tomas el control de uno de ellos y luego te mueves en un entorno 3D y luchas contra los ladrones de genes como en un juego de disparos en primera persona. Entonces, el juego incluye planificación táctica y lucha en un buen equilibrio.
Bonogurashi (Japan)	Bonogurashi Kore de Kanpeki Disu es una mezcla entre un juego de aventuras, (ya que el jugador puede utilizar objetos para avanzar en el juego) y un juego de simulación, ya que el jugador debe dar comida o hacer dormir a su personaje para recuperar la salud. Durante el juego, el jugador debe realizar diferentes acciones con los animales para tener una mejor relación con ellos.
BrainDead 13 (USA) (Disc 1)	En Brain Dead 13 el jugador toma el papel de un joven experto en computadoras que es llamado un día para arreglar una situada en un aterrador castillo y, de inmediato, se ve en problemas. Tu tarea será utilizar los complejos movimientos de una película interactiva para escapar del castillo. Esta aventura animada se basa que el jugador juzgue en qué dirección cree que el personaje debe ir, y en caso de equivocarse, morirá.
Burning Soldier (USA, Korea)	Juego de disparos espacial en primera persona, similar a Shock Wave y Total Eclipse, que otorga el control de un avanzado caza en misiones que van desde un cinturón de asteroides hasta la batalla final en la superficie de la Tierra. El objetivo es evitar que la raza Kaisertian (de apariencia similar a los Alien de las películas con el mismo nombre) destruya a la humanidad. El juego es muy simple. El jugador utiliza la cruceta direccional para mover un cursor por la pantalla, y apuntar donde quiera que las armas sean disparadas, y dos botones de disparo para las distintas armas, una ametralladora láser y un misil guiado automáticamente hacia los enemigos que se acercan. Sin embargo, al contrario que otros juegos de mata-marcianos de la 3DO, no existe la posibilidad de manejar la nave espacial, ya que su trayectoria está predefinida y no puede ser modificada manualmente. La historia del juego se narra mediante vídeos de imagen real.
Bust-A-Move (USA)	Puzzle Bobble (o Bust-A-Move) es el sucesor del clásico Bubble Bobble. Tu objetivo en cada nivel es apuntar y disparar burbujas de colores, con el objetivo de juntar 3 del mismo color para hacerlas desaparecer. El juego incluye un modo para dos jugadores simultáneos en el que cada uno intenta ser el primero en romper todas las burbujas.
Cannon Fodder (USA)	Guía a un equipo de hasta cuatro soldados a través de 72 niveles de combate en este innovador híbrido de acción/estrategia con vista cenital, en una mezcla de Lemmings con Commando y con Dune 2. Los personajes se controlan directamente con el cursor, y activas a cada soldado o grupo de ellos seleccionándolos, pulsando después del botón izquierdo para moverlos o el derecho para disparar al enemigo. También puedes recoger granadas, y usarlas para destruir grupos de enemigos o edificios (pulsando ambos botones simultáneamente). Cada misión tiene un objetivo específico, y algunas incluyen vehículos como tanques para facilitarte la tarea. Tus tropas pueden cruzar por el agua, pero no disparar desde ella, así que encontrar y controlar puentes es a menudo crucial. Puedes utilizar las formaciones de árboles parar esconder tus tropas y disparar a cubierto, pero vigila que los soldados enemigos no hagan lo mismo.
Captain Quazar & BattleSport (Europe) (Demo)	La idea detrás de Captain Quazar es simple: desde una perspectiva superior 3/4 controlar al Capitán, matar a los tipos malos y salvar el día. Cualquier cosa en esta enorme galaxia puede ser destruido, pero ten cuidado dónde desatas tu ira, porque debes gestionar tus recursos para sobrevivir.
Captain Quazar (USA)	La idea detrás de Captain Quazar es simple: desde una perspectiva superior 3/4 controlar al Capitán, matar a los tipos malos y salvar el día. Cualquier cosa en esta enorme galaxia puede ser destruido, pero ten cuidado dónde desatas tu ira, porque debes gestionar tus recursos para sobrevivir.
Carrier - Fortress at Sea (USA)	Disfruta de una gran aventura con uno de los más grandes y famosos aviones de propulsión nuclear. El montaje de la información lo llevará a lo grande.
Casper (USA)	Basado en la película Casper, el juego te pone en el papel del amigable fantasma mientras intenta hacer un amigo y ganar una segunda oportunidad en la vida, en lugar de aterrorizar a todo el mundo. La trama gira alrededor del consentido y avaro heredero de la Mansión Whipstaff, Carrigan Crittenden. Ella va tras el tesoro que cree que se esconde en sus paredes. Casper necesitará la ayuda del Doctor James Harvey -terapeuta de los muertos- si quiere tener alguna esperanza de triunfo. Casper también tendrá que lidiar con sus tíos Stretch, Stinkie y Fatso, quien adoran asustar a los vivos y frustrar los esfuerzos de Casper. El juego es en 3D, y consiste principalmente en resolver puzles, siendo Casper capaz de tomar diversas formas y de manipular objetos.
Chiki Chiki Machine Mou Race - Kenken to Black Maou no Ijiwaru Daisakusen (Japan)	Chiki Chiki Machine Soft Race es un juego de aventuras, desarrollado y publicado por Future Pirates, que se lanzó en Japón en 1994. El juego gira apostando a los autos y mirando al FMV para ver cuál ganará.
Chiki Chiki Machine Mou Race 2 - In Space (Japan)	Una historia clara basada en la simulación japonesa Point and Click / Racing basada en el clásico dibujo animado de Wacky Races. Este juego fue desarrollado y publicado por Future Pirates en 1995
Club 3DO - Station Invasion (USA)	Club 3DO: Station Invasion es un juego educativo, presentado como un programa de juegos y diseñado para niños de 7 a 14 años. Tu trabajo es ser el mejor productor en una estación de televisión para niños. Elija entre una comedia de situación, un programa de juegos, un programa de entrevistas, una telenovela y una aventura misteriosa. Resuelve los acertijos y desafíos de cada espectáculo para obtener calificaciones más altas. El juego proporciona una mezcla de gráficos por computadora y video de personajes en vivo.
Corpse Killer (USA)	Corpse Killer (Asesino de Cadáveres) es un juego de disparos con vídeo real. Tomas el papel de un soldado de élite de las fuerzas especiales, que salta en paracaídas sobre una remota isla tropical. Parece que el malvado genio Doctor. Hellman ha hallado la forma de revivir a los muertos, y ha creado una isla de zombies. Es tu tarea abrirte camino a tiros a través de las horas de no-muertos y detener al Doctor Hellman. El juego transcurre en una perspectiva de primera persona. Varios zombies aparecen frente a un fondo de vídeo, y debes dispararlos moviendo un cursor por pantalla o utilizando el accesorio light gun (pistola de infrarrojos). La versión Saturn tenía una serie de características diferentes, incluyendo potenciadores extra así como más vídeos de enemigos.
Coven, The (USA)	Se trata de un espíritu que ha sido herido por la luna y los amantes que la merecen. Se trata de Janine ...
Cowboy Casino (USA)	El jugador entra en el salón de un casino preparado para echar unas partidas de cartas. El juego contiene 4 tipos de juegos de cartas distintos en los que apostar, que son 5 Card Draw (poker 5 cerrado), 7 Card Stud (poker 7 abierto), 5 Card Stud (poker 5 abierto), y Texas Hold'em. El jugador tiene la opción durante las manos de ir, aumentar la apuesta o retirarse. Si unos de los oponentes controlados por el ordenador gana una mano, se reproducirá un corto vídeo de imagen real. El envoltorio original del juego incluía un pequeño folleto llamado &quot;Lo Esencial para Ganar al Poker&quot; (&quot;The Basics of Winning Poker&quot;), de J. Edward Allen.
Crash 'n Burn (USA, Korea)	Crash Burning es un juego de carreras con pistolas y cohetes montados en vehículos. Hay un modo Rally y un modo torneo para competir. En el modo Rally, te abres camino a través del mundo con el objetivo de mantenerte con vida y destruir a los otros contendientes mientras intentas terminar entre los tres primeros. Si tienes éxito, avanzas a la siguiente pista.
Crayon Shin-chan - Puzzle Daimaou no Nazo (Japan)	Es un juego de puzzles basado en Crayon Shin-chan, también llamado Shin-chan que proviene de una serie japonesa de manga y anime creada por Yoshito Usui en 1990.
Creature Shock (USA) (Disc 1)	La Tierra está superpoblada y la humanidad debe buscar un segundo hogar. Una nave enviada a investigar Saturno y sus lunas ha desaparecido, y debes acudir allí para descubrir qué ha sucedido. La mayor parte del juego es un shooter basado en vídeo real en movimiento. Estas secciones son básicamente un laberinto en el que te encontrarás con diversos alienígenas. Cada alienígena tiene un punto débil al que debes disparar. También hay dos secciones en 3D en las que debes pilotar tu nave.
Crime Patrol (USA)	Crime Patrol pone al jugador en la piel de un oficial de policía, que inicia un Novato y tiene que trabajar con un miembro de SWAT y eventualmente con el equipo de Delta Force. Para hacer eso, tiene que completar misiones, lo que implica tomar un crimen en una variedad de lugares. Comenzando con criminales de menor escala (como ladrones de tiendas), el héroe se enfrentará más tarde a gángsters, narcotraficantes y, finalmente, terroristas. Para cada conjunto de misiones, el jugador se está asociando con otro oficial de policía. El juego es bastante similar a cualquiera de los grandes juegos de pistolas láser de acción real que se encuentran en las salas de juego: ¡todo el jugador tiene que tomar el arma (o el mouse en la versión para computadora) y mostrarles a los criminales quién es el jefe!
CyberDillo (USA)	Tras ser atropellado por un coche, nuestro héroe Armadillo es traído de vuelta a la vida por una malvada compañía ciber-genética. Intentará parar sus malvados planes en niveles inspirados en los psicodélicos años 70, cuando la música disco reinaba. Recopila items como pantalones de campana, botas de plataforma, reproductores de 8-pistas y lámparas de lava para mantener altos tus escudos y niveles de funk.
Cyberia (USA)	En el año 2027 el mundo está controlado por dos super-potencias rivales, el bloque occidental Free World Alliance (FWA, Alianza Mundo Libre) y el bloque del este llamado Cartel. Unas transmisiones desde un espía de la FWA revelan la ubicación de un laboratorio secreto multi-nacional en lo más recóndito de Siberia, el &quot;Cyberia Complex&quot; (&quot;Complejo Cyberia&quot;), donde una misteriosa arma está siendo desarrollada. Devlin, el lider de la FWA, libera de su prisión a un ciber-hacker llamado Zak y lo envía a infiltrarse en el complejo y descubrir la verdadera naturaleza del arma de Cyberia. Desgraciadamente, el Cartel también está interesado en dicha arma y no parará ante nada para obtenerlo. Zak no solo deberá abrirse paso a través de las fuerzas que el Cartel ha enviado para detenerlo, sino también superar los agentes del Cartel que ya se han hecho con el control del complejo. Para empeorar la situación, los científicos de Cyberia han desarrollado genéticamente criaturas que vagan sin control por la misma área en la que se encuentra el arma, y además Devlin parece guardarse algún as en la manga.
D (USA, Europe) (Disc 1)	En D, un juego de puzles de terror psicológico, la historia comienza en 1997, cuando Richter Harris, director de un hospital en Los Ángeles, comete un asesinato en masa y toma rehenes. Su hija, Laura Harris, llega al hospital para enfrentarlo, pero al entrar es transportada a una misteriosa mansión, donde debe resolver acertijos para salvar a su padre y a sí misma, mientras él le implora que se marche. El juego requiere completar cuatro discos en un límite total de tiempo, con aproximadamente 30 minutos por disco. Laura usa un reloj de bolsillo tanto para medir el tiempo como para recibir pistas, aunque este solo puede usarse tres veces antes de romperse. Sin opción de guardar la partida y con múltiples finales posibles, D ofrece una experiencia desafiante y atmosférica.
D no Shokutaku (Japan) (Disc 1)	En D, un juego de puzles de terror psicológico, la historia comienza en 1997, cuando Richter Harris, director de un hospital en Los Ángeles, comete un asesinato en masa y toma rehenes. Su hija, Laura Harris, llega al hospital para enfrentarlo, pero al entrar es transportada a una misteriosa mansión, donde debe resolver acertijos para salvar a su padre y a sí misma, mientras él le implora que se marche. El juego requiere completar cuatro discos en un límite total de tiempo, con aproximadamente 30 minutos por disco. Laura usa un reloj de bolsillo tanto para medir el tiempo como para recibir pistas, aunque este solo puede usarse tres veces antes de romperse. Sin opción de guardar la partida y con múltiples finales posibles, D ofrece una experiencia desafiante y atmosférica.
D's Diner - The Director's Cut (Japan) (Disc A)	En D, un juego de puzles de terror psicológico, la historia comienza en 1997, cuando Richter Harris, director de un hospital en Los Ángeles, comete un asesinato en masa y toma rehenes. Su hija, Laura Harris, llega al hospital para enfrentarlo, pero al entrar es transportada a una misteriosa mansión, donde debe resolver acertijos para salvar a su padre y a sí misma, mientras él le implora que se marche. El juego requiere completar cuatro discos en un límite total de tiempo, con aproximadamente 30 minutos por disco. Laura usa un reloj de bolsillo tanto para medir el tiempo como para recibir pistas, aunque este solo puede usarse tres veces antes de romperse. Sin opción de guardar la partida y con múltiples finales posibles, D ofrece una experiencia desafiante y atmosférica.
Daedalus Encounter, The (USA, Europe) (Disc 1)	La guerra interestelar ha terminado dejándote, una víctima, como un cerebro sin cuerpo dentro de un sistema de soporte vital. Tus colegas te han rescatado del laboratorio para que puedas ir a explorar la galaxia en busca de artefactos y restos dejados por la guerra. Durante tus exploraciones chocas contra una nave alienígena. Con tu propia nave deshabilitada, y la nave alienígena en un rumbo de colisión, debes explorarla para ver qué ha salido mal y corregir el rumbo.
Daedalus Encounter, The - Episode 1 - Nanpasen no Alien (Japan) (Disc 1)	La guerra interestelar ha terminado dejándote, una víctima, como un cerebro sin cuerpo dentro de un sistema de soporte vital. Tus colegas te han rescatado del laboratorio para que puedas ir a explorar la galaxia en busca de artefactos y restos dejados por la guerra. Durante tus exploraciones chocas contra una nave alienígena. Con tu propia nave deshabilitada, y la nave alienígena en un rumbo de colisión, debes explorarla para ver qué ha salido mal y corregir el rumbo.
DeathKeep (USA)	Deathkeep es un juego de &quot;tirador&quot; para un jugador en perspectiva en primera persona con un toque de juego medieval AD & D en un entorno 3D completo. El juego consiste principalmente en aventurarse y aplanar a todas las criaturas vivas y no vivas en tu camino. Destruir monstruos te permite ganar nuevos hechizos. Las mazmorras están llenas de trampas, arroyos, cavernas, repisas y todos los obstáculos posibles para que el jugador pierda su camino en este laberinto de laberintos.
Defcon 5 (Europe)	DefCon 5 para 3DO es un juego de acción con algunos elementos de rol. En el juego encarnas a un ingeniero encargado de automatizar los sistemas informáticos de defensa de una base cuando ésta es atacada. De ti depende encontrar la salida, hacerte con las llaves adecuadas y manejar tu equipo para salir de esta complicada situación.
Demolition Man (USA, Europe)	Demolition Man es un juego basado en la película de 1993, donde los jugadores controlan a John Spartan (Sylvester Stallone) mientras intenta capturar a su némesis, Simon Phoenix (Wesley Snipes), en un futuro utópico. La versión para 3DO utiliza imágenes y videos de la película, con escenas grabadas especialmente por Stallone para expandir la narrativa como un &quot;montaje del director&quot;. El juego sigue cinco misiones principales, inspiradas en las secuencias de la película, e incluye cuatro estilos de juego: Galería de tiro: Enemigos aparecen en una pantalla estática, con iconos que otorgan salud y munición adicional. Lucha mano a mano: Combates contra Phoenix con bloqueos, barridos y ataques estratégicos. Disparo en primera persona: Navega túneles con enemigos y rastrea a Phoenix con munición ilimitada. Secuencia de conducción: Persigue a Phoenix en un coche de policía, esquivando obstáculos y usando carriles de velocidad. El progreso se guarda mediante contraseñas, y Stallone aparece en mensajes al ganar o perder.
Dennis Miller - That's News to Me (USA)	&quot;Dennis Miller:That's News to Me&quot; Sólo puede definirse vagamente como &quot;juego&quot;, más bien se trata de un especial de comedia de Dennis Miller. Dennis Miller aparece en pantalla haciendo comedia sobre varios temas. La elección del jugador en este título son los temas a tratar por Miller.
Dennou Hyouryuu - Multimedia Cruising (Japan)	Dennou Hyouryuu: Multimedia Cruising es un juego desarrollado por Scitron & Art y publicado por Hamlet, que fue lanzado en Japón en 1995. En las tareas, el jugador debe volar a través de un paisaje futurista del ciberespacio e interactuar con televisores flotantes. ¡Bienvenido viajero tecnológico a la era digital!
Digital Dreamware (USA, Europe)	DIGITAL DREAMWARE es un álbum interactivo de sonidos y visiones que te permite tomar el control o dejarte llevar por el flujo fluido. Seis explosiones diferentes, brillantes y multidimensionales de pura sensación caleidoscópica. Una hipnotizante banda sonora de techno-trance. Te quedarás absorto, transportado y transformado.
DinoPark Tycoon (USA)	Uno de los juegos &quot;de gestión&quot; más originales, DinoPark Tycoon es a la vez un juego de estrategia y un juego educativo. ¡Construye un parque de atracciones con diferentes tipos de dinosaurios! Tu estás al mando, y tienes que hacer muchas cosas, incluyendo :Prestamos de dinero, compra y venta de dinosaurios, comprar vallas para mantenerlos dentro del recinto, incluyendo vallas eléctrificadas para mayor seguridad, contratar personal como trabajadores de mantenimiento, cocineros, guías turísticos o veterinarios, construir y ampliar su parque para incluir cosas como baños, parking, casetas, etc.
Diving Spot Guide - Marine Tour (Japan)	Marine Tour - Diving Spot Guide es una especie de enciclopedia virtual del buceo. Si planeas bucear en las cálidas aguas de los océanos Índico y Pacífico, el disco puede ser útil, aunque sin conocimientos de japonés, la mitad de la información seguirá siendo ininteligible. Así, para los buceadores, encontrará información sobre los sitios de buceo más famosos, ciudades cercanas, precios, etc. Para algunos lugares se dan más detalles - incluyendo la topografía del fondo, las profundidades y los peces. Incluso puede usted incluir narración superpuesta. En 1994, puede que este &quot;juego&quot; todavía fuera relevante, pero hoy cualquier sitio web le dará más información.
Doctor Hauzer (Japan)	En 1952, un investigador que buscaba al arqueólogo Doctor Hauzer ha desaparecido. Construyó su casa sobre un yacimiento arqueológico y se obsesionó con la deidad llamada Kellbim, para la que sacrificaba a sus empleados. Morirás en numerosas ocasiones en las mortales trampas de la casa, pero tendrás también puntos de guardado ilimitados así que ver las animaciones de tus muertes será parte de la diversión. Puedes cambiar entre vista en primera persona, en tercera persona, o cenital. Cambiar la vista del juego te permitirá sortear algunas trampas.
Doom (USA, Japan)	La Union Aerospace Corporation ha estado experimentando con tecnología de teletransportación en las lunas de Marte, Fobos y Deimos. Tras algunos éxitos iniciales, algo sale terriblemente mal. Parece que los científicos han abierto un portal directo al Infierno. La base de Fobos es invadida por criaturas demoníacas, y toda Deimos simplemente desaparece. Un escuadrón de marines es enviado a Fobos, pero todos, excepto uno, son rápidamente masacrados. Ahora, el marine sobreviviente debe tomar algunas armas y contraatacar a los demonios.
Dragon Lore - The Legend Begins (USA, Germany) (Disc 1)	Dragon Lore: The Legend Begins es un juego de aventuras para 3DO. El jugador encarna a Werner Von Wallenrod, cuyo padre fue asesinado por el Jinete del Diablo. Criado en una granja por su propia protección, Werner debe enfrentarse ahora a su destino y emprender una aventura para encontrar al asesino de su padre. Varios personajes se cruzarán en su camino y le apoyarán en su búsqueda.
Dragon Tycoon Edge (Japan)	En una galaxia distante y hostil, un dios decide invocarte para que tomes el control de la galaxia. Al principio tienes la forma de un pseudo-humano, pero más adelante podrás transformarte en cualquier criatura que hayas derrotado.
Dragon's Lair (USA) (RE1)	Dragon's Lair (La Guarida del Dragón) es una conversión del juego arcade de 1983 creado por Don Bluth. El jugador controla a Dirk el Atrevido mientras lucha en su camino a través de una mazmorra para vencer a Singe, el Dragón, y rescatar a la bella Princesa Daphne. Con los limitados movimientos permitidos, la principal atracción del juego son sus increíbles gráficos.
Drug Wars (USA)	Drug Wars (&quot;Guerras de la Droga&quot;) es otro juego de disparos en la línea de los tradicionales juegos láser-arcade americanos. Es un juego de apuntar y disparar en el que te enfrentas a una banda de ciudadanos que no cumplen precisamente las leyes en el pequeño pueblo típico.
Emit Vol. 1 - Toki no Maigo (Japan)	Emit es una novela visual, dividida en tres partes, que ha sido diseñada para ayudar a los japoneses a estudiar inglés. Se puede jugar en inglés o en japonés. Hay dos modos de juego: el modo historia y el modo inglés. El modo historia es el juego principal dividido en capítulos en los que los jugadores pueden seguir el argumento y hacer una serie de ejercicios después de cada capítulo. En el modo historia, los jugadores pueden interrumpir el juego en cualquier momento para buscar un término que no hayan entendido o para cambiar de idioma. El primer episodio del juego trata del encuentro fortuito de Yuri con un anciano y los acontecimientos que siguen.
Emit Vol. 2 - Inochigake no Tabi (Japan)	Emit es una novela visual, dividida en tres partes, que ha sido diseñada para ayudar a los japoneses a estudiar inglés. Se puede jugar en inglés o en japonés. Hay dos modos de juego: el modo historia y el modo inglés. El modo historia es el juego principal dividido en capítulos en los que los jugadores pueden seguir el argumento y hacer una serie de ejercicios después de cada capítulo. En el modo historia, los jugadores pueden interrumpir el juego en cualquier momento para buscar un término que no hayan entendido o para cambiar de idioma. El segundo juego trata del viaje de Yuri a otro mundo en el que envejece un año cada día y tiene que encontrar la forma de volver a su propio mundo.
Emit Vol. 3 - Watashi ni Sayonara o (Japan)	Emit es una novela visual, dividida en tres partes, que ha sido diseñada para ayudar a los japoneses a estudiar inglés. Se puede jugar en inglés o en japonés. Hay dos modos de juego: el modo historia y el modo inglés. El modo historia es el juego principal dividido en capítulos en los que los jugadores pueden seguir el argumento y hacer una serie de ejercicios después de cada capítulo. En el modo historia, los jugadores pueden interrumpir el juego en cualquier momento para buscar un término que no hayan entendido o para cambiar de idioma. El juego concluye la historia de Yuri, que sobrevive a duras penas al viaje de vuelta a su mundo. Yuri busca a su &quot;doppelgänger&quot; para volver a su mundo y encontrar a su hijo. Este episodio contiene un nuevo juego en inglés llamado &quot;Ghost Sweeper&quot; en el que hay que derrotar fantasmas y buscar objetos en casas encantadas.
Endlessly (USA)	Endlessly más que calificarlo como juego sería más bien una especie de película &quot;pornografica&quot; con tres capítulos a elegir en un menú al estilo DVD. También se incluyen otros trailers de títulos de Vivid Interactive para 3DO.
Escape from Monster Manor (USA)	Los muertos vivientes se desataron sobre el mundo. Sólo un talismán sagrado puede destruirlos, pero ha sido roto en pedazos y escondido en la Mansión de los Monstruos. Ahora debes adentrarte en la mansión maldita y encontrar las piezas para que la humanidad pueda salvarse. El juego es un shooter en primera persona en el que tienes que destruir a enemigos como fantasmas, esqueletos y zombis utilizando tu única arma. Los objetos repartidos por la casa incluyen paquetes de salud, energía para armas, tesoros y llaves que se utilizan para abrir puertas que bloquean tu camino hacia la siguiente pieza del talismán. El juego tiene doce niveles.
ESPN Baseball - Hitting (USA)	ESPN Baseball: Interactive Hitting para 3DO es como tener a un gran entrenador que te enseña las mismas técnicas que hacen ganar campeonatos nacionales. Un entrenador &quot;simpático&quot; que hace que aprender sea tan fácil como jugar a un videojuego, todo siempre al ritmo que tu le pongas.
ESPN Golf - Lower Your Score with Tom Kite - Shot Making (USA) (Disc 1)	Shot Making de ESPN le brinda instrucciones &quot;cercanas y personales&quot; de Tom Kite, el Campeón del Abierto de Estados Unidos de 1992, ganador de 19 eventos del PGA Tour y el ganador de todos los tiempos del golf profesional (en el momento del lanzamiento del juego). Tom te enseña tiros que salvan golpes, te sacan de problemas y reducen tu puntaje, ilustrando sus consejos con videos de acción en vivo y gráficos producidos por el ganador del Emmy Terry Jastrow. Repleto de entrenamiento interactivo a nivel de campeonato que puede ayudarlo a desarrollar habilidades ganadoras a su propio ritmo. Esto es lo que aprenderá: Disparos para salvar golpes Disparos en la arena Disparos de Trouble Disparos cortos especiales Juegos verdes y de calle Todo esto, además de reseñas personalizadas del propio Tom.
ESPN Golf - Tom Kite no Kore ga Golf da! (Japan) (Disc 1) (Shot Yousei Kouza Vol. 1)	Shot Making de ESPN le brinda instrucciones &quot;cercanas y personales&quot; de Tom Kite, el Campeón del Abierto de Estados Unidos de 1992, ganador de 19 eventos del PGA Tour y el ganador de todos los tiempos del golf profesional (en el momento del lanzamiento del juego). Tom te enseña tiros que salvan golpes, te sacan de problemas y reducen tu puntaje, ilustrando sus consejos con videos de acción en vivo y gráficos producidos por el ganador del Emmy Terry Jastrow. Repleto de entrenamiento interactivo a nivel de campeonato que puede ayudarlo a desarrollar habilidades ganadoras a su propio ritmo. Esto es lo que aprenderá: Disparos para salvar golpes Disparos en la arena Disparos de Trouble Disparos cortos especiales Juegos verdes y de calle Todo esto, además de reseñas personalizadas del propio Tom.
ESPN Let's Go Skiing with Picabo Street, A. J. Kitt & Holly Flanders (USA)	La única forma de aprender a esquiar es esquiando, pero este título puede darte algunos de los conocimientos básicos necesarios para no romperte la crisma cuando salgas por primera vez.
ESPN Let's Play Beach Volleyball with Karch Kiraly and Karolyn Kirby (USA)	Actúa como un video instructivo sobre cómo jugar voleibol de playa
ESPN Let's Play Soccer with John Harkes and Mia Hamm (USA)	Let's Play Soccer presenta un elenco increíble: Zachery Ty Bryan de &quot;Home Improvement&quot;, embajador juvenil oficial de la Copa del Mundo '94... John Harkes, miembro del equipo nacional de los Estados Unidos, anteriormente con los campeones de la Copa F.A. Británica de 1993 y ahora con el equipo Derby County de la Primera División... y Mia Hamm, líder histórica de puntos femeninos de la NCAA y miembro del equipo nacional femenino de los Estados Unidos y del equipo campeón mundial de 1991.
ESPN Let's Play Tennis with Tracy Austin (USA)	Las habilidades destacadas de tenis de Tracy Austin, ex campeona del Abierto de Estados Unidos, se presentan en este software educativo. Los usuarios pueden aprender a jugar de manera más efectiva desde la línea de base, revisar cómo sujetar la raqueta para evitar &quot;cortar&quot; la pelota, descubrir cómo devolver globos con cuidado y aprender a manejar los tiros de aproximación. También se dedica tiempo adicional a jugar correctamente en la red, perfeccionar el servicio y otras estrategias importantes en la cancha.
Eye of Typhoon, The (Korea)	Había un misterioso arte de lucha llamado Kuk-Cho-Ho-Kwon que había sido heredado desde la dinastía Myoung. Sin embargo, ha desaparecido y no queda más que una leyenda. Han pasado muchos años y naciones asiáticas como China y Corea se encuentran en un estado de caos. Al enterarse del misterio de Kuk-Cho-Ho-Kwon, las fuertes potencias occidentales intentan desesperadamente recuperarlo. Debido a esto, muchos combatientes inocentes han sido destruidos y el libro secreto de Kuk-Cho-Ho-Kwon está comenzando a revelar sus imágenes reales... ¿Resucitará Kuk-Cho-Ho-Kwon? ¿Por quién...?
F1GP (Japan)	F1 GP es un juego de Carreras, desarrollado y publicado por Pony Canyon, que fue lanzado en Japón en 1995.
Family Feud (USA)	Este juego se basa en el programa de televisión Family Feud. Permite jugar tanto en solitario como con otros jugadores. Los concursantes deben escoger las mejores respuestas basadas en las preguntas que hará el presentador virtual. El juego muestra familias mediante vídeos reales, y el presentador hará preguntas mediante voz digitalizada. Además de los clásicos turnos de preguntas, el juego también incluye los turnos Bullseye (Diana) y Fast Money (Dinero Rápido). Hay 5 niveles de dificultad que aumentan la inteligencia de los contrincantes.
Fatty Bear's Birthday Surprise (USA)	Fatty Bear (Oso Gordito) debe ayudar a otros juguetes a preparar una fiesta sorpresa para Kayla. Debe encontrar los ingredientes para una tarta y luego prepararla, encontrando las letras perdidas para el cartel de cumpleaños feliz e inflar globos, entre otras tareas. También se incluyen minijuegos de bolos y piano. Es un juego de aventuras diseñado para niños de entre 3 y 8 años, que utiliza una versión avanzada del motor SCUMM desarrollado inicialmente para Maniac Mansion de Ron Gilbert, quien es el Líder de Proyecto, Productor, Co-Diseñador y uno de los programadores de intérprete para este título.
Fatty Bear's Fun Pack (Korea)	Fatty Bear's Fun Pack fue la última aparición en solitario de Fatty Bear como personaje, aunque hizo un cameo en &quot;Putt-Putt Saves The Zoo&quot; y ha sido mencionado posteriormente en muchos juegos. Entre las actividades/juegos se encuentran: Reversi, Go Fish, Lines and Boxes, Tangrams y Coloring, los cinco reaparecidos en Putt-Putt & Fatty Bear's Activity Pack
Fatty Bear's Funpack (USA)	Fatty Bear's Fun Pack fue la última aparición en solitario de Fatty Bear como personaje, aunque hizo un cameo en &quot;Putt-Putt Saves The Zoo&quot; y ha sido mencionado posteriormente en muchos juegos. Entre las actividades/juegos se encuentran: Reversi, Go Fish, Lines and Boxes, Tangrams y Coloring, los cinco reaparecidos en Putt-Putt & Fatty Bear's Activity Pack
FIFA International Soccer (USA, Korea)	Este juego, el primero de la exitosa saga de fútbol de EA Sports, introdujo una perspectiva dimétrica (isométrica) innovadora para la época, que influenció a futuros títulos. También destacó por su presentación estilo televisivo, con anfitriones que introducían los partidos, diferenciándose en un mercado dominado por Sensible Soccer y Kick Off. El juego se basaba en equipos internacionales con jugadores ficticios, clasificados en habilidades del 1 al 10. Ofrecía opciones como activar o desactivar faltas y fueras de juego, y ajustar la duración de los partidos, cuyo tiempo corría solo cuando el balón estaba en juego. La jugabilidad premiaba las carreras rápidas, los pases cortos y los potentes disparos, controlados mediante un cursor que ajustaba el destino del chut. En lo táctico, los jugadores podían elegir formaciones, estrategias y la cobertura de defensas, mediocampistas y delanteros, agregando profundidad estratégica.
Fire Ball!! (Japan)	Real Pinball es una conversión de las propias máquinas de juego con cinco mesas diferentes para escoger, en las que el principal objetivo es conseguir el mayor número de puntos posible utilizando el mando de control para manejar los pulsadores (flippers) de la máquina. El juego presenta gráficos realistas que asemejan una máquina real.
Firewall (Korea)	El superordenador de MiraCom ha arrebatado el control de la multinacional por la fuerza a la directiva humana. A menos que la humanidad se rinda, el ordenador destruirá París. En &quot;FIREWALL: Man vs. Machines&quot; juegas como Blue Arrow piloto de caza e informático. Como parte de la fuerza de asalto pilotarás tu cibernave a través de once niveles realistas en 3D pasando desde el mundo real hasta el ciberespacio. Sigue las pistas de tus aliados y desentraña retorcidos rompecabezas para alcanzar tu objetivo. La única forma de escapar del extraño mundo cibernético de MiraCom es atravesando el cortafuegos que protege al malvado ordenador para después destruirlo. Prepara tu asalto; el destino del mundo depende únicamente de tu habilidad e inteligencia.
Flashback (Europe) (En,Fr)	La historia comienza en 2042, cuando Conrad B. Hart se entera de un complot en el que participan alienígenas hostiles repartidos entre la población. Le secuestran pero Hart consigue escapar. Pronto es capturado y aterriza de emergencia en el corazón de la jungla de Titán, un satélite de Saturno. El jugador debe enfrentarse a los peligros de la jungla circundante y desbaratar la trama. Aunque gran parte del juego consiste en correr, saltar y disparar a los enemigos, también hay un elemento considerable de exploración, así como algo de resolución de puzles. El jugador conduce a Conrad a través de estructuras de plataformas, realizando distintos movimientos. Es posible saltar, correr, trepar, agarrarse a salientes y recoger objetos... Para defenderse, Conrad puede disparar a los enemigos con su pistola y utilizar diversos objetos para herirlos o distraerlos.
Flashback - The Quest for Identity (USA) (En,Fr)	La historia comienza en 2042, cuando Conrad B. Hart se entera de un complot en el que participan alienígenas hostiles repartidos entre la población. Le secuestran pero Hart consigue escapar. Pronto es capturado y aterriza de emergencia en el corazón de la jungla de Titán, un satélite de Saturno. El jugador debe enfrentarse a los peligros de la jungla circundante y desbaratar la trama. Aunque gran parte del juego consiste en correr, saltar y disparar a los enemigos, también hay un elemento considerable de exploración, así como algo de resolución de puzles. El jugador conduce a Conrad a través de estructuras de plataformas, realizando distintos movimientos. Es posible saltar, correr, trepar, agarrarse a salientes y recoger objetos... Para defenderse, Conrad puede disparar a los enemigos con su pistola y utilizar diversos objetos para herirlos o distraerlos.
Flopon World (Japan)	Una colección de mini-juegos para 3DO desarrollados y publicados por WARP, fue lanzado en Japón en 1995
Flying Nightmares (USA)	Flying Nightmares es un juego de simulación en 3D de vuelo, en el que el jugador se pone a los mandos de un avión Harrier volando en una serie de misiones con controles y sistemas de armamento realistas contra una horda de aviones enemigos y unidades terrestres. El jugador también puede volar junto a tres copilotos virtuales que le ayudarán durante las misiones completando determinados objetivos como destruir ciertas unidades enemigas o protegiendo unidades amigas. Hay multitud de vistas entre las que elegir (1ª, 3ª e incluso una cámara de seguimiento de los misiles) y cuenta con secuencias de vídeo entre misiones que te narran la historia del juego.
Foes of Ali (USA)	Foes of Ali es un juego de boxeo en 3D que incluye diez boxeadores icónicos, como Joe Frazier, Sonny Liston y Muhammad Ali. Ofrece tres modos de juego: -Exhibición: Permite elegir cualquier boxeador o recrear peleas históricas de Ali. -Torneo: Enfrenta a ocho boxeadores en busca del título de campeón. -Carrera: Revive la trayectoria de Muhammad Ali enfrentando a sus rivales históricos. El combate incluye movimientos clásicos como directos, ganchos y bloqueos, además de efectos como ojos morados, cortes y visión borrosa tras recibir golpes fuertes. Aunque el cansancio no está simulado, los golpes exitosos pueden ralentizar al oponente. Con 21 vistas de cámara, incluida una en primera persona que reacciona al daño, el juego mejora la inmersión. También incluye fotos de los campeones antes de cada pelea y comentarios de Tim Gammon.
Fun 'n Games (USA)	Fun 'N' Games es una colección de aplicaciones y mini-juegos para 3DO. &quot;Paint&quot; te permite dibujar con pinceles y fondos originales. &quot;Music&quot; te ayuda a componer música con varios instrumentos. &quot;Aquashark&quot; es un típico shoot-em up horizontal futurista ambientado en los océanos. &quot;Space Cadet&quot; es un juego de disparos en el espacio. Por último, &quot;Sliding Puzzle&quot; es un juego erótico.
Fun 'n Games - Soft no Omochabako (Japan) (En,Ja)	Fun 'N' Games es una colección de aplicaciones y mini-juegos para 3DO. &quot;Paint&quot; te permite dibujar con pinceles y fondos originales. &quot;Music&quot; te ayuda a componer música con varios instrumentos. &quot;Aquashark&quot; es un típico shoot-em up horizontal futurista ambientado en los océanos. &quot;Space Cadet&quot; es un juego de disparos en el espacio. Por último, &quot;Sliding Puzzle&quot; es un juego erótico.
Gakkou no Kowai Uwasa - Hanako-san ga Kita!! (Japan)	El juego es una aventura en primera persona, en la que el jugador asume el papel de un estudiante que deambula por la escuela. El jugador tiene que localizar a Hanako y conseguir su apoyo, mientras evita los fantasmas amenazantes que se encuentran por toda la escuela. Los juegos de Saturn y Playstation tienen la adición de varios episodios del programa que se reproducen como escenas de corte, así como un uso liberal del tema musical de apertura del programa.
Game no Tatsujin (Japan)	Game no Tatsujin: una colección de juegos de mesa, común en Asia. Este Mahjong Shogi, Reversi y 5 en raya.
Gex (USA, Europe)	Entra en tu propia televisión para derrotar al malvado Rez, recogiendo mandos a distancia para abrir mundos dentro de tu TV. Eres un gecko (o geco, un tipo de lagarto) con las habituales habilidades de un héroe de juegos de plataformas como el salto, el disparo a distancia o los ataques cuerpo a cuerpo, pero también dispones de ventosas para ayudarte a escalar paredes, una lengua para coger las esquivas mejoras o muchos otros trucos para mantenerte entretenido. Úsalos todos para abrirte camino a través de los mundos de la televisión en la buscando de mandos a distancia, recogiendo mejoras y eliminando TVs.
Ghost Hunter Series - Kuroki Shi no Kamen (Japan)	Una aventura de fantasía oscura en la que interpretas a un caballero maldito que lleva una máscara demoníaca. La trama sigue tu búsqueda para romper la maldición, explorando un mundo oscuro lleno de enemigos, acertijos y secretos. Con una atmósfera gótica, combates intensos y una narrativa rica en simbolismo, el juego ofrece una experiencia única para los amantes de la fantasía oscura y las historias complejas.
Goal FH (Field Hunter) (Japan)	Goal FH es un juego de simulación de fútbol basado en el anime Hakuhodo, transmitido en 1994 en el canal japonés NHK. El protagonista, Ikar Tatsumura, es un futbolista brasileño de 16 años con raíces japonesas que aspira a la fama y el éxito. Goal FH es una especie de juego de fútbol y lucha.
Great! Soccer Kid (Japan)	En Soccer Kid, asumes la tarea de recuperar las piezas dispersas de la Copa del Mundo, después de que fuera robada y destruida por alienígenas. Tu viaje te llevará por diferentes países como Reino Unido, Italia, Rusia, Japón y Estados Unidos. Con un balón de fútbol, derrotas a los enemigos utilizando trucos como cabezazos y chilenas, manteniendo el balón bajo control y superando obstáculos. Para obtener las piezas de la copa, recolectas once tarjetas de jugador en cada región. Tu progreso se puede guardar después de completar cada país, pero no dentro de los niveles individuales. La habilidad y el control preciso del balón son clave para cumplir con la misión.
Gridders (USA, Korea)	Es unjuego de rompecabezas tipo Klax, el jugador es lanzado como un niño llamado Zack, cuyo único objetivo es llegar al sótano de una corporación malvada para destruirlo, pero primero tiene que superar 36 niveles de muerte para poder alcanzal. Junto con los peligrosos Gridder's, Zack también debe evitar las trampas, los cuadrados de los elevadores y los cuadrados de desvío, por nombrar algunos.
Grimm Meisaku Gekijou Vol. 1 - Bremen no Ongakutai (Japan)	Grimm Meisaku Gekijou: Bremen no Ongakutai es un juego, desarrollado y publicado por Ima Company, que se lanzó en Japón en 1994. El juego depende en gran medida de la entonces nueva función de video de movimiento completo de 3DO. El juego es una compilación de dibujos animados, todos los cuales siguen libremente las historias que los hermanos Grimm hicieron famosas. La animación de los dibujos animados fue realizada por la famosa Nippon Anime Corporation. Hicieron varias de estas series de dibujos animados, esta es la primera que se produce.
Grimm Meisaku Gekijou Vol. 2 - Hansel to Gretel (Japan)	Grimm Meisaku Gekijou: Hansel to Gretel es un juego desarrollado y publicado por Ima Company, lanzado en Japón en 1994, poco después de Grimm Meisaku Gekijou 1 Bremen no Ongakutai. El juego se basa en gran medida en la entonces nueva función de video de movimiento completo del 3DO. Es una recopilación de dibujos animados, todos basados libremente en historias famosas de los Hermanos Grimm. La animación de los dibujos fue realizada por la famosa Nippon Anime Corporation, que produjo varias series de este tipo; esta es la segunda que se creó.
Grimm Meisaku Gekijou Vol. 3 - Akazukin (Japan)	Un juego FMV basado en el clásico cuento de los Hermanos Grimm de Caperucita Roja y su pelea con el Lobo feroz.
Guardian War (USA, Korea)	En Guardian War, un RPG japonés clásico, juegas como un golem guardián enfrentándote a las fuerzas de Azrael, el Señor del Mal. Tu misión es derrotar a monstruos en un mundo invadido, revivir a otros golems para unirse a tu grupo y, finalmente, vencer a Azrael. Cada golem tiene habilidades únicas: el Clérigo domina la Magia de la Luz, mientras que el Arquero destaca en ataques a distancia. El mundo está dividido en terrenos visibles en un mapa, donde se indican las áreas ocupadas por enemigos. Las tiendas solo están accesibles desde el mapa principal. Al seleccionar un terreno, los golems exploran un mapa semi-3D, recolectando tesoros y enfrentándose a enemigos. Las batallas ocurren en el mismo mapa en combates por turnos, sin una pantalla separada. Fuera de combate, controlas al grupo completo, pero durante las peleas, cada miembro es manejado individualmente. Este sistema combina exploración, estrategia y progresión clásica de RPG.
Hell - A Cyberpunk Thriller (USA)	En un futuro próximo, los seres humanos han descubierto que el infierno existe realmente. La organización que gobierna la Tierra, conocida como la Mano de Dios, controla los caminos al infierno. Los demonios pueden viajar a nuestras dimensiones, mientras que los criminales son enviados al infierno en lugar de ser encerrados en las cárceles. Asumes el papel de Gideon Eshanti y Rachel Braque, una pareja que trabaja para el gobierno. Una noche, agentes del gobierno llegan a su casa e intentan asesinarlos. Tras escapar por los pelos, los dos se encuentran en el infierno. Ahora tienen que averiguar cómo volver a nuestro mundo, y averiguar por qué sus jefes querían matarlos... Infierno: A Cyberpunk Thriller es un juego de aventuras con una sencilla interfaz point-and-click. Avanzas en el juego hablando con la gente y manipulando objetos para resolver puzzles. El juego utiliza fondos pre-renderizados y secuencias FMV como escenas de corte.
Hello Kitty - Asobi no Omochabako (Japan)	Este título interactivo lleva al jugador al dormitorio de Hello Kitty, con una variedad de actividades que incluyen a varios personajes de Sanrio. Las actividades van desde una máquina tragamonedas, una página de arte con pegatinas, vestir a Hello Kitty y un juego de Janken. Hello Kitty reacciona con comentarios hablados a las acciones del jugador en cada actividad.
Hirata Shougo Interactive Ehon - Aesop Monogatari Vol. 1 (Japan) (En,Ja,Fr)	Hirata Shougo Interactive Ehon - Aesop Monogatari Vol. 1 es un videojuego interactivo. Este primer volumen contiene 3 historias: La hormiga y la cigarra, El vientre de la rana, El niño y la flauta. La interfaz de todos los juegos es común. En el menú, selecciona la historia disponible (o la información sobre Aesop), luego el idioma: japonés, inglés o francés. Durante la narración, con el botón &quot;P&quot;, se pueden ver clips de animación cortos. El último parámetro permite controlar los subtítulos. Será útil para aquellos que intenten aprender uno de los tres idiomas de estos cuentos.
Hirata Shougo Interactive Ehon - Cinderella (Japan) (En,Ja,Fr)	Hirata Shogo Interactive Ehon: Cinderella es un libro interactivo. Lanzado exclusivamente en Japón, el CD incluye dos traducciones, entre ellas el francés. Descubre el famoso cuento de Charles Perrault: Cenicienta, ilustrado de manera excepcional.
Hirata Shougo Interactive Ehon - Ningyo-hime (Japan) (En,Ja,Fr)	En esa época, había una creciente conciencia sobre los mundos internos de los niños, influenciada en gran parte por el filósofo francés Jean-Jacques Rousseau, quien destacó la importancia de comprender el corazón de un niño. Andersen, inspirado por la idea de que &quot;los adultos deben entrar en el corazón de un niño&quot;, inició su camino como escritor. Comenzó explorando el folclore danés y creó historias para niños. Su popularidad se disparó con cuentos como &quot;La Sirenita&quot; y &quot;El Traje Nuevo del Emperador&quot;. En este software, se adopta el formato de un libro ilustrado, preservando la esencia que ha sido valorada durante muchos años, mientras se adaptan las historias a los valores morales contemporáneos. Además, puedes disfrutar cambiando entre tres narraciones y textos en diferentes idiomas. Mantente atento a más cuentos atemporales que serán lanzados uno tras otro.
Hirata Shougo Interactive Ehon - Ookami to Shichihiki no Koyagi (Japan) (En,Ja,Fr)	Los cuentos de los hermanos Grimm muestran la influencia de la colección del escritor francés Charles Perrault. Por ejemplo, la historia de un lobo astuto que engaña y devora a alguien es similar a &quot;Caperucita Roja&quot; de Perrault. De hecho, se dice que una mujer llamada Marie Hassenpflug tradujo el libro de Perrault del francés al alemán, y los hermanos Grimm lo adaptaron. Este software adopta el formato de un libro ilustrado y adapta la historia a los valores morales modernos, manteniendo su esencia que ha perdurado durante siglos. También puedes disfrutar cambiando entre narraciones y textos en tres idiomas. Akihiko Hirata Interactive Books planea lanzar una serie de estos cuentos mundialmente famosos uno tras otro. ¡Esperamos que los disfrutes!
Hirata Shougo Interactive Ehon - Sanbiki no Kobuta (Japan) (En,Ja,Fr)	&quot;El cuento de los tres cerditos&quot; es un relato popular británico que Joseph Jacobs publicó en 1891, presentado como folclore británico. En este software, se conserva la esencia de la historia original, transmitida a través de generaciones con diversas adaptaciones, ofreciendo una experiencia interactiva. También puedes disfrutar de tres opciones diferentes de narración y visualización de texto.
Hirata Shougo Interactive Ehon - Shirayuki-hime (Japan) (En,Ja,Fr)	Este es un libro interactivo que narra la versión de Blancanieves del famoso autor de manga Shogo Hirata.
Hitchcock ni Chousen (Japan)	Alfred Hitchcock Presents es un juego 3DO que alimenta a Alfred Hitchcock. Sorprendentemente, aunque el juego en sí con un tema de misterio / suspenso, generalmente nos conectamos con el maestro Hitchcock. El juego es un juego original en el clásico juego Memory. Estás volcando cartas e intentas emparejar a tus compañeros. Cuando tienes éxito, se revela un video musical de Alfred Hitchcock. Nada más y nada menos.
Horde, The (World)	Eres Chauncey, un servicial muchacho que salva a su monarca de atragantarse con su comida. El Rey te recompensa con su espada mágica, Grimthwacker, y un poblado, así como la misión de avanzar y prosperar eliminando oleadas de Hordlings, quienes se dedican a comer todo lo que encuentran en la provincia. Cuando mejor te vuelvas en defender a tus ciudadanos, cultivos y ganado de los Hordlings, mejor equipamiento conseguirás. El éxito te granjeará más apoyo del Rey, así como mayores desafíos y mayor enemistad del malvado Sumo Canciller. Hay diferentes clases de Hordlings, cada uno con su peculiar estilo de obtención de los suministros bajo tu cuidado. El éxito se mide un función de cuantos aldeanos y cultivos sobreviven al glotón ataque de cada estación.
Icebreaker (USA)	Icebreaker (Rompehielos) es un juego de puzzles/disparos en el cual el jugador toma el control de una pirámide voladora, que debe pilotar a lo largo de 1500 niveles destruyendo otras pirámides inmóviles. Estas pirámides pueden ser verdes, azules o rojas, y pueden cambiar a los otros colores a lo largo de un nivel. Las pirámides rojas pueden destruirse siendo disparadas, las pirámides azules siendo tocadas, y las pirámides verdes son destruidas atrayendo pirámides enemigas sobre ellas.
Ide Yousuke Meijin no Shin Jissen Mahjong (Japan)	Ide Yohsuke Meijin no Shin Jissen Mahjong es un juego de mahjong presentado por Ide Yohsuke. El jugador puede participar en diferentes tipos de torneos de mahjong, y es posible seleccionar el fondo gráfico y el tipo de piezas de mahjong en el menú de opciones. El juego también incluye un modo historia, donde el jugador asume el papel de un jugador de mahjong que llega a una ciudad con el objetivo de convertirse en el campeón de mahjong.
Idol Janshi Suchie-Pai Special (Japan)	The Suchie Pai Special es un juego Diverso, publicado por Jaleco Entertainment, que fue lanzado en Japón en 1995.
Idol Mahjong - Final Romance 2 - Hyper Edition (Japan)	En Idol Mahjong Final Romance 2, vamos a enfrentarnos a bellas rivales en partidas a mahjong. Cada vez que ganemos, seremos obsequiados con una ilustración en la que se la ve con poca ropa. Pero si queremos verla en ropa interior, entonces deberemos aplicarnos al máximo y ganarle una serie de veces, dependiendo de la puntuación que obtengamos. Puede ocurrir que hagamos una partida prácticamente perfecta y que a la primera ya aparezca en una serie de posturas eróticas, pero lo normal es que debamos jugar un máximo de tres partidas contra cada chica, para sumar los suficientes puntos como para que eso ocurra. Una vez lo conseguimos, pasamos a la siguiente rival a la que vencer.
Igo Time Trial - Shikatsu Daihyakka (Japan)	El jugador participa en juegos de mesa tradicionales de Go con límites de tiempo por turno, donde se requiere estrategia para colocar las piezas en el tablero y obtener más puntos que el oponente. El juego incluye tres modos diferentes: el Modo Prueba, que cuenta con 4,000 partidas distintas; el Modo Aprendizaje, para entender cómo funciona el juego; y el Modo Aprendiz, donde el jugador puede deshacer y rehacer movimientos, además de usar pistas para una experiencia más sencilla. El juego fue supervisado por Cho Chikun, un jugador profesional de Go y Honinbo de Corea del Sur.
Igo Time Trial - Tsumego I (Japan)	Con el equilibrio entre el bien y el mal alterado, depende del jugador derrotar a un oponente en el juego de mesa Go para asegurarse de que los espíritus buenos superen en número a los espíritus malos. Cada turno da al jugador 100 segundos para colocar una pieza en un lugar adecuado del tablero. El objetivo del jugador es obtener más puntos que el oponente para ganar la partida.
Immercenary (Europe)	En el futuro, la humanidad ha sido esclavizada en una simulación de realidad virtual conocida como Perfect. Esta simulación está controlada por una entidad llamada Perfect1, y debe ser destruida para desactivar el sistema. Eres el Inmercenario Número Cinco, y tu misión es lograrlo. Desde un laboratorio secreto te conectas a la simulación, que te envía a un lugar en Perfect conocido como el Jardín. Cada entidad en el juego tiene un rango que determina sus capacidades ofensivas y defensivas. Comienzas en el rango 255, el más bajo, y debes ascender en los rangos para derrotar a Perfect1, quien ocupa el rango número 1. Para lograrlo, debes destruir Rithms de rango superior, que es como se llaman las otras entidades en el juego. Para superar ciertos rangos, es necesario destruir Rithms únicos que ocupan altos lugares en la jerarquía de Perfect.
Immercenary - Combat in a Digital World (USA)	En el futuro, la humanidad ha sido esclavizada en una simulación de realidad virtual conocida como Perfect. Esta simulación está controlada por una entidad llamada Perfect1, y debe ser destruida para desactivar el sistema. Eres el Inmercenario Número Cinco, y tu misión es lograrlo. Desde un laboratorio secreto te conectas a la simulación, que te envía a un lugar en Perfect conocido como el Jardín. Cada entidad en el juego tiene un rango que determina sus capacidades ofensivas y defensivas. Comienzas en el rango 255, el más bajo, y debes ascender en los rangos para derrotar a Perfect1, quien ocupa el rango número 1. Para lograrlo, debes destruir Rithms de rango superior, que es como se llaman las otras entidades en el juego. Para superar ciertos rangos, es necesario destruir Rithms únicos que ocupan altos lugares en la jerarquía de Perfect.
Immortal Desire (USA)	En los oscuros confines de un castillo antiguo, donde las sombras susurran secretos y los suspiros del pasado resuenan en cada rincón, despierta &quot;Immortal Desire&quot;. Te embarcarás en una aventura única donde el amor eterno, el misterio y la magia se entrelazan en una trama cautivadora.
Incredible Machine, The (USA)	The Incredible Machine (La Máquina Increíble) es un juego de puzles en el que el jugador tiene que construir una artilugio de Rube Golberg para resolver un sencillo puzle. El juego consiste en una serie de puzles, cada uno con un simple objetivo como &quot;poner la visera en la cesta&quot; o &quot;encender el ventilador&quot;. Para lograrlo, se dispone de una serie de componentes como: pelotas, vigas, cuerdas, globos, tijeras, gatos o monos, y tu tarea será colocarlos en el terreno de juego de forma que, al pulsar &quot;iniciar puzle&quot;, todo el artilugio se ponga en marcha y logre el objetivo. Para añadir cierta dificultad, algunos puzles tienen una gravedad o presión de aire diferentes a los del planeta Tierra. También existe un modo libre en el que el jugador dispone de un número eliminado de componentes para construir una máquina de su propia invención. Estas máquinas pueden ser almacenadas en un disco.
Incredible Machine, The - Pararancho (Japan)	The Incredible Machine (La Máquina Increíble) es un juego de puzles en el que el jugador tiene que construir una artilugio de Rube Golberg para resolver un sencillo puzle. El juego consiste en una serie de puzles, cada uno con un simple objetivo como &quot;poner la visera en la cesta&quot; o &quot;encender el ventilador&quot;. Para lograrlo, se dispone de una serie de componentes como: pelotas, vigas, cuerdas, globos, tijeras, gatos o monos, y tu tarea será colocarlos en el terreno de juego de forma que, al pulsar &quot;iniciar puzle&quot;, todo el artilugio se ponga en marcha y logre el objetivo. Para añadir cierta dificultad, algunos puzles tienen una gravedad o presión de aire diferentes a los del planeta Tierra. También existe un modo libre en el que el jugador dispone de un número eliminado de componentes para construir una máquina de su propia invención. Estas máquinas pueden ser almacenadas en un disco.
Insector War (Japan)	Insecter War ofrece una experiencia psicodélica y de ciencia ficción en el estilo de Faceball 2000, un shooter en primera persona. Las partidas son rápidas, con un combate simple y directo: dispara o te disparan, utilizando armas sencillas y fáciles de usar. Los escenarios están llenos de una variedad de obstáculos y trampas, proporcionando lugares donde tanto jugadores como enemigos pueden moverse rápidamente y esconderse. En el modo multijugador, Insecter War permite partidas de hasta cuatro jugadores en pantalla dividida; también incluye un modo campaña para un solo jugador con una historia simple.
Iron Angel of the Apocalypse - Tetsujin (USA)	Juegas con un personaje conocido como Tetsujin. Eres una creación cyborg / robot de un científico malvado. El científico tenía la intención de usarlo para acabar con la raza humana, pero en su lugar decidió volverse contra su creador y escapar. La historia se desarrolla mientras te abres camino hasta la cima de un rascacielos para enfrentarte al científico loco.
Iron Angel of the Apocalypse - The Return (USA)	Tetsujin regresa en esta secuela de Iron Angel of the Apocalypse. La historia continúa poco después de los eventos del juego anterior. Tras su enfrentamiento con el Científico y el Androide, Tetsujin se encuentra sin cuerpo. Una misteriosa corporación conocida como SCR te otorga un nuevo cuerpo, pero sus intenciones son inciertas. El formato del juego es en su mayoría similar al del original. Es un shooter en primera persona que depende en gran medida de cinemáticas en video para contar la historia. El motor gráfico ha sido mejorado significativamente, lo que le da a este juego un ritmo mucho más rápido que su predecesor. Mientras que el original combinaba actores reales y gráficos por computadora, esta entrega utiliza completamente gráficos por computadora para representar a los humanos.
Ishida Yoshio Kudan no Igo Seiha (Japan)	Ishida Yoshio Kudan no Igo Seiha para 3DO es otra implementación del tradicional juego de mesa Go. El juego está completamente en japonés y cuenta con un menú extenso con una gran variedad de modos. Incluye tutoriales, desafíos de Go, partidas contra inteligencia artificial e incluso recreaciones de intensas batallas. Además, el juego ofrece clips de video.
J. B. Harold - Blue Chicago Blues (Japan) (Disc 1)	En el papel de J.B. Harold, un detective privado con un pasado turbio, te contratan para investigar el asesinato de Victor Blair, un rico hombre de negocios de Chicago. Mientras exploras la ciudad, interrogas a sospechosos y recoges pistas, descubres que el caso es más intrincado de lo previsto: corrupción, traiciones familiares y secretos enterrados emergen a medida que te acercas a la verdad. Con diálogos ramificados y elecciones que influyen en el curso de la historia, el juego ofrece una experiencia cinematográfica rica en suspense y atmósfera noir, donde cada decisión puede llevar a un final diferente.
J.League Virtual Stadium '95 (Japan)	La secuela de J. League Virtual Stadium mejora cada aspecto de su predecesor, con actualizaciones de plantilla, gráficos más refinados y una jugabilidad más fluida. La trama se centra en tu misión de llevar a tu equipo a la victoria del campeonato, enfrentando nuevos desafíos y oponentes más aguerridos. Con modalidades adicionales y una mayor profundidad estratégica, el juego ofrece una experiencia de fútbol aún más inmersiva y realista, perfecta para los fanáticos del género.
J.League Virtual Stadium (Japan)	Este simulador de fútbol te permite sumergirte en el mundo de la J. League, la liga de fútbol japonesa. Elige tu equipo favorito y guíalo a través de una temporada, enfrentándote a oponentes cada vez más difíciles con el objetivo de ganar el título. El juego incluye modo torneo, partidos amistosos y sesiones de entrenamiento, con una atención al detalle que hace que la experiencia sea auténtica. La &quot;trama&quot; es tu ascenso a la gloria, con partidos emocionantes y decisiones tácticas que determinan el éxito de tu equipo.
Jammit (USA)	En Jammit, el jugador se transforma en una estrella de la música, tocando éxitos de rock y pop de los años 90 utilizando un controlador especial. La &quot;trama&quot; sigue tu ascenso en el mundo de la música: supera niveles cada vez más difíciles, sincronizando los movimientos con la música, y desbloquea nuevas canciones para demostrar tu talento. Con una banda sonora pegadiza y un gameplay rítmico, el juego es una mezcla perfecta de desafío y diversión, ideal para los amantes de la música y de los ritmos envolventes.
Jikki Pachi-Slot Simulator Vol. 1 (Japan)	Este simulador de máquinas tragamonedas japonesas (pachislot) te sumerge en la atmósfera de los salones de juego. La &quot;trama&quot; es sencilla pero adictiva: intenta ganar el premio gordo utilizando estrategias y un poco de suerte. Con mecánicas realistas y una variedad de máquinas, el juego ofrece una experiencia auténtica, perfecta para los apasionados del género. Cada partida es una nueva oportunidad para poner a prueba tu habilidad y tu intuición.
John Madden Football (USA)	John Madden y la NFL (National Football League, Liga Nacional de Fútbol americano) se han unido para crear John Madden Football, diseñado específicamente para la sistema multijugador interactivo 3DO. Disfrutarás la jugabilidad probada del juego de fútbol americano de 16-bits más vendido de todos los tiempos, con nuevos gráficos digitalizados, sonido con calidad CD y más de 100 vídeos reales de NFL Films. ¡Ponte en uniforme y experimenta el único juego que te ofrece acción real de la NFL!
John Madden NFL Football (Europe)	John Madden y la NFL (National Football League, Liga Nacional de Fútbol americano) se han unido para crear John Madden Football, diseñado específicamente para la sistema multijugador interactivo 3DO. Disfrutarás la jugabilidad probada del juego de fútbol americano de 16-bits más vendido de todos los tiempos, con nuevos gráficos digitalizados, sonido con calidad CD y más de 100 vídeos reales de NFL Films. ¡Ponte en uniforme y experimenta el único juego que te ofrece acción real de la NFL!
Johnny Bazookatone (USA)	En Johnny Bazookatone, un juego de plataformas en 3D, Johnny, un guitarrista con actitud de Elvis y tupé morado, es encarcelado en la Prisión de Sin Sin en el año 2050 por El Diablo, quien envidia su talento musical. Tras perder su guitarra, Anita, Johnny debe escapar y enfrentarse a enemigos para recuperarla. Johnny usa su guitarra bazooka como arma, capaz de emitir estallidos sónicos letales, y realiza movimientos como giros de 360 grados y saltos flotantes. A medida que avanza por niveles como el Hotel Demonique y Hell's Kitchen, puede obtener armas, potenciadores y descubrir pasadizos hacia niveles de bonificación. La banda sonora destaca por incluir el tema principal interpretado por Richie Sambora y Tico Torres de Bon Jovi, sumando un toque musical único al juego.
Jurassic Park Interactive (USA)	Jurassic Park Interactive, basado en la película homónima, te pone en el rol de un guardia de seguridad encargado de guiar a 5 a 11 visitantes (según la dificultad) al helipuerto seguro. Desde un mapa cenital, seleccionarás a los visitantes y enfrentarás mini-juegos aleatorios para ayudarlos a avanzar: -Spitter Shoot: Una galería de tiro donde disparas a Dilophosaurios con una pistola aturdidora, evitando dañar dinosaurios inofensivos. -T-Rex Chase: Un juego de conducción donde escapas de un T-Rex visible en el retrovisor, esquivando obstáculos. -Raptor Maze: Un laberinto en primera persona donde huyes de Velocirraptores, bloqueándolos con puertas mientras buscas rutas de escape. Además, deberás hackear computadoras a través de mini-juegos inspirados en clásicos arcade como Space Invaders y Asteroids, adaptados al universo de Jurassic Park. La puntuación final depende del desempeño en los desafíos.
Kakinoki Shougi (Japan)	Kakinoki Shogi es un simulador de Shogi (ajedrez japonés) que ofrece una experiencia auténtica y profunda para los aficionados al juego. La &quot;trama&quot; se centra en tu crecimiento como jugador: te enfrentas a una serie de desafíos contra oponentes controlados por la IA, cada uno con un estilo de juego único. El juego incluye tutoriales para principiantes, partidas casuales y torneos, con el objetivo de convertirte en un maestro de Shogi. Los gráficos son sencillos pero funcionales, con un enfoque en el juego estratégico y el aprendizaje de tácticas avanzadas.
Keiba Saishou no Housoku (Japan)	Este simulador de carreras de caballos te pone en la piel de un entrenador y apostador. La trama sigue tu carrera en el mundo de las carreras de caballos: seleccionas caballos, los entrenas, gestionas las apuestas y participas en carreras cada vez más competitivas. Con una atención a los detalles realistas, como las estadísticas de los caballos y las condiciones de las pistas, el juego ofrece una experiencia inmersiva. El objetivo es convertirte en el mejor entrenador y apostador, equilibrando estrategia, suerte y gestión de los recursos.
Kero Kero Keroppi to Origami no Tabibito (Japan)	Un juego de aventuras para niños con Keroppi, la rana protagonista de la serie Sanrio. La trama sigue a Keroppi y a sus amigos en un viaje mágico a través de un mundo de origami, donde deben resolver enigmas y superar obstáculos para salvar el reino de una amenaza oscura. Con gráficos coloridos, personajes adorables y una jugabilidad sencilla pero cautivadora, el juego es perfecto para un público joven. La historia está llena de momentos divertidos y lecciones morales, típicas del estilo Sanrio.
Killing Time (USA) (RE1)	A principios de la década de 1930, Tess Conway, obsesionada con el antiguo Egipto, y sus invitados desaparecieron sin dejar rastro ... justo en medio de una fiesta salvaje en la isla de Conway. Sesenta años después de estos eventos, tu misión es investigar los extraños eventos que tuvieron lugar en esos días. Aunque Killing Time es gráficamente un clon típico de Doom, hay algunas diferencias: el juego tiene un nivel enorme en lugar de muchos más pequeños que le permite regresar a lugares antiguos en cualquier momento, es decir, recoger paquetes de salud o municiones. También los espíritus de Tess y sus invitados aparecen ocasionalmente y traen a la luz la historia de esa noche ayudándote a encontrar llaves, abrir puertas, localizar pasadizos secretos y resolver acertijos. Killing Time se desarrolló originalmente para el 3DO, y luego se convirtió a la PC.
Kingdom - The Far Reaches (USA, Europe)	En este juego de aventuras, ponte en la piel de Lathan Kandor, un joven, para derrotar al malvado Mago Negro. Lathan encontrará ayuda de su mentor, el poderoso mago Daelon. Explora las tierras fantásticas de los Confines Lejanos y recupera tres de las cinco piezas de la antigua reliquia llamada La Mano de Mobus. Habla con una variedad de personajes, recoge objetos y resuelve problemas y rompecabezas típicos de aventuras. Kingdom: The Far Reaches cuenta con control del ratón, animaciones de vídeo, gráficos de dibujos animados, un mapa de viaje dentro del juego y música original que se puede desactivar si se desea.
Konpeki no Kantai (Japan)	Un juego de estrategia naval basado en la serie de anime del mismo nombre. La trama es una ucronía en la que Japón, derrotado en la Segunda Guerra Mundial, viaja atrás en el tiempo para cambiar el curso de la historia. El jugador asume el papel de un comandante naval, gestionando flotas, planificando batallas y tomando decisiones estratégicas. Con una trama compleja y rica en detalles históricos alternativos, el juego ofrece una experiencia estratégica profunda y cautivadora.
Kyuusei Senjutsu ni Yoru - Heisei Kaiun Koyomi (Japan)	Kyuusei Senjutsu Niyoru Heisei Kaiun Koyomi no es exactamente un juego para 3DO; se considera más bien software de entretenimiento. Es similar a Bagua o al Libro de los Cambios, y funciona como una especie de herramienta para observar las estrellas. Al ingresar ciertos datos sobre ti o sobre otra persona, puedes ver pronósticos astrológicos. Esto te permite ver días auspiciosos y desfavorables, la compatibilidad zodiacal con tu pareja y más.
Last Bounty Hunter, The (USA)	The Last Bounty Hunter (&quot;El último cazarrecompensas&quot;) es un juego de disparos que continúa la tradición del clásico juego de Laser Disc americano Mad Dog McCree. Con un diseño bastante simple, presenta un fondo de vídeo con el que interactúas, utilizando el ratón o una light gun (pistola de infrarrojos) para disparar a tus enemigos y proteger a los inocentes. La historia es la siguiente: eres un cazarrecompensas, uno de los últimos, que llega a un pueblo del Salvaje Oeste infestado de criminales, para ayudar al Sheriff a librarse de ellos.
Lemmings (USA)	Tu tarea consiste en rescatar a los Lemmings a lo largo de 120 niveles de rápidos puzzles. Estas criaturas andan a ciegas a través del mundo con la esperanza de alcanzar la seguridad al final del nivel -por desgracias esos niveles incluyen caídas en profundos agujeros en el terreno, barreras y ríos, además de otros peligros. Estás en control no de un Lemming, sino de un cursor, que puede ser movido sobre cualquiera de los Lemmings. En la parte inferior se muestran las distintas tareas o funciones que se le pueden encomendar a un Lemming, incluyendo escalar, flotar y empujar. Debes seleccionar la función correspondiente, y posteriormente pulsar sobre un Lemming para activarlo. Cada nivel tiene un distinto abanico de funciones que ofrecer, un diferente número de Lemmings, y un distinto porcentaje objetivo que se debe alcanzar para progresar.
Life Stage, The - Virtual House (USA, Korea)	The Life Stage es un programa de construcción de casas que permite a los jugadores diseñar casas de fantasía a través de una interfaz de modelado simplificada. Los jugadores construyen la estructura básica con habitaciones conectadas y puertas, añaden decoraciones y seleccionan texturas para los pisos y el papel tapiz. Luego pueden recorrer sus hogares virtuales e interactuar con algunos de los objetos dentro de ellos. El juego incluye planos de ejemplo predefinidos, que van desde una casa en las montañas nevadas hasta un edificio de oficinas en el centro. Solo una habitación se mantiene en la memoria limitada del sistema a la vez, por lo que los jugadores deben &quot;usar&quot; las puertas para moverse a una nueva habitación. Tras un tiempo de carga prolongado, el jugador aparecerá en la nueva habitación. También hay límites en el tamaño y la complejidad de las habitaciones individuales.
Little House, The (Japan)	&quot;THE LITTLE HOUSE&quot; es un paquete de software que ofrece una visión general fácil de comprender sobre las casas importadas y también permite crear y simular tu propia casa.
Lost Dungeon (Japan)	Slayer es una acción RPG en primera persona que utiliza la licencia y las reglas de AD & D 2nd Edition. Elige entre la variedad habitual de razas y clases de personajes de D&D y aventúrate en mazmorras generadas al azar, luchando contra monstruos y encontrando objetos. Los parámetros de mazmorra y la dificultad son personalizables.
Lost Eden (USA, Korea)	En otra Tierra, en otros tiempos, cuando los dinosaurios podían hablar y el aire estaba cargado de magia, las viejas tradiciones han sido rotas. Cuando una vez hubo armonía, ahora hay esclavitud y guerra. Debes aprender lo que se ha olvidado y unir las criaturas de nuestros continentes frente a un tiranosaurio tirano y se ejército carnívoro. Sólo hay una oportunidad entre el Edén y la extinción: debes aprender los secretos de las ciudadelas.
Lost Files of Sherlock Holmes, The (USA)	The Lost Files of Sherlock Holmes es un juego ambientado en Londres, 1888. Sherlock Holmes y el Dr. Watson investigan el asesinato de una joven actriz detrás de un teatro. Aunque el inspector Lestrade de Scotland Yard sospecha de Jack el Destripador, Holmes cree que el caso es más complejo. El jugador controla a Holmes mientras explora lugares emblemáticos de Londres, recolecta pistas, interroga a testigos y sospechosos, y deduce conexiones cruciales para resolver el crimen. El juego utiliza un sistema de apuntar y hacer clic, y los diálogos ofrecen múltiples opciones que influyen en la investigación. Watson actúa como un observador útil, registrando conversaciones y aportando comentarios relevantes. Con personajes icónicos como Lestrade, la Sra. Hudson y Toby el sabueso, además de cinemáticas y voces digitalizadas, el juego captura fielmente el espíritu de las novelas de Sherlock Holmes.
Love Bites (USA)	Doce criaturas magníficas muertas que están hambrientas impulsadas por el instinto animal con un solo deseo, calmar su sed.
Lucienne's Quest (USA)	Sigue la historia del la descerebrada y joven sacerdotisa Lucienne y su banda de monstruos inadaptados, mientras intentan evitar que el malvado mago Death Shadow destruya el mundo. Lucienne's Quest (la Búsqueda/Aventura de Lucienne) es un juego RPG de corte clásico, pero presentado con gráficos totalmente en 3D (y caracteres en forma de sprites 2D), poco común por aquel entonces. Las batallas tenían lugar por turnos, pero permitían más estrategias que los clásicos juegos RPG. El juego colocaba obstáculos en el campo de batalla que bloqueaban el camino de algunos ataques, pero que permitían al jugador posicionar estratégicamente sus luchadores en las dos filas inferiores del mapa antes de comenzar cada turno para aprovechar la ventaja del terreno. El juego también disponía de un ciclo dinámico de día/noche que tenía el único propósito de hacer que uno de los miembros de tu grupo se transformase de humano a hombre-lobo y viceversa.
Mad Dog II - The Lost Gold (USA)	La continuación del juego Mad Dog McCree de 1990, al igual que el anterior es una película de acción en vivo en la que el jugador interactúa en algunas escenas. El protagonista debe seguir la pista del bandido buscado, eliminando a todos los miembros de la banda y a la gente hostil por el camino. De la introducción se deduce que el jugador se enfrentará a indios renegados, forajidos y a la despreciable banda de &quot;Mad Dog&quot;. El jugador comienza el juego de inicio con una lección preparatoria de tiro con un conductor de diligencia interpretado por Ben Zeller, que apareció en el papel del prospector en el juego original- y eligiendo después uno de los tres guías: Buckskin Bonnie, el Profesor y Beaver Killer. Cada guía lleva al jugador por una ruta única y diferente, pero convergen en los tiroteos finales del juego que tienen lugar en el interior de un tren en marcha y en el escondite de Mad Dog.
Mad Dog McCree (USA)	Mag Dog McCree y su pandilla han secuestrado al alcalde y a su hija, y depende de usted rescatarlos. Debes atravesar bares y robos a bancos para sacar a la pandilla y salvar todo lo que consideras bueno y verdadero. Donde el juego difería de otros shoot 'em ups influenciados por Operation Wolf era en el uso de video en vivo, con personas reales apareciendo en la pantalla antes de derribarlos. Usted tiene una continuación ilimitada para llegar al final, por lo que los actores tendrán sus muertes en la pantalla vistas por tantas personas como lo harían si hubieran protagonizado una película.
Mahjong Gokuu Tenjiku (Japan)	El juego se basa en la antigua novela china Viaje al Oeste y presenta a los protagonistas y villanos de este libro como los diferentes jugadores de mahjong. El título hace referencia al rey mono Goku (Sun Wukong) y al antiguo nombre chino de la India, Tenjiku. Tenjiku era el destino final de Sun Wukong y del monje Xuanzang/Tripitaka en Viaje al Oeste.
Mahjong-kyou Jidai - AV Gal Seifuku-hen (Japan)	El jugador reta a tres de seis chicas japonesas a una partida de Mahjong. Si gana, las chicas aparecen en escenas de acción real, mostrando su rendimiento según sus puntos restantes.
Mahjong-kyou Jidai Cogal Houkago-hen (Japan)	Los jugadores participan en partidas de Mahjong contra tres damas. Al ganar, se desbloquean vídeos de acción real de ellas desnudándose y posando desnudas para divertirse.
Makaroni Hourensou Interactive (Japan)	Macaroni Houren Shou Interactive es un juego de Aventuras, publicado por Toshiba EMI, y que lanzado en Japón en 1995.
Mazer (USA)	En Mazer, el jugador puede elegir entre uno de los cuatro soldados encargados de liberar a la Tierra del opresivo mandato de una raza alienígena conocida como los Semag-Resal, quienes tienen una red de bases repartidas por todo el planeta. Para empeorar la situación, han desarrollado cyborgs que pueden imitar perfectamente a seres humanos e infiltrarse en los escondites rebeldes para exterminarlos.
MegaRace (USA, Korea) (En,Fr,De,Es,It)	Virtual Television nos ha dado la oportunidad de hacer cosas que no podemos hacer realidad en la vida cotidiana: correr a través de 14 pistas fantásticas en 5 entornos diferentes en un lugar totalmente virtual donde podéis mataros unos a otros con bastante facilidad. Dispones de 8 coches diferentes entre los que elegir. En cada pista verás algunos símbolos que pueden hacer que tu coche acelere, desacelere o incluso explote, como dice tu megapresentador Lance Boyle: &quot;¡Quién sabe, a quién le importa!. Todo lo que ves en MegaRace es virtual y nadie muere allí. ¡Entonces Diviertete!&quot;
Microcosm (USA)	En Microcosm, ambientado en 2051, dos mega-corporaciones, CyberTech y Axiom, luchan por la supremacía en un mundo superpoblado y contaminado. Axiom infecta al presidente de CyberTech, Anton Korsby, con un virus mortal. Tu misión es pilotar una nave dentro de su cuerpo, destruir el virus y derrotar a Grey M, la entidad que controla su cerebro. Inspirado en la película Fantastic Voyage, el juego es un shooter 3D donde recorres distintas partes del cuerpo humano, enfrentándote a virus y naves enemigas mientras recolectas potenciadores y mejoras tu nave. El objetivo final es salvar a Korsby antes de que el virus lo destruya. Microcosm destaca por sus gráficos fractales en alta resolución, que simulan las paredes de venas y arterias, además de su música digital y efectos de sonido envolventes, ofreciendo una experiencia visual y auditiva innovadora para su época.
Mind Teazzer (USA)	El juego se divide en tres tipos de rompecabezas. Primero, el jugador elige a una de nueve estrellas porno femeninas. Cada actriz porno tiene una foto y un videoclip relacionado con ella. Esta imagen puede convertirse en un rompecabezas, un rompecabezas deslizante o un juego de memoria donde, al emparejar cada carta y desaparecer, se revela más de la imagen de fondo. Al completar cualquiera de estos tres rompecabezas, se desbloquea un videoclip pornográfico suave de una película de Vivid Video.
Mirai Shounen Conan - Digital Library (Japan)	Mirai Shounen Conan Digital Library es un disco multimedia que presenta el anime japonés Future Boy Conan. Los espectadores pueden ver episodios de Conan: el niño del futuro a través de un menú de navegación, seleccionando episodios específicos de la versión oceánica de la serie. Para quienes sientan curiosidad por los personajes, ubicaciones, vehículos, armas y más, hay una sección de Enciclopedia, aunque está completamente en japonés. Además, el disco incluye dos mini juegos: Patapata, una versión simplificada de una máquina tragamonedas donde los jugadores deben juntar tres fragmentos de imágenes, y Puzzle, un tradicional juego de rompecabezas deslizante donde se deben organizar las piezas para formar una imagen completa en una cuadrícula de 4x4.
Montana Jones (Japan)	Montana Jones es un juego de Acción, publicado por Future Pirates, que fue lanzado en Japón en 1995.
Moon Cradle - Igyou no Hanayome (Japan)	Moon Cradle es un juego de aventuras y misterio que utiliza videos de acción real para las cinemáticas y una perspectiva isométrica fija durante el juego. El jugador controla directamente al personaje, mientras que acciones como &quot;buscar&quot;, &quot;hablar&quot; o &quot;usar&quot; se seleccionan a través de un menú.
Murphy da yo Zen'in Shuugou!! (Japan) (En,Ja)	Murphy Dayo Zenin Shuugou!! es un juego japonés bastante inusual. Está dedicado a las leyes de Murphy, las llamadas leyes de la mezquindad. Esto significa que, si existe la más mínima posibilidad de que algo salga mal, ciertamente saldrá mal. Aún más inusuales son los gráficos del juego, dibujados al estilo de ilustraciones de MS Paint.
Myst (USA)	En Myst, encuentras un misterioso libro que describe una isla con asombroso detalle. Al tocar sus páginas, eres transportado mágicamente a la isla misma, donde, como El Extraño, debes explorar y resolver sus enigmas. Este clásico de aventuras point-and-click en primera persona presenta escenarios estáticos donde interactúas con el entorno usando un cursor. No hay enemigos ni peligro de morir; el desafío radica en descifrar los secretos de la Isla Myst y acceder a mini-mundos, llamados Edades, a través de libros mágicos situados en distintas épocas. La versión de PSP incluye nuevos escenarios y soporte para pantalla panorámica. La versión de DS añade la Edad de la Escarcha, junto con efectos de sonido remasterizados y clips de vídeo mejorados.
N.O.B. (Neo Organic Bioform) (Japan)	N.O.B. Neo Organic Biofarm es un juego de Estrategia, publicado por Sanyo, que fue lanzado en Japón en 1995.
Naoko to Hide-bou - Kanji no Tensai 1 - Bushu-hen, Bushu no Namae ga Tanoshii Chou Kioku-hou (Japan)	Este es un software para aprender kanji diseñado para estudiantes de los primeros grados de primaria. Está creado para mejorar la eficacia del aprendizaje ofreciendo una experiencia de lectura similar a un manga.
Naoko to Hide-bou - Sansuu no Tensai 2 - Hayasa no Bunshoudai Tsuukasan Part I (Japan)	La segunda entrega de los títulos educativos de Gakuman para niños enseña conceptos básicos de aritmética, centrándose en el tiempo y la distancia. Los jugadores deben resolver preguntas como cuántos minutos tomarán dos trenes con velocidades diferentes en alcanzarse cuando parten de diferentes estaciones en la misma línea recta.
Nemurenu Yoru no Chiisana Ohanashi (Japan)	Nemurenu Yoru no Chiisana Ohanashi (traducido como &quot;Pequeñas historias para noches de insomnio&quot;) es un juego de aventuras apto para niños, inspirado en la animación original del mismo nombre. La historia gira en torno a Neko-kun, un gato que vive en una pintoresca isla junto a compañeros animales y humanos. La trama se desarrolla cuando Neko-kun encuentra una pequeña estrella que ha caído a la Tierra y trata de ayudarla a recuperarse de sus heridas.
NeuroDancer - Journey into the Neuronet! (USA)	Navegue por NeuroNET pirateando el mundo prohibido del oscuro misterio, el peligro y la sensualidad. Utilice su VidFone y OrbCAM para obtener suficientes créditos para interactuar con los sensuales NEURODANCERS que deambulan por las redes informáticas en busca de participantes dispuestos. Un viaje interactivo a un reino donde se cumplen sus deseos.
NFL Madden Football (Japan)	John Madden y la NFL (National Football League, Liga Nacional de Fútbol americano) se han unido para crear John Madden Football, diseñado específicamente para la sistema multijugador interactivo 3DO. Disfrutarás la jugabilidad probada del juego de fútbol americano de 16-bits más vendido de todos los tiempos, con nuevos gráficos digitalizados, sonido con calidad CD y más de 100 vídeos reales de NFL Films. ¡Ponte en uniforme y experimenta el único juego que te ofrece acción real de la NFL!
Nice Body - For Professional Use (Japan)	Este juego es una simple simulación de máquina tragaperras, con hermosas chicas esperando al ganador. ¿Lograrás desvestirlas a todas?
Night Trap (USA, Europe) (Disc 1)	Cinco chicas acuden a una fiesta en una bonita casa junto a un lago. Cinco chicas desaparecen sin dejar rastro... Ahora, otras cinco chicas irán allí para pasar sus vacaciones con los Martin, los dueños de la casa, en particular con la adorable señora Martin. ¡Esta vez no debes permitir que sufran una terrible muerte! Porque la gente simpática puede a veces convertirse en... vampiros. Toda la casa está plagada de trampas, diseñadas para atrapar a las inocentes chicas y que los vampiros puedan chuparles la sangre. ¡Por suerte, un bravo aventurero se encuentra allí para dejar de ser la presa y convertirse en el cazador!. Coloca las trampas para que capturen a los propios villanos, siendo preciso y organizado. Night Trap (Trampa Nocturna) fue el primer juego en utilizar Video Real (FMV, Full-Motion Video) con actores reales. Aunque no contenía desnudos o escenas particularmente sangrientas, fue considerado uno de los primeros juegos con contenido para adultos.
Nishimura Kyoutarou Travel Mystery - Akugyaku no Kisetsu - Tokyo ~ Nanki-Shirahama Renzoku Satsujin Jiken (Japan) (Disc 1)	Nishimura Kyoutarou Travel Mystery: Akugyaku no Kisetsu - Tokyo~Nanki Shirahama Renzoku Satsujin Jiken es un juego de Aventuras, desarrollado por TOSE y publicado por Pack-In-Video, que fue lanzado en Japón en 1994.
Nobunaga no Yabou - Haouden (Japan)	Nobunaga no Yabou es un juego de estrategia histórico-militar. Usted es transportado al Japón medieval en el siglo XVI, un país desgarrado por los señores de la guerra que luchan por las provincias. Juega como Oda Nobunaga, uno de los samurais más famosos de Japón, que dedicó su vida a unificar esta nación oriental. Hay tres escenarios disponibles: 1551 - El ascenso de Nobunaga, 1568 - la campaña contra Kyoto y 1582 - La muerte de Nobunaga.
Nontan to Issho - Hoshi no Okurimono (Japan)	Nontan To Issho - Hoshi No Okurimono es el segundo juego de entretenimiento educativo de la serie Nontan to Issho, dirigido a preescolares. El juego consiste principalmente en minijuegos diseñados para enseñar diversas habilidades a los jóvenes jugadores.
Nontan to Issho - Nohara de Asobo (Japan)	La primera entrega de la serie Nontan to Issho es un juego educativo diseñado para niños en edad preescolar. Protagonizado por el adorable gato Nontan y sus amigos, el juego ofrece tres mini juegos diferentes. A través de secuencias animadas interactivas, los pequeños jugadores aprenden a decir la hora, reconocer las estaciones y contar. El juego brinda una experiencia visualmente atractiva, permitiendo a los niños comprender estos conceptos sin necesidad de saber leer.
Nova-Storm (Japan)	Una perspectiva desde atrás del sueño de un tirador: Destruye a tus enemigos con un telón de fondo cinematográfico. Acaba con los luchadores controlados por ordenador antes de que se apoderen del mundo. A diferencia de las películas interactivas de acción de primera generación, Novastorm tiene ganchos en el entorno; si te mueves en la trayectoria de un obstáculo pre-renderizado y éste te &quot;golpea&quot;, recibes daño, etc.
Novastorm (USA)	Una perspectiva desde atrás del sueño de un tirador: Destruye a tus enemigos con un telón de fondo cinematográfico. Acaba con los luchadores controlados por ordenador antes de que se apoderen del mundo. A diferencia de las películas interactivas de acción de primera generación, Novastorm tiene ganchos en el entorno; si te mueves en la trayectoria de un obstáculo pre-renderizado y éste te &quot;golpea&quot;, recibes daño, etc.
Oceans Below (USA)	Experiencia de buceo multimedia: 17 sitios de buceo en total con metraje de video original, narración, fotos a color, música, gráficos y texto. Explora el Caribe, la costa de California, el Mar Rojo, Hawái, el Pacífico Sur, Australia, el Mar de Cortés y las Galápagos. Más de 200 segmentos de video y más de 125 fotografías que cubren vida marina, restos de aviones, naufragios y más. Aprende sobre espectaculares reliquias del pasado al descubrir algunos de los 68 tesoros hundidos escondidos en el programa.
Off-World Interceptor (USA, Europe)	Tomas el papel de Trashman, un cazarecompensas pagado para capturar escoria criminal que se esconde en duros mundos alienígenas. Tu trabajo es perseguir a los jefes criminales, mientras destruyes a sus secuaces por el camino. Sé destruido o pilota muy lento y el jefe se escapará. Pero si llegas a los puntos de control a tiempo, bloquearás la vía de escape del jefe criminal y le atraparás en el planeta. Puedes mejorar tu vehículo con el dinero obtenido en las capturas. También puedes competir contra un amigo en el modo combate a muerte (deathmatch) en pantalla partida vertical. La característica más significativa de Off-World Interceptor es su historia, contada mediante vídeos de imagen real. Era algo estándar para su época, pero los vídeos del juego están compuestos por un par de tipos sentados en sillas, al estilo de Mystery Science Theater 3000 (serie conocida en España como &quot;Misterio en el Espacio&quot;, y emitida entre 1988 y 1999).
Olympic Games (Europe) (Demo)	Fue el primer verdadero juego deportivo en 3D con múltiples eventos, que incluía 15 disciplinas deportivas (100 metros, 400 metros, 100 metros estilo libre, lanzamiento de jabalina, lanzamiento de martillo, lanzamiento de disco, salto largo, salto triple, salto de altura, salto con pértiga, esgrima, pistola de fuego rápido, levantamiento de pesas, tiro con arco, tiro al plato), que imitaban los eventos de los juegos reales de Atlanta '96.
Olympic Soccer (USA) (En,Fr,De,Es,It)	Aunque los torneos de fútbol eran habitualmente minimizados no sólo en el movimiento Olímpico, sino también por la comunidad seguidora del fútbol, en 1996, con ocasión de los XXVI Juegos Olímpicos en Atlanta, US Gold decidió lanzar un juego representado el torneo.
Olympic Summer Games (USA)	Fue el primer verdadero juego deportivo en 3D con múltiples eventos, que incluía 15 disciplinas deportivas (100 metros, 400 metros, 100 metros estilo libre, lanzamiento de jabalina, lanzamiento de martillo, lanzamiento de disco, salto largo, salto triple, salto de altura, salto con pértiga, esgrima, pistola de fuego rápido, levantamiento de pesas, tiro con arco, tiro al plato), que imitaban los eventos de los juegos reales de Atlanta '96.
Oneesan to Issho! Janken Paradise (Japan)	En Onee-san To Isshoo! Shanken Paradise, juegas partidas de &quot;Piedra, Papel o Tijera&quot; strip con chicas bonitas. En cada ronda, puedes seleccionar contra cuántas de las chicas quieres jugar y contra quién.
Oneesan to Issho! Kisekae Paradise (Japan)	En Kise Kae Paradise, los jugadores asumen el papel de un soltero en busca de compañía. Interactúan con tres chicas: Emi, Mai y Mari, con el objetivo de establecer una relación. Para iniciar la relación, los jugadores visitan la casa de la chica elegida y participan en un diálogo de opciones múltiples. La fuerza de la relación depende de las elecciones de diálogo, fortaleciendo la relación con buenas elecciones y debilitándola con malas decisiones. Además, los jugadores tienen la oportunidad de espiar a la chica en su habitación, desbloqueando videoclips eróticos como recompensa.
Orbatak (USA) (Arcade CD-ROM)	Un prototipo del lanzamiento exclusivo de arcade Orbatak para 3DO. Orbatak es un juego contrarreloj en el que el jugador controla esferas para enfrentarse y combatir contra otras esferas.
Oukoku no Grand Chef (Japan)	Oukoku no Grand Chef es un juego de rol publicado por Sara International, lanzado en Japón en 1996. Este juego es un RPG clásico por turnos completamente en 3D.
Out of This World (USA)	Another World (&quot;Otro Mundo&quot;) lleva la magia del cine a los juegos de acción/aventura. Con gráficos poligonales animados por rotoscopia, fondos pintados a mano, efectos de sonido y banda sonora para 3DO, ofrece una experiencia interactiva única. Encarnas a un profesor lanzado a través del espacio y tiempo por un experimento fallido, y debes evitar monstruos, terremotos y otros obstáculos usando habilidad e ingenio para sobrevivir en este paisaje alienígena.
Outer World (Japan)	Another World (&quot;Otro Mundo&quot;) lleva la magia del cine a los juegos de acción/aventura. Con gráficos poligonales animados por rotoscopia, fondos pintados a mano, efectos de sonido y banda sonora para 3DO, ofrece una experiencia interactiva única. Encarnas a un profesor lanzado a través del espacio y tiempo por un experimento fallido, y debes evitar monstruos, terremotos y otros obstáculos usando habilidad e ingenio para sobrevivir en este paisaje alienígena.
Oyaji Hunter Mahjong (Japan)	El cazador Oyaji tiene la misión de salvar a las chicas guapas de los hombres indecentes. La historia se presenta con escenas animadas. Los combates reales entre Oyaji Hunter y sus oponentes adoptan la forma de partidas de Mahjong. Si el jugador consigue una puntuación más alta en un turno, tiene la oportunidad de hacer un minijuego de azar que le permite multiplicar la puntuación que determina la cantidad de daño que hace a su oponente.
Paddock Note '95 (Japan)	Paddock Note '95 es una simulación de carreras de caballos. Puedes seguir la carrera en la pantalla.
Panzer General (USA, Germany)	Es hora de resucitar acontecimientos históricos. Panzer General fue uno de los primeros juegos (si no el primero) que te deja jugar en el bando Nazi, y conseguir la victorio donde Hitler falló. En este juego tendrás un control total y completo sobre las unidades terrestres, marítimas y aéreas, debes derrotar a los &quot;Allied dogs&quot; tan rápido como puedas (para obtener la mayor de las victorias), o más lento que en la historia (para conseguir la peor victoria).
PaTaank (USA, Europe)	Si alguna vez has pensado en lo que se siente ser la pelota en una máquina de pinball, jugar PaTaank podría darte una idea. En lugar de aletear las aletas, el jugador controla la pelota, o en PaTaank, un disco en forma de OVNI alrededor de las tres mesas diferentes. Las tablas se llaman Surf Room, Luv Room y Disaster Room y están conectadas entre sí a través de Nexus. El jugador puede elegir jugar una habitación o en el modo MetaGame, todos ellos en secuencia. Cada habitación tiene un objetivo y en el modo MetaGame, el jugador debe alcanzar ese objetivo para avanzar a la siguiente habitación a través del Nexus. Al igual que cualquier pinball, hay objetivos, túneles, bloques y todo tipo de cosas intermitentes que aumentan la puntuación, iluminan letras o otorgan artículos de bonificación. Además del control de inercia del disco, el jugador puede aplicar empuje, que es limitado, y activar magnetos, que se encuentran dispersos por la sala.
Pebble Beach Golf Links (USA, Korea)	Hasta seis jugadores pueden jugar una partida de golf en el mundialmente famoso campo de golf de Pebble Beach en Sega Sports 'Pebble Beach Golf Links. Cuenta con siete modos de juego que incluyen Torneo, Stroke Play, Skins Play y Match Play, y narración y estrategia del profesional de golf Craig Stadler. También tiene la opción de crear su propio jugador y seleccionar su propio conjunto personalizado de palos de golf para desafiar a Craig Stadler y otros jugadores de IA en el campo. Las estadísticas, como las desventajas y los registros del curso, se rastrean a lo largo del juego. Además, si alguna vez te cansas de enfrentarte a tus amigos y a la IA, puedes jugar el juego en el Modo Reloj y simplemente relajarte y ver a Craig Stadler competir en el campo de Pebble Beach.
Penthouse Interactive - Virtual Photo Shoot Vol. 1 (Japan)	Eres un fotógrafo que quiere trabajar para Penthouse. Crea un pictorial sexy ideal para tu portafolio y, si eres contratado, prepárate para realizar la sesión fotográfica de tu vida.
Perfect General, The (USA)	Este juego de estrategia militar comprende al Ejército Azul luchando contra el Ejército Rojo. El juego contiene tanto un modo Campaña como un modo Torneo. En el modo Campaña, el jugador combate a través de varios mapas completando misiones. Se le dan unos fondos iniciales que puede gastar en adquirir tropas y vehículos. Una vez las unidades son colocadas en el mapa, el jugador dispondrá de un turno para moverlas o disparar al adversario. El movimiento se realiza en una rejilla hexagonal. El modo Torneo es el equivalente a un modo de exhibición. El jugador puede escoger luchar contra la computadora, otro jugador, o incluso ver a la computadora luchar contra si misma. En este modo el jugador también puede configurar varios parámetros y seleccionar en qué mapa jugará. Existe también un juego de bonificación, que es como un versión de 8 jugadores de Bomberman, pero con tanques.
Perfect World - Combat in a Digital World (Japan)	En el futuro, la humanidad ha sido esclavizada en una simulación de realidad virtual conocida como Perfect. Esta simulación está controlada por una entidad llamada Perfect1, y debe ser destruida para desactivar el sistema. Eres el Inmercenario Número Cinco, y tu misión es lograrlo. Desde un laboratorio secreto te conectas a la simulación, que te envía a un lugar en Perfect conocido como el Jardín. Cada entidad en el juego tiene un rango que determina sus capacidades ofensivas y defensivas. Comienzas en el rango 255, el más bajo, y debes ascender en los rangos para derrotar a Perfect1, quien ocupa el rango número 1. Para lograrlo, debes destruir Rithms de rango superior, que es como se llaman las otras entidades en el juego. Para superar ciertos rangos, es necesario destruir Rithms únicos que ocupan altos lugares en la jerarquía de Perfect.
Peter Frankl - Puzzle no Tou (Japan)	En Peter Frankl: Puzzle no Tō, los jugadores exploran la misteriosa calle Frankl, donde se encuentran con artistas de circo que los desafían con acertijos a cambio de animadas actuaciones. Los jugadores navegan por la calle desde una perspectiva cinematográfica en primera persona, participando en minijuegos en tiempo real. El juego ofrece pistas limitadas y la opción de saltar acertijos para aquellos que busquen ayuda o un ritmo más rápido.
PGA Tour 96 (USA) (RE-1)	PGA Tour 96 fue el último de la serie lanzado para la consola de 16 bits de Sega y tecnológicamente el más avanzado. En lugar de ofrecer varios cursos genéricos, los tres disponibles (Spyglass Hill, Sawgrass y River Highlands) están en 3D, con diferencias de altura visibles (así como lo permiten las limitadas capacidades 3D de la consola). El jugador puede optar por jugar como uno de los 10 profesionales de la PGA (cuyos swings se digitalizaron) o convertirse en profesional: el juego realiza un seguimiento de las estadísticas (impulso más largo, precisión de conducción, mejor ronda, etc.), un juego (Torneo, Strokeplay , Skins, Match y Shootout), así como una repetición.
Phoenix 3 (USA)	Phoenix 3 es una aventura de ciencia-ficción con dos estilos de juegos completamente diferentes. La mitad del tiempo es un juego de disparos de desplazamiento lateral y ritmo lento, mientras la otra mitad es un combate espacial en 3D, similar a Wing Commander. Phoenix 3 contiene escenas de vídeo real que narran la historia. La mayor parte del juego tiene lugar en el planeta Galeath. Galearth ha estado en paz durante siglos, pero ahora es amenazado por unos invasores alienígenas conocidos comos los Gral. En el papel de Derek Freeman, debes descubrir una antigua arma conocida como el Talon, capaz de derrotar a los Gral.
Plumbers Don't Wear Ties (USA)	John es un plomero que está buscando el amor. Su búsqueda lo lleva a la casa de Jane, una rubia con problemas familiares. John siempre ha tenido bastante éxito en el pasado, y esta parece ser otra oportunidad para &quot;tender tuberías&quot; y &quot;desatascar algunos conductos bloqueados&quot;. Plumbers Don't Wear Ties es una simulación de citas estilo &quot;historia interactiva&quot;. Después de una introducción en video, los jugadores ven fotografías de varios personajes y lugares mientras los actores interpretan las voces de la situación. En ciertos puntos clave de la trama, John puede elegir su próxima acción de una lista de opciones. Si tiene éxito, logrará una relación amorosa con Jane. Si falla, los dos se separarán.
PO'ed (USA, Europe)	PO'ed es un juego de acción similar a Doom. Eres un cocinero que debe escapar de un mundo alienígena. Con armas como una sartén y un taladro, debes abrirte camino a golpes a través de niveles llenos de monstruos, uno de ellos siendo un trasero caminante (sí, no es broma). Uno de los objetos más útiles en el juego es una mochila propulsora que debes usar con frecuencia para explorar niveles y llegar a lugares donde ningún cocinero espacial ha llegado antes.
Policenauts (Japan) (Disc 1)	En Beyond Coast, la humanidad establece su primera colonia espacial en 2010. Tres años después, cinco policías de élite, incluido Jonathan Ingram, son seleccionados para protegerla. Durante una patrulla, Jonathan es dado por muerto tras ser absorbido al espacio. Sin embargo, 25 años después, es descubierto vivo en una cápsula de escape, aparentando ser joven aunque tiene 55 años. Jonathan intenta reconstruir su vida como detective privado en la Tierra. Un día, su exesposa le pide ayuda para encontrar a su marido desaparecido, pero ella muere en un atentado. Decidido a cumplir su último deseo, Jonathan regresa a Beyond Coast. Este juego, una semi-secuela de Snatcher, combina una aventura de estilo cómic/anime con secuencias de disparos. Los jugadores interactúan con objetos y personajes pulsando opciones, y usan un cursor para apuntar a enemigos durante tiroteos.
Policenauts - Pilot Disk (Japan)	En Beyond Coast, la humanidad establece su primera colonia espacial en 2010. Tres años después, cinco policías de élite, incluido Jonathan Ingram, son seleccionados para protegerla. Durante una patrulla, Jonathan es dado por muerto tras ser absorbido al espacio. Sin embargo, 25 años después, es descubierto vivo en una cápsula de escape, aparentando ser joven aunque tiene 55 años. Jonathan intenta reconstruir su vida como detective privado en la Tierra. Un día, su exesposa le pide ayuda para encontrar a su marido desaparecido, pero ella muere en un atentado. Decidido a cumplir su último deseo, Jonathan regresa a Beyond Coast. Este juego, una semi-secuela de Snatcher, combina una aventura de estilo cómic/anime con secuencias de disparos. Los jugadores interactúan con objetos y personajes pulsando opciones, y usan un cursor para apuntar a enemigos durante tiroteos.
Powers Kingdom (Europe)	En Guardian War, un RPG japonés clásico, juegas como un golem guardián enfrentándote a las fuerzas de Azrael, el Señor del Mal. Tu misión es derrotar a monstruos en un mundo invadido, revivir a otros golems para unirse a tu grupo y, finalmente, vencer a Azrael. Cada golem tiene habilidades únicas: el Clérigo domina la Magia de la Luz, mientras que el Arquero destaca en ataques a distancia. El mundo está dividido en terrenos visibles en un mapa, donde se indican las áreas ocupadas por enemigos. Las tiendas solo están accesibles desde el mapa principal. Al seleccionar un terreno, los golems exploran un mapa semi-3D, recolectando tesoros y enfrentándose a enemigos. Las batallas ocurren en el mismo mapa en combates por turnos, sin una pantalla separada. Fuera de combate, controlas al grupo completo, pero durante las peleas, cada miembro es manejado individualmente. Este sistema combina exploración, estrategia y progresión clásica de RPG.
Pretty Soldier SailorMoon S (Japan)	Bishojou Senshi Sailor Moon S (Pretty Soldier Sailor Moon S) es un juego de lucha en 2D para la consola multijugador interactiva 3DO, presentando a nueve Sailor Senshis (Sailor Saturn -Saturno- no está disponible) y basado en la temporada de Sailor Moon S. Cada Senshi tiene un juego de ataques especiales. Una cámara virtual se acercará durante las batallas, aproximándose a los luchadores y alojándose de ellos en otras ocasiones. La escena de introducción combina sprites 2D con animación 3D.
Primal Rage (USA, Europe)	Un meteoro ha impactado la tierra y causado gran caos. Siete dioses ancestrales han despertado y ahora intentan tomar control del mundo post-apocalíptico. Primal Rage es un juego de combate con dinosaurios o monos gigantes como luchadores. Los gráficos fueron realizados por medio de animación Stop-Motion digitalizada. El combate es similar al experimentado en Mortal Kombat, con una perspectiva lateral y con la posibilidad de ejecutar movimientos definitivos al final del combate.
Princess Maker 2 (Japan)	En Princess Maker 2 asumes el papel de un héroe que, tras salvar a la humanidad, recibe de los dioses la responsabilidad de criar a un niño enviado desde el cielo. Ese niño se convierte en tu hija, y la acompañas durante ocho años para guiarla en la dirección que elijas para ella. Puedes asignarle trabajos y enviarla a la escuela para desarrollar sus habilidades, como fuerza, artes marciales, cocina o fe, mientras equilibras su estrés, salud y las finanzas. También puede vivir aventuras en la naturaleza y luchar contra monstruos si es lo suficientemente fuerte. Tus decisiones durante el juego determinarán su camino en la vida, sus logros, relaciones y destino. Con numerosos finales posibles, el futuro de tu hija depende de ti.
Pro Stadium (Japan)	Pro Yakyuu Virtual Stadium es un simulador deportivo del juego americano favorito: el béisbol para Panasonic 3DO de Electronic Arts . De la serie Virtual Stadium . El juego está bastante bien, buenos gráficos en 3D y una jugabilidad clara. Después de algunos juegos, incluso un jugador sin experiencia podrá comprender las reglas. En el juego puedes elegir entre 14 equipos y 11 estadios de béisbol. Además de varios modos de juego, hay una gran cantidad de configuraciones. Desafortunadamente, el juego está completamente en japonés.
Pro Yakyuu Virtual Stadium - Professional Baseball (Japan)	Utilizando las mecánicas de Triple Play 96 de EA, Pro Yakyū Virtual Stadium: Professional Baseball ofrece una experiencia auténtica con jugadores y estadios reales de la liga. Los jugadores pueden disfrutar de varios modos, como partidos de exhibición, temporadas y playoffs, con la función adicional de respaldo por batería para rastrear estadísticas en 25 categorías. También es posible crear tu propio jugador de béisbol y usarlo en el juego o enfrentarte a hasta cuatro amigos.
Psychic Detective (USA) (Disc 1)	Este juego es un punto de vista innovador de las películas interactivas. Eres Eric Fox, un detective psíquico que puede transmitir su yo psíquico a otros, para ver a través de sus ojos y oír a través de sus oídos. De esa forma podrás descubrir pistas que serían imposibles de obtener de otro modo. El juego tiene distintos finales. Es una historia oscura, y mucha gente podría no querer jugarlo de nuevo.
Puppet Tale (Japan)	En Puppet Tale, los jugadores se embarcan en una aventura como un zorro de peluche que cobra vida dentro de una tienda de juguetes. A través de un portal, el zorro es enviado a un bosque distante, donde conoce a varios habitantes mientras busca su lugar en el mundo. Con una jugabilidad relajada que incluye elecciones de diálogo y exploración, los jugadores guían al zorro en un viaje de autodescubrimiento.
Putt-Putt Goes to the Moon (USA)	Cuando Putt-Putt visita la fábrica de fuegos artificiales, un resbalón de la pata de Pep lo envía disparado hacia la luna. Una vez allí, debe reunir las piezas de un cohete para que Pep y él regresen a la Tierra.
Putt-Putt Joins the Parade (USA)	Putt-Putt, un adorable coche morado, quiere unirse al Desfile de Cartown. Pero primero debe ganar dinero para un lavado de autos, encontrar un globo y conseguir una mascota (Pep, el cachorro). Los niños de 3 a 8 años se divierten entregando comestibles y cortando el césped, mientras aprenden valiosas lecciones como esperar la luz verde antes de cruzar la calle. Además, cada pantalla está llena de cosas divertidas para hacer clic.
Putt-Putt's Fun Pack (USA, Korea)	Una colección de juegos de reflexión inspirados en los clásicos minigolf, como las damas, el pinball y el tres en raya. Diseñados para divertirse sin violencia en días de lluvia para los más pequeños.
Puzzle Bobble (Japan)	Puzzle Bobble (o Bust-A-Move) es el sucesor del clásico Bubble Bobble. Tu objetivo en cada nivel es apuntar y disparar burbujas de colores, con el objetivo de juntar 3 del mismo color para hacerlas desaparecer. El juego incluye un modo para dos jugadores simultáneos en el que cada uno intenta ser el primero en romper todas las burbujas.
Pyramid Intruder (Japan)	En el año 2035, la humanidad descubre una pirámide gigante en el planeta Marte. Resulta que fue creado por la antigua gente de Mu, cuya avanzada civilización había sido olvidada por la Tierra, y que contraatacan tras la intrusión de la humanidad. El jugador toma el control de un barco que lidera la resistencia volando directamente hacia la pirámide. Pyramid Patrol es un juego de disparos ferroviario basado en FMV muy tradicional. La nave del jugador y los pequeños enemigos son sprites, mientras que las etapas se presentan usando FMV de pantalla completa almacenado como video de disco láser. Pyramid Intruder, el puerto 3DO, mejora el juego original al cambiar de una perspectiva en primera persona a una vista desde atrás del barco para poder esquivar enemigos; también agrega nuevos niveles 3D en tiempo real entre los niveles originales.
Quarantine (USA) (En,Fr,De,Es) (RE)	En Quarantine (Cuarentena), juegas el papel de un taxista desesperado por escapar de la violenta ciudad-prisión de Kemo. Lleva pasajeros a sus destinos, gana dinero para mejorar tu taxi, y lleva a cabo misiones como infiltrado con la esperanza de encontrar alguna forma de salir de allí. Un impresionante despliegue de armamento en tu taxi te ayudará a sobrevivir.
Quarterback Attack (USA)	Quarterback Attack es el primer simulador profesional de quarterbacks (el jugador de ataque en el fútbol americano). Te pone en el lugar de un quarterback real. No te limitas a controlarlo, tú ERES el quarterback! En un estadio repleto de fans gritando, estás al mando -marcando las jugadas, esquivando las defensas, lanzando los pases. Fastídialo y tendrás que responder ante el entrenador: Iron Mike Ditka!
Real Pinball (USA)	Real Pinball es una conversión de las propias máquinas de juego con cinco mesas diferentes para escoger, en las que el principal objetivo es conseguir el mayor número de puntos posible utilizando el mando de control para manejar los pulsadores (flippers) de la máquina. El juego presenta gráficos realistas que asemejan una máquina real.
Return Fire (USA)	Return Fire (Devolver los Disparos) es el sucesor espiritual de Fire Power (Potencia de Fuego), y encaja tanto en el género de estrategia como en el de acción. Tomarás el control de uno de 4 posibles vehículos: un jeep, un helicóptero, un tanque y un vehículo lanzamisiles (pero llamado de hecho Vehículo Armado de Soporte). Existen dos maneras de ganar, siendo la más sencilla capturar la bandera enemiga trayéndola a tu bunker mediante el frágil jeep. Este sería tu objetivo principal. La otra forma de ganar es destruyendo a tu enemigo, el objetivo secundario.
Return Fire - Maps O' Death (USA)	Return Fire: Maps O 'Death es un complemento para el Return Fire original con más de 100 nuevos niveles para elegir con una variedad de entornos que incluyen playas de arena masiva, guerra de agua y áreas muy pobladas. Todavía es compatible con dos jugadores para la guerra cara a cara y un sistema de contraseña para acceder a los niveles.
Rise of the Robots (USA)	Rise of the Robots es un juego de lucha en 2,5D. Juegas como el cyborg Eco35-2, mitad hombre mitad robot, creado por la empresa Electrocorp, para contrarrestar el motín que se está gestando en su fábrica Metrópolis 4, tras la reprogramación de ciertos robots inyectándoles el virus EGO, haciéndoles conscientes de su situación y, por tanto, agresivos. Tendrás que luchar contra ellos uno a uno en batallas de duelo para detener esta rebelión. El título pretendía ser gráficamente revolucionario. Pero aunque los robots luchadores son bastante simpáticos (con sprites en 3D transcritos en un universo 2D), los escenarios sólo están en aburrido 2D estático. Además, la animación en el juego es lenta, incluso bastante &quot;pesada&quot;, lo que repercute directamente en el manejo. La lentitud de tu robot y el poder variable de los enemigos (hasta el punto de que algunos robots son ultrapotentes y te atomizan en dos disparos) desequilibran rápidamente los combates.
Road & Track Presents - OverDrivin' (Japan)	Conduce algunos de tus coches deportivos favoritos a través de circuitos salvajes y rápidos, incluyendo el Dodge Viper, Lamborghinis, Ferraris, Porches, Corvettes, el Mazda RX7, el Toyota Supra Turbo, y el Acura NSX. Algunos de los circuitos son carreteras abiertas, lo que significa que conducirás a toda velocidad a lo largo de una enorme autopista, con policías persiguiéndote. Una de las opciones del juego es escoger el momento del día en el que compites.
Road & Track Presents - The Need for Speed (USA, Europe)	Conduce algunos de tus coches deportivos favoritos a través de circuitos salvajes y rápidos, incluyendo el Dodge Viper, Lamborghinis, Ferraris, Porches, Corvettes, el Mazda RX7, el Toyota Supra Turbo, y el Acura NSX. Algunos de los circuitos son carreteras abiertas, lo que significa que conducirás a toda velocidad a lo largo de una enorme autopista, con policías persiguiéndote. Una de las opciones del juego es escoger el momento del día en el que compites.
Road Rash (USA)	Esta es una nueva versión del Road Rash original de principios de los noventa. Para aquellos que no han jugado el original, están compitiendo contra otros trece &quot;Road Rashers&quot; que no se detendrán ante nada para ganar el 1er, 2do o 3er lugar. Durante la carrera, tienes dos opciones disponibles: puedes hacer tu mejor esfuerzo para cruzar la línea de meta o usar tu arma para derribar a los Rashers si te están causando problemas. Si haces lo último, tus oponentes te harán lo mismo durante la próxima carrera que tenga lugar. Hay cinco circuitos para competir: la ciudad, la península, la autopista del Pacífico, Sierra Nevada y el valle de Napa. Algunos de estos circuitos son peligrosos. Además de los obstáculos y el tráfico que encuentra en el camino, también hay policías que manejan en bicicleta que lo arrestarán si choca o detiene su bicicleta cerca de ellos, y debe pagar una multa.
Robinson's Requiem (USA)	En un futuro lejano, la humanidad domina el viaje más rápido que la luz, pero la galaxia sigue siendo desconocida. Los &quot;Robinsons&quot;, exploradores forzados considerados peligrosos para la sociedad, son enviados a cartografiar el espacio en naves saboteadas. Tú interpretas a uno de estos Robinsons, varado en un planeta alienígena junto a una mujer con poderes telepáticos, quien conoce una forma de escapar si colaboras con ella. Este RPG en primera persona se centra en la supervivencia y el realismo. Factores como el clima y las heridas influyen en tu estado: puedes enfermar si te mojas con frío o perder un miembro por una infección no tratada. Deberás construir herramientas con los recursos del entorno para sobrevivir. Visualmente, combina sprites pre-renderizados con terrenos generados por voxels, ofreciendo una experiencia inmersiva y única.
Royal Pro Wrestling - Jikkyou Live!! (Japan)	Con más de 30 luchadores profesionales disponibles para elegir, Natsume trae la experiencia de lucha más llena de acción a la 3DO con Royal Pro Wrestling.
Samurai Shodown (USA, Europe)	En los primeros tiempos de Japón, un hombre llamado Shiro Tokisada Amakusa predica una religión herética. Nadie podía imaginar que Amakusa es realmente un siervo del malvado Ambrosia, que ha hecho con el cuerpo de Amakusa. Ambrosia desea envolver el mundo en oscuridad. En la época actual, elige entre 12 guerreros (y otros 3 caracteres extras) para luchar por tener el honor de destruir a Amakusa y completar tu misión.
San Diego Zoo Presents... The Animals!, The (USA)	El juego está dividido en 5 secciones diferentes que se centran en crías de animales, datos sobre animales, hábitats animales, información sobre el Zoológico de San Diego y todo lo relacionado con la conservación de animales en peligro de extinción. El contenido incluye varios videoclips, audios, fotos y artículos.
Sangokushi IV (Japan)	Romance of the Three Kingdoms IV: Wall of Fire (lanzado como Sangokushi IV en Japón) es el cuarto de la serie del romance de los Tres Reinos de los juegos de estrategia por turnos producidos por Koei y basado en la novela histórica Romance de los Tres Reinos. Fue el último juego de la serie que se estrenará en PC en los Estados Unidos hasta el Romance of the Three Kingdoms XI.
Scramble Cobra (USA)	Scramble Cobra es un juego de acción 3D de helicópteros, en el que el jugador pilotará un helicóptero de combate Cobra a lo largo de varios campos de batalla, utilizando su ametralladora Vulcan y sus cohetes hydra para destruir tanques, helicópteros y otras unidades enemigas. Hay diez misiones distintas. El jugador debe completar cada misión en un tiempo máximo determinado. Las misiones consisten principalmente en búsqueda y destrucción de objetivos. La historia es narrada mediante vídeos de imagen real y el juego tiene lugar desde la perspectiva de la cabina del piloto del helicóptero.
Scramble Cobra - Premium Version (Japan)	Scramble Cobra es un juego de acción 3D de helicópteros, en el que el jugador pilotará un helicóptero de combate Cobra a lo largo de varios campos de batalla, utilizando su ametralladora Vulcan y sus cohetes hydra para destruir tanques, helicópteros y otras unidades enemigas. Hay diez misiones distintas. El jugador debe completar cada misión en un tiempo máximo determinado. Las misiones consisten principalmente en búsqueda y destrucción de objetivos. La historia es narrada mediante vídeos de imagen real y el juego tiene lugar desde la perspectiva de la cabina del piloto del helicóptero.
Seal of the Pharaoh (USA)	Seal of the Pharaoh (El Sello del Faraón) es una mezcla de RPG, puzzles y aventura en primera persona. El jugador toma el papel del hijo de un prominente arqueólogo, que descubrió recientemente la tumba perdida de Rassius III, y después desapareció. Ahora depende del jugador encontrarle explorando la tumba, mientras evita las trampas y enemigos que encontrará a su paso. La perspectiva de juego será en primera persona, mientras se mueve por la laberíntica pirámide armado con un garrote, un escudo y un diario. Al progresar debe ir evitando las trampas, pero también utilizando el garrote y el escudo para derrotar enemigos como las avispas gigantes, los escorpiones e incluso urnas encantadas. Se pueden obtener armas y objetos más poderosos explorando a fondo, así como pistas para descifrar el diario, y varios puzzles que deben ser resueltos para poder avanzar.
Secre Fuumin no Omochabako (Japan)	Una mezcla entre Make My Video y Virtual Photographer, donde usas un editor de fotos rudimentario para embellecer fotografías de modelos asiáticas y luego recibes una calificación por tus esfuerzos. Este juego es un creador virtual de carátulas de CD.
Seimei Handan (Japan)	Seimei Handan es uno de los tres juegos únicos de Ariadne que se inclinan más hacia el entretenimiento que hacia las experiencias de juego tradicionales. Los jugadores exploran el mundo de la astrología y la adivinación. Seimei Handan permite a los jugadores ingresar nombres o frases significativas, ofreciendo análisis personalizados basados en los datos introducidos.
Sento Monogatari - Sono I (Japan)	Chizu Monogatari - Sono I Es un simulador de tarot. En el juego, el jugador puede introducir su fecha de nacimiento y para conocer su carta astral, así como su futuro en lo que respecta a la salud, los negocios, el amor y el dinero.
Sesame Street - Numbers (USA)	Este juego está diseñado para ayudar a los niños a aprender habilidades matemáticas básicas, como la suma simple y el aprendizaje a contar. El jugador controla una estrella que puede desplazarse sobre objetos interactivos. La mayoría de los objetos al hacer clic en ellos muestran una breve secuencia de animación. El juego también incluye radios y televisores, que al seleccionarlos permiten al jugador escuchar canciones y ver clips animados de la serie de televisión, respectivamente. El juego cuenta con más de una hora de metraje de la serie de televisión, incluyendo canciones sobre números. También hay un teléfono que el jugador puede usar para llamar a un Muppet y libros que son leídos al jugador. Además, se pueden jugar algunos juegos visitando las residencias de cada Muppet.
Sewer Shark (USA, Europe)	Sewer Shark es un juego de disparos basado en FMV, y uno de los primeros juegos lanzados para el CD Sega. Mueves una cruz alrededor de la pantalla y disparas a los objetivos. Ocasionalmente, también puede elegir cambiar las direcciones en puntos fijos. Por supuesto, la verdadera atracción en un juego como este es la historia. En el futuro, tal vez en el año 2000, las personas se verán obligadas a moverse bajo tierra y vivir en túneles. Desafortunadamente, estos túneles están infestados de criaturas mutantes de rata / caimán conocidas como &quot;ratigadores&quot;. Eres piloto de un tiburón de alcantarilla, una nave diseñada para navegar por las alcantarillas y librarlos de los ratigadores. Es un trabajo peligroso, pero si elimina suficientes alimañas, puede ganar un viaje de ida a Solar City y playas soleadas
Sex (USA)	¿Cómo se mezclan la política de oficina y el sexo? Deja que Nikki Dial, P.J. Sparxx y Crystal Wilder te muestren cómo salieron adelante en el mundo de un hombre.
SHADOW - War of Succession (USA)	El líder de S.H.A.D.O.W., la organización criminal más grande del mundo, ha sido brutalmente asesinado. Desde su vasto imperio criminal, siete de los mejores tenientes del Rey de Shadow lucharán entre ellos. El ganador obtendrá el premio final: el derecho a ser el próximo Rey de Shadow. A los perdedores únicamente les espera la muerte. SHADOW: War of Sucession (SHADOW: Guerra de Sucesión) en un juego de combates con luchadores reales digitalizados. Los caracteres poseen movimientos especiales y armas específicas de cada uno. Este juego utiliza fondos 3D foto-realistas. Escenas de vídeo real, cientos de efectos de sonido digitalizados y voces reales le confieren un increíble nivel de acción.
SHADOW Warriors (Japan)	El líder de S.H.A.D.O.W., la organización criminal más grande del mundo, ha sido brutalmente asesinado. Desde su vasto imperio criminal, siete de los mejores tenientes del Rey de Shadow lucharán entre ellos. El ganador obtendrá el premio final: el derecho a ser el próximo Rey de Shadow. A los perdedores únicamente les espera la muerte. SHADOW: War of Sucession (SHADOW: Guerra de Sucesión) en un juego de combates con luchadores reales digitalizados. Los caracteres poseen movimientos especiales y armas específicas de cada uno. Este juego utiliza fondos 3D foto-realistas. Escenas de vídeo real, cientos de efectos de sonido digitalizados y voces reales le confieren un increíble nivel de acción.
Shanghai - Banri no Choujou - The Great Wall (Japan) (Rev 1)	Otra versión del antiguo juego de Mah-Jong. El jugador se enfrenta a una disposición de fichas, alineadas y apiladas, con 2 o 4 de cada uno de una variedad de patrones. Estas deben ser eliminadas emparejándolas, pero solo se pueden quitar las fichas visibles que tengan un espacio libre a la izquierda o derecha. Esta entrega de la serie Shanghai de Activision incluye tres juegos junto con el Shanghai Clásico. En The Great Wall, las fichas están apiladas verticalmente y caen cuando se eliminan las fichas inferiores, al estilo Tetris. En Beijing, se crean huecos para deslizar grupos de fichas. En The Golden Tile, dos jugadores intentan despejar un diseño fijo al mismo tiempo. La temática triple continúa con tres modos de juego: Solitario, el modo para 2 jugadores &quot;Pandamonium&quot; y Arcade. Tres conjuntos de fichas temáticas completan la &quot;Triple Amenaza&quot;.
Shanghai - Triple-Threat (USA)	Otra versión del antiguo juego de Mah-Jong. El jugador se enfrenta a una disposición de fichas, alineadas y apiladas, con 2 o 4 de cada uno de una variedad de patrones. Estas deben ser eliminadas emparejándolas, pero solo se pueden quitar las fichas visibles que tengan un espacio libre a la izquierda o derecha. Esta entrega de la serie Shanghai de Activision incluye tres juegos junto con el Shanghai Clásico. En The Great Wall, las fichas están apiladas verticalmente y caen cuando se eliminan las fichas inferiores, al estilo Tetris. En Beijing, se crean huecos para deslizar grupos de fichas. En The Golden Tile, dos jugadores intentan despejar un diseño fijo al mismo tiempo. La temática triple continúa con tres modos de juego: Solitario, el modo para 2 jugadores &quot;Pandamonium&quot; y Arcade. Tres conjuntos de fichas temáticas completan la &quot;Triple Amenaza&quot;.
Shelley Duvall's It's a Bird's Life (USA)	Únase a un adorable grupo de loros en una odisea hacia la selva amazónica. Después de un incendio en su casa de Los Ángeles, los pájaros vuelan hacia el sur en busca del paraíso y descubren mucho más. Llegarás a amar a Mowgli, Pearlie, Humpty y al resto del amistoso rebaño mientras vuelas y compartes sus muchas experiencias emocionantes. Mientras disfruta de la historia, explore 60 escenas bellamente ilustradas y animadas para jugar muchos juegos, rompecabezas y otras actividades interactivas. Únase a los cantos y aprenda sobre la geografía mundial, la selva tropical, las nubes y las aves. Escrito y narrado por Shelley Duvall, ¡It's a Bird's Life es una diversión sana para toda la familia!
Shock Wave (USA) (RE1)	El año es el 2019, y la invasión alienígena ha llegado. En un ataque por sorpresa, los alienígenas han diezmado las fuerzas militares de la Tierra. La única esperanza de la humanidad reside en la estación espacial Omaha en órbita sobre el planeta, y su escuadrón de pilotos de F-177. Toma el papel de un miembro sin experiencia del escuadrón para expulsar a los alienígenas de la Tierra. Desde la cabina de tu avión de combate F-177, podrás destruir a los vehículos alienígenas tales como enormes caminantes o pequeñas y rápidas naves espaciales. Utiliza tus láseres o misiles, pero vigila tu munición y combustible, que podrás rellenar en puntos de suministro si lo necesitas. Las diez misiones toman lugar a lo largo de todo el mundo, desde El Cairo a Los Ángeles hasta el Congo. Entre las misiones, escenas de vídeo real irán narrando la historia.
Shock Wave - Operation JumpGate (USA, Europe)	Han pasado 7 años desde que el ataque alienígena a la Tierra fue repelido. Ahora, se han detectado señales de los alienígenas dentro del sistema solar. Una vez más, depende de ti liderar el asalto antes de que los alienígenas lancen su segunda oleada. Esta expansión de Shock Wave te lleva a lugares del sistema solar como Marte, las lunas de Júpiter y Saturno, y el cinturón de asteroides en 5 nuevas misiones que presentan nuevos enemigos. La historia se narra nuevamente a través de cinemáticas con actores reales.
Shockwave 2 - Beyond the Gate (USA) (Disc 1)	Han pasado veinte años desde que los alienígenas fueron expulsados. Cuando un artefacto alienígena es robado, el capitán Flint y su tripulación a bordo de la nave Cortez lo persiguen a través de una puerta de salto, quedando varados en un sistema estelar desconocido. Ahora, Flint debe recuperar el artefacto y encontrar el camino de regreso. En el Cortez, puedes comunicarte con tu tripulación, escanear planetas en busca de misiones y elegir entre tres vehículos: un caza, un aerodeslizador o una torreta fija para dar cobertura. Al completar misiones, los restos alienígenas se analizan y convierten en mejoras para armas y equipos. La historia, contada a través de escenas de acción en vivo, te lleva a explorar seis sistemas estelares con diversas misiones llenas de desafíos.
Shootout at Old Tucson (USA) (RE3) (Arcade CD-ROM)	Shootout at Old Tucson es un juego de acción y aventura ambientado en el Lejano Oeste, inspirado en las películas del género western. El jugador asume el papel de un pistolero u otro personaje que debe enfrentarse a una serie de duelos y situaciones peligrosas en la pequeña ciudad de Old Tucson. El juego presenta una serie de escenarios típicos del Viejo Oeste, como salones, desiertos y caminos polvorientos, donde el jugador debe derrotar a enemigos, resolver acertijos y enfrentarse a desafíos en un entorno clásico de las películas del oeste. La mecánica del juego se centra en tiroteos y duelos, en los que el jugador debe ser rápido y preciso a la hora de responder a los enemigos. El juego ofrece varios modos de juego, entre los que se incluyen tiroteos en tiempo real, e incluye una variedad de misiones que llevan al jugador a interactuar con los personajes, completar objetivos y vivir la experiencia de un auténtico western.
Short Warp - Warp's Short Game Collection (Japan)	La trama de Short Warp se centra en el viaje a través de mundos desconocidos y la interacción con entidades misteriosas, tratando de comprender las leyes de estas dimensiones paralelas y superar los obstáculos que se presentan en el camino. La jugabilidad combina exploración, resolución de puzles y acción, en una experiencia que pone a prueba las habilidades lógicas del jugador mientras se enfrenta a peligros y misterios. El juego destaca por su enfoque original de la narración y por la construcción de un mundo fascinante y complejo, que permite al jugador sumergirse en una aventura de ciencia ficción llena de sorpresas. Los gráficos y el diseño son típicos de los juegos de la época, pero tratan de recrear una atmósfera futurista y misteriosa con escenarios variados.
Slam 'n Jam '95 (USA, Europe)	Slam 'N Jam '95 es un juego de estilo similar al juego arcade Run & Gun y NBA Jam, con un juego de equipo de cinco contra cinco en una perspectiva de estilo 3-D. El juego está orientado a una sensación más arcade en lugar de simulación y no cuenta con ninguna licencia de la NBA, pero se asemeja a los equipos reales y se basa en los mejores jugadores de la época. También presenta los modos obligatorios como Exposición, Playoffs y Temporada y la capacidad de dejar que los amigos se enfrenten cara a cara. Luego, el comentarista deportivo de CNN Van Earl Wright presta sus talentos de voz al juego para comentarios en el juego.
Slayer (USA)	Slayer es una acción RPG en primera persona que utiliza la licencia y las reglas de AD & D 2nd Edition. Elige entre la variedad habitual de razas y clases de personajes de D&D y aventúrate en mazmorras generadas al azar, luchando contra monstruos y encontrando objetos. Los parámetros de mazmorra y la dificultad son personalizables.
SnowJob Starring Tracy Scoggins (USA) (Disc 1)	Asesinatos. Drogas. Sexo. Pandillas. Armas. Bienvenido a la Gran Manzana. Te llamas Jock LaMonte, un ex policía de Nueva York retirado. Vives tranquilamente en Nuevo México cuando descubres que tu exnovia, Lara Calabreze, asistente del fiscal de la ciudad, está en la lista de objetivos de un notorio jefe mafioso conocido solo como Snow Man. Dependerá de ti usar tu ingenio, valentía y encanto para salvar a Lara y acabar con el mal que asola la ciudad de Nueva York. Snow Job es una aventura de apuntar y hacer clic que se juega en primera persona, con la posibilidad de observar 360 grados en un mundo fotorrealista con videos FMV. Debes resolver acertijos, conversar con varios personajes y enfrentarte a minijuegos. La jugabilidad consiste en tres pantallas: una para explorar el entorno en diferentes direcciones desde una posición fija, un inventario y un mapa donde aparecen nuevas ubicaciones.
Soccer Kid (USA)	En Soccer Kid, asumes la tarea de recuperar las piezas dispersas de la Copa del Mundo, después de que fuera robada y destruida por alienígenas. Tu viaje te llevará por diferentes países como Reino Unido, Italia, Rusia, Japón y Estados Unidos. Con un balón de fútbol, derrotas a los enemigos utilizando trucos como cabezazos y chilenas, manteniendo el balón bajo control y superando obstáculos. Para obtener las piezas de la copa, recolectas once tarjetas de jugador en cada región. Tu progreso se puede guardar después de completar cada país, pero no dentro de los niveles individuales. La habilidad y el control preciso del balón son clave para cumplir con la misión.
Sotsugyou - Graduation - Final (Japan)	El cuarto juego de la serie Sotsugyō / Graduation pone nuevamente a los jugadores en el papel de un profesor japonés, encargado de guiar a cinco estudiantes durante su último año de escuela y asegurar su graduación. A través de opciones de menú, los jugadores determinan la eficacia con la que el profesor educa a las estudiantes. El juego incluye actividades como clases, excursiones, sesiones deportivas y obras de teatro. Mantener la disciplina es fundamental para garantizar que el progreso de las chicas se mantenga en buen camino.
Sotsugyou II Special - Neo Generation (Japan)	El juego es la segunda entrega de la serie de juegos Sotsugyou (la tercera fue Wedding Bell). En el juego, el jugador asume el papel de un joven profesor que consigue un nuevo trabajo en una prestigiosa escuela secundaria privada para chicas (Tsinghua Girls High) y debe ayudar a las estudiantes a graduarse para que puedan acceder a la universidad. El jugador puede elegir qué actividades realizarán durante la semana y, los fines de semana, puede asistir a diferentes eventos con alguna de ellas, siempre y cuando la chica acepte salir. Dependiendo de las elecciones del jugador durante el juego, las estadísticas de las chicas al final y la relación que desarrollen con el personaje del jugador, el final del juego será diferente, ya que cuenta con múltiples finales.
Space Ace (USA)	Continuando el exitoso modo de juego de Dragon's Lair, Don Bluth lanza su segunda conversión de la serie de juegos Laserdisc. Juegas en el papel de Dexter, un tipo que lucha contra el malvado loco Borf, quien ha secuestrado a su novia Kimberly y ahora amenaza al mundo con su temible arma, el &quot;Infanto Ray&quot; que convierte los adultos en niños pequeños. El juego simula viñetas de comic -los gráficos son similares a muchas películas de dibujos animados. En cada escena únicamente tendrás que decidir qué dirección del teclado pulsar con el objeto de evitar una de las incontables pantallas de muerte y avanzar a la siguiente escena...
Space Hulk - Vengeance of the Blood Angels (USA)	Space Hulk: Vengeance of the Blood Angels es una mezcla de un juego de disparos en primera persona y un juego de lucha táctico. Se coloca en el fondo Warhammer 40k de los juegos de mesa de Games Workshop. Es el sucesor del juego de PC Space Hulk de 1993 y cuenta la lucha entre los Capítulos Terminator imperiales y los ladrones de genes tiránidos. Controlas hasta diez Terminators. Les das órdenes en una pantalla táctica y / o tomas el control de uno de ellos y luego te mueves en un entorno 3D y luchas contra los ladrones de genes como en un juego de disparos en primera persona. Entonces, el juego incluye planificación táctica y lucha en un buen equilibrio.
Space Pirates (USA)	Otro juego de la serie de slugfest de American Laser Games es Space Pirates. Si bien se asemeja a The Last Bounty Hunter y Drug Wars, tiene una temática de ciencia ficción y presenta un ambiente espacial.
Space Shuttle (USA)	En Space Shuttle, el jugador puede aprender la historia del programa de los transbordadores espaciales de la NASA, incluyendo al Enterprise, Discovery, Atlantis, Columbia, Challenger y el Endeavor. Los jugadores pueden aprender la historia de cada uno de ellos, incluyendo a los astronautas, sus misiones y los resultados de cada misión. También pueden entrenar a los astronautas, lanzarlos al espacio y ver cómo completan su misión y ponen en práctica su entrenamiento bien merecido. El único juego real consiste en un shooter en primera persona, donde el jugador puede ingresar a un satélite y, utilizando láseres montados, destruir oleadas de escombros espaciales.
Star Control II (USA, Europe)	En Star Control II, la Alianza ha sido derrotada por los Ur-Quan, quienes esclavizan a sus enemigos en sus propios planetas, incluida la Tierra. Sin embargo, una nave de investigación terrícola perdida encuentra los controles de una fábrica de naves Precursora y construye una poderosa nave estelar. Ahora, los terrícolas deben regresar a la Tierra y enfrentarse a los Ur-Quan. El juego combina exploración, combate espacial, diplomacia y recolección de recursos. Usas la nave Precursora para viajar entre sistemas estelares, lo cual consume combustible que debe ser procesado a partir de materias primas. Estas también se usan para mejorar tu nave, expandir tu flota y contratar tripulación, que representa la salud de tus naves. La combinación de estrategia, combate y gestión de recursos ofrece una experiencia inmersiva en un universo en guerra.
Star Control II - The Ur-Quan Masters (Japan)	En Star Control II, la Alianza ha sido derrotada por los Ur-Quan, quienes esclavizan a sus enemigos en sus propios planetas, incluida la Tierra. Sin embargo, una nave de investigación terrícola perdida encuentra los controles de una fábrica de naves Precursora y construye una poderosa nave estelar. Ahora, los terrícolas deben regresar a la Tierra y enfrentarse a los Ur-Quan. El juego combina exploración, combate espacial, diplomacia y recolección de recursos. Usas la nave Precursora para viajar entre sistemas estelares, lo cual consume combustible que debe ser procesado a partir de materias primas. Estas también se usan para mejorar tu nave, expandir tu flota y contratar tripulación, que representa la salud de tus naves. La combinación de estrategia, combate y gestión de recursos ofrece una experiencia inmersiva en un universo en guerra.
Star Fighter (USA, Europe)	3037. FedNet ahora tiene el control de la federación, y en un intento de ganarse la confianza de la población después de décadas de corrupción y guerra, el Cuerpo Espacial de FedNet fue enviado a los planetas más alejados para aplastar a los pequeños señores de la guerra que todavía dirigen el espectáculo allí. . Después de estar &quot;convencido&quot; de unirse a ellos en un viaje de servicio, es asignado a un grupo de vuelo de élite con el único propósito de probar la tecnología más avanzada.
Star Wars - Rebel Assault (USA, Europe)	Star Wars: Rebel Assault en 3DO es un juego de acción basado en el universo de Star Wars. El jugador encarna a Rookie One, un joven granjero de Tatooine que acaba de unirse a la alianza rebelde y debe cumplir diferentes tipos de misiones: destrucción de naves, misiones de infiltración, etc. Pilota tu nave espacial, destruyendo Walkers e infiltrandote en las bases enemigas. ¡El futuro de la Galaxia esta en tus manos!.
Starblade (USA, Korea)	Sentado en la posición del tirador de una nave de combate &quot;GeoSword&quot;, debes abrirte paso disparando a través de la armada enemiga y llevar la lucha a su planeta natal, Redeye. En total son 10 las misiones que debes completar antes de que la galaxia esté a salvo, con la ayuda de tus pilotos de flanco. Durante las misiones, se espera que ataques los lados de enormes cruceros de batalla enemigos, te introduzcas en sus cargueros y viajes por los cañones de Redeye para dar el golpe final.
Stellar 7 - Draxon's Revenge (USA)	¡Gir Draxon ha regresado! Dos mil años después, la humanidad lucha contra un enemigo ancestral. Gir Draxon, señor del Imperio Arcturiano, ha regresado con un misterioso enlace de guerra que puede canalizar sus cruceros de combate desde mundos lejanos. Tú y un prototipo de un vehículo pesado de asalto (código: Raven) son lo único que se interpone entre la flota de invasión arcturiana y la destrucción asegurada por el mando terrano.
Strahl (USA)	En Strahl, la historia tiene lugar en un mundo donde la magia y los monstruos recorren la tierra, aterrorizando a aldeanos inocentes. El jugador asume el control de un joven guerrero que se embarca en una misión para erradicar la fuente del mal y devolver la paz y la tranquilidad al reino. La jugabilidad es similar a Space Ace, Dragon's Lair y Time Gal, donde el jugador debe presionar botones en momentos específicos para evitar obstáculos o luchar contra enemigos y así avanzar a la siguiente pantalla. A medida que el juego avanza, los cambios en el mundo se muestran dependiendo de las acciones del jugador. No hay opciones de dificultad para elegir. Los jugadores pueden seleccionar entre un par de escenas diferentes para comenzar, y otras se desbloquean al completar las anteriores.
Striker - World Cup Special (Europe)	Torneo de la Copa Mundial de acción con equipos de 24 países. Puedes hacer pases, trampas, aparejos deslizantes y más como jugador. Seis parámetros para cada jugador les dan un carácter realista.
Super Real Mahjong P.V (Japan)	Super Real Mahjong PV es la quinta entrega de la popular serie de mahjong. Ambientado en un instituto, los jugadores conocen a tres chicas llenas de energía, Mizuki, Aya y Akira, que les retan a una partida de mahjong. El modo de juego principal consiste en partidas de mahjong uno contra uno, en las que cada ronda completada da como resultado la eliminación de una parte de la ropa de la chica.
Super Real Mahjong PIV + Aishou Shindan (Japan)	Originario de las salas recreativas, este episodio de la serie Super Real Mahjong pone al jugador en el papel de un miembro de un club de mahjong que se enfrenta a tres oponentes femeninas. Las rondas ganadas por el jugador dan lugar a animaciones de desnudos; sin embargo, mientras que la versión para microordenadores incluye desnudos explícitos, las versiones para consola están censuradas. Todas las versiones tienen los mismos oponentes, cinemáticas y reglas de juego.
Super Street Fighter II Turbo (USA)	Juego de lucha de la clásica y enormemente exitosa franquicia &quot;Street Fighter 2&quot;. Elige entre una variedad de personajes y utiliza sus habilidades de lucha para derrotar oponentes y convertirte en el campeón mundial. Como mejoras sobre el Street Fighter 2 original se incluye mayor velocidad, 4 nuevos luchadores, nuevas ubicaciones, y movimientos más equilibrados/coordinados para los personajes originales.
Super Street Fighter II X - Grand Master Challenge (Japan)	Juego de lucha de la clásica y enormemente exitosa franquicia &quot;Street Fighter 2&quot;. Elige entre una variedad de personajes y utiliza sus habilidades de lucha para derrotar oponentes y convertirte en el campeón mundial. Como mejoras sobre el Street Fighter 2 original se incluye mayor velocidad, 4 nuevos luchadores, nuevas ubicaciones, y movimientos más equilibrados/coordinados para los personajes originales.
Super Wing Commander (USA)	Una nueva versión del primer Wing Commander con gráficos y sonido completamente nuevos. Como en el juego original, el jugador toma el control de un joven piloto en el portaaviones TCS Tiger's Claw para volar misiones en la guerra contra los Kilrathi.
SuperModels Go Wild (USA)	SUPERMODELOS SE VUELVEN SALVAJES Únete a nuestros 5 Supermodelos mientras hacen senderismo, montan en bicicleta y nadan en la hermosa costa de California.
Supreme Warrior (USA) (Disc 1) (Fire & Earth)	Supreme Warrior: Ying Heung (Ying Heung: Guerrero Supremo) es un juego de lucha con vídeos en tiempo real. El juego, o película interactiva, te sitúa hace siglos en China. Te ordenan proteger la mitad de una máscara mágina. Un poder incalculable será otorgado al portador de la máscara. Por desgracia, el malvado Wang Tu tiene la otra mitad de la máscara, y desea obtener tu mitad a cualquier precio. De modo que debes luchar contra sus esbirros, y finalmente contra el propio Wang Tu. El juego de Supreme Warrior consiste en vídeos digitalizados con elementos interactivos. En muchos puntos durante el vídeo, podrás lanzar un puñetazo, una patada o bloquear a tu oponente. Si lo haces en el momento preciso lo dañarás. Si no eres preciso, te dañará a ti.
Sword & Sorcery (Japan)	Sigue la historia del la descerebrada y joven sacerdotisa Lucienne y su banda de monstruos inadaptados, mientras intentan evitar que el malvado mago Death Shadow destruya el mundo. Lucienne's Quest (la Búsqueda/Aventura de Lucienne) es un juego RPG de corte clásico, pero presentado con gráficos totalmente en 3D (y caracteres en forma de sprites 2D), poco común por aquel entonces. Las batallas tenían lugar por turnos, pero permitían más estrategias que los clásicos juegos RPG. El juego colocaba obstáculos en el campo de batalla que bloqueaban el camino de algunos ataques, pero que permitían al jugador posicionar estratégicamente sus luchadores en las dos filas inferiores del mapa antes de comenzar cada turno para aprovechar la ventaja del terreno. El juego también disponía de un ciclo dinámico de día/noche que tenía el único propósito de hacer que uno de los miembros de tu grupo se transformase de humano a hombre-lobo y viceversa.
Syndicate (USA)	En Syndicate, ambientado en un futuro dominado por corporaciones globales, juegas como director de marketing y asesino a sueldo para una de estas empresas. Tu misión es derrotar a los sindicatos rivales mediante fuerza bruta, completando misiones como infiltración, captura y búsqueda y destrucción. Diriges un equipo de cuatro agentes en misiones de acción táctica en tiempo real, vistas desde una perspectiva superior inclinada similar a X-Com. Los agentes se enfrentan a enemigos disparando a todo obstáculo en su camino. A medida que progresas, generas ingresos que se usan para mejorar y modificar a tus agentes, además de equiparlos con herramientas avanzadas obtenidas o desarrolladas tras derrotar a sindicatos rivales. La gestión de recursos y estrategias te llevará a escalar dentro de la corporación.
T&E VR Golf - Devil's Course (Japan)	Wicked 18 es un juego de Deportes, publicado por T&E Soft, que fue lanzado en Japón en 1995.
T&E VR Golf - Masters - Harukanaru Augusta 3 (Japan)	Masters New: Harukanaru Augusta 3 es un simulador de golf y el tercer juego de la franquicia Harukanaru Augusta de T&E Soft. Al igual que sus predecesores, cuenta con el respaldo oficial del torneo de golf Masters Tournament y del Augusta National Golf Club, donde se celebra el Masters. El juego utiliza fotos digitalizadas para los golfistas y el público, así como para los menús y la pantalla de título, lo que le da un gran realismo. El juego también reproduce efectos meteorológicos que pueden modificar el campo.
T&E VR Golf - Pebble Beach no Hatou (Japan)	Hasta seis jugadores pueden jugar una partida de golf en el mundialmente famoso campo de golf de Pebble Beach en Sega Sports 'Pebble Beach Golf Links. Cuenta con siete modos de juego que incluyen Torneo, Stroke Play, Skins Play y Match Play, y narración y estrategia del profesional de golf Craig Stadler. También tiene la opción de crear su propio jugador y seleccionar su propio conjunto personalizado de palos de golf para desafiar a Craig Stadler y otros jugadores de IA en el campo. Las estadísticas, como las desventajas y los registros del curso, se rastrean a lo largo del juego. Además, si alguna vez te cansas de enfrentarte a tus amigos y a la IA, puedes jugar el juego en el Modo Reloj y simplemente relajarte y ver a Craig Stadler competir en el campo de Pebble Beach.
T&E VR Golf - Waialae no Kiseki (Japan)	Agarra tus palos y dirígete a la primera camiseta. Este juego de golf recrea el mundialmente famoso campo de golf Hawaiian Waialae, conocido por muchos bunkers y greens muy rápidos. Puedes elegir a tu golfista, asignarle un carrito, elegir tu conjunto de palos y ajustar las estadísticas de poder, putting, técnico, recuperación y juegos de viento para que se adapten a tus preferencias personales. El juego ofrece un modo de entrenamiento de práctica, un modo de torneo y la capacidad de desafiar a tus amigos en un partido de golpe. Curiosamente, este juego no fue sancionado por la PGA y supone que el golfista siempre es hombre.
Taiketsu Rumiizu! (Japan)	Taiketsu! Rooms es un divertido juego de arcade japonés, que es una especie de mezcla de Bomberman y Pac-man. Cuatro jugadores participan en el campo de juego, tratando de enjuagarse entre sí con un chorro de agua en la alcantarilla, para esto debes abrir las válvulas del grifo. Al mismo tiempo, las bonificaciones y varios obstáculos también se encuentran dispersos por todo el nivel. El ganador es el último que permanece en el campo de juego. En el modo de pasaje, debes jugar en cinco lugares diferentes, al final de cada uno de ellos te encontrarás con un jefe. Pero más este juego está destinado a un pasatiempo divertido de pequeñas empresas de cuatro personas. Este es uno de los pocos juegos que admite más de 2 jugadores.
Takeru (Japan) (Rev 1)	La historia del juego sigue al cazador de recompensas shinobi (ninja) Takeru Ichimonji y su compañera Bumbuku en la tierra de Yamato mientras luchan contra la malvada hechicera Kaganju para rescatar a la Princesa del Viento Hien y evitar la resurrección de la Reina Himiko.
Tanjou - Debut - Pure (Japan) (Rev A)	Tanjō: Debut pone a los jugadores en el papel de un agente musical, encargado de guiar a tres estrellas en potencia. Los jugadores gestionan horarios, equilibran el entrenamiento y el tiempo libre, y se esfuerzan por mantener a las chicas felices mientras reducen su estrés. Después del entrenamiento, los jugadores eligen las carreras de las chicas, como modelaje o actuación. Compitiendo contra agencias rivales, los jugadores buscan alcanzar el éxito en diversos eventos. La versión para 3DO, Debut Pure, incluye eventos adicionales como concursos de disfraces y desfiles de moda.
Tarot Uranai (Japan)	Tarot Uranai da vida a las lecturas de tarot con una combinación de videos FMV y gráficos CGI de principios de los años 90. Elige entre tres puertas para distintas lecturas: tiradas tradicionales de tarot, aspectos específicos de la vida como el amor o el dinero, o accede a una base de datos de cartas de tarot.
Tetsujin (Japan)	Juegas con un personaje conocido como Tetsujin. Eres una creación cyborg / robot de un científico malvado. El científico tenía la intención de usarlo para acabar con la raza humana, pero en su lugar decidió volverse contra su creador y escapar. La historia se desarrolla mientras te abres camino hasta la cima de un rascacielos para enfrentarte al científico loco.
Tetsujin Returns (Japan)	Tetsujin regresa en esta secuela de Iron Angel of the Apocalypse. La historia continúa poco después de los eventos del juego anterior. Tras su enfrentamiento con el Científico y el Androide, Tetsujin se encuentra sin cuerpo. Una misteriosa corporación conocida como SCR te otorga un nuevo cuerpo, pero sus intenciones son inciertas. El formato del juego es en su mayoría similar al del original. Es un shooter en primera persona que depende en gran medida de cinemáticas en video para contar la historia. El motor gráfico ha sido mejorado significativamente, lo que le da a este juego un ritmo mucho más rápido que su predecesor. Mientras que el original combinaba actores reales y gráficos por computadora, esta entrega utiliza completamente gráficos por computadora para representar a los humanos.
Theatre Wars - Goraku no Dendou (Japan)	Theatre Wars es un excéntrico simulador de gestión teatral. Dividido en varias etapas, los jugadores se encargan de administrar un teatro y organizar espectáculos extraños para cumplir diferentes requisitos. Los jugadores tienen un presupuesto limitado, que deben usar en el diseño de escenarios, bailarines y la selección de música. Si el espectáculo tiene éxito, los jugadores pueden recuperar su inversión e incluso obtener ganancias, pero si las críticas son negativas, podrían ir a la bancarrota e incluso ver cómo su teatro es demolido para construir un estacionamiento.
Theme Park (USA)	En Theme Park, un juego de estrategia de Bullfrog, gestionas un parque temático desde cero, diseñando atracciones, caminos y decoraciones como lagos y árboles para aumentar su encanto. Las atracciones incluyen desde tiovivos y mansiones encantadas hasta montañas rusas y circuitos acuáticos. Los visitantes necesitan comida, bebida y souvenirs, por lo que debes equilibrar opciones dulces, saladas y cafeína para maximizar tus ganancias. Contratas empleados para mantener el parque en óptimas condiciones, asegurándote de pagar salarios justos para evitar problemas. Compites contra otros parques, monitoreando su éxito en atraer clientes y su desarrollo financiero mediante estadísticas. Además, inviertes en investigación para crear nuevas atracciones y mantenerte competitivo. El juego ofrece tres modos: Sandbox para enfocarte en diseño, y Sim y Full que incluyen aspectos estratégicos más complejos.
Toki o Koeta Tegami (Japan)	El juego se ambienta en 1945 y sigue a Jerry Randolph, reportera del &quot;Daily Casablanca&quot;, quien descubre el diario de su amiga desaparecida, May Elgar. A través de las pistas del diario, Jerry revela que el padre de May trabajaba en un proyecto científico innovador antes de su misteriosa muerte. Usando una máquina del tiempo creada por él, Jerry viaja al año 1916 para desentrañar el caso y detener a los criminales responsables. Aunque el título hace referencia a la película Casablanca, las conexiones son mínimas. El juego es una aventura de texto con gráficos donde el jugador interactúa escribiendo comandos o usando teclas de función para acciones como mirar o tomar objetos. La navegación es limitada y se realiza mediante flechas direccionales. Si bien los comandos pueden ingresarse en inglés, las descripciones de texto están exclusivamente en japonés.
Tokimeki Mahjong Paradise Special - Koi no Tenpai Beat (Japan)	Tokimeki Mahjong Paradise Special es un juego de mahjong con temática para adultos.
Total Eclipse (USA)	Total Eclipse (Eclipse Total) es un futurista juego de disparos en 3D que tiene lugar en el año 2099, en el que una raza alienígena conocida como los Drak-Sai están dispuestos a acabar con la raza humana destruyendo la Tierra y el Sol. El jugador controla un tipo de aeronave llamado FireWing a lo largo de 20 misiones, con perspectiva en tercera persona, en las que el jugador puede maniobrar la nave hacia arriba, abajo, izquierda y derecha, siendo el modo de juego similar a un shooter-sobre-raíles. Además, existen tres distintos niveles de potencia para cada arma que la nave puede llevar. El juego dispone de gráficos 3D texturizados, mientras que la historia es narrada mediante escenas de vídeo pre-renderizado. La versión de PlayStation es esencialmente la misma excepto en tener una mayor velocidad de juego y un sistema de contraseñas que permiten al jugador seleccionar en el que empezar.
Totsugeki Karakuri! Megadas!! (Japan)	En el campo de Megadasu, el jugador elige un tipo de robot de una selección, cada uno con sus propias características, para enfrentarse a otros robots. La batalla se desarrolla en una vista 3D, donde el jugador debe disparar y embestir al oponente para sacarlo del borde del campo. Cada ronda se reproduce nuevamente para resumir el desempeño de la batalla.
Touhaiden Akagi (Japan)	Touhaiden Akagi es un juego de mahjong. Está basado en la película japonesa homónima de 1995. La película es una adaptación del manga Akagi, escrito por Nobuyuki Fukumoto.
Tower, The (Japan)	The Tower, conocido como SimTower en otras plataformas, es un simulador de negocios donde tu objetivo es construir un rascacielos que no solo sea alto, sino que también destaque por su atractivo estético, popularidad y rentabilidad. A diferencia de los edificios típicos de oficinas o residenciales, tu torre debe ofrecer una variedad de instalaciones, desde áticos hasta teatros, restaurantes y centros comerciales, para atraer y satisfacer a una amplia gama de inquilinos.
Tozasareta Yakata (Japan)	A principios de la década de 1930, Tess Conway, obsesionada con el antiguo Egipto, y sus invitados desaparecieron sin dejar rastro ... justo en medio de una fiesta salvaje en la isla de Conway. Sesenta años después de estos eventos, tu misión es investigar los extraños eventos que tuvieron lugar en esos días. Aunque Killing Time es gráficamente un clon típico de Doom, hay algunas diferencias: el juego tiene un nivel enorme en lugar de muchos más pequeños que le permite regresar a lugares antiguos en cualquier momento, es decir, recoger paquetes de salud o municiones. También los espíritus de Tess y sus invitados aparecen ocasionalmente y traen a la luz la historia de esa noche ayudándote a encontrar llaves, abrir puertas, localizar pasadizos secretos y resolver acertijos. Killing Time se desarrolló originalmente para el 3DO, y luego se convirtió a la PC.
Trip'd (USA, Europe)	Trip'd es un juego de rompecabezas de bloques que caen similar a Puyo Puyo. En lugar de bloques, caen huevos alienígenas de varios colores y el jugador debe colocarlos en una línea de cuatro del mismo color para deshacerse de ellos. Sin embargo, si los huevos del mismo color están dispuestos en un cuadrado, eclosionarán y formarán un alienígena gigante que puede terminar instantáneamente el juego para el jugador. Los jugadores deben completar la etapa dentro de un cierto límite de tiempo o evitar que los huevos lleguen a la parte superior de la pantalla o su juego terminará. También tienen la opción de jugar en solitario, contra la computadora o contra un amigo.
True Golf Classics - Pebble Beach Golf Links (Europe)	Hasta seis jugadores pueden jugar una partida de golf en el mundialmente famoso campo de golf de Pebble Beach en Sega Sports 'Pebble Beach Golf Links. Cuenta con siete modos de juego que incluyen Torneo, Stroke Play, Skins Play y Match Play, y narración y estrategia del profesional de golf Craig Stadler. También tiene la opción de crear su propio jugador y seleccionar su propio conjunto personalizado de palos de golf para desafiar a Craig Stadler y otros jugadores de IA en el campo. Las estadísticas, como las desventajas y los registros del curso, se rastrean a lo largo del juego. Además, si alguna vez te cansas de enfrentarte a tus amigos y a la IA, puedes jugar el juego en el Modo Reloj y simplemente relajarte y ver a Craig Stadler competir en el campo de Pebble Beach.
True Golf Classics - Waialae Country Club (Germany)	Agarra tus palos y dirígete a la primera camiseta. Este juego de golf recrea el mundialmente famoso campo de golf Hawaiian Waialae, conocido por muchos bunkers y greens muy rápidos. Puedes elegir a tu golfista, asignarle un carrito, elegir tu conjunto de palos y ajustar las estadísticas de poder, putting, técnico, recuperación y juegos de viento para que se adapten a tus preferencias personales. El juego ofrece un modo de entrenamiento de práctica, un modo de torneo y la capacidad de desafiar a tus amigos en un partido de golpe. Curiosamente, este juego no fue sancionado por la PGA y supone que el golfista siempre es hombre.
Twinkle Knights (Japan)	Si lo que quieres es luchar con chicas que vayan quitándose su ropa, puedes elegir entre el AV Idol Mahjong, o la sencilla aunque difícil acción real que encontrarás en Twinkle Nights. Twinkle Knights es un juego de lucha basado en cartas en el que tus oponentes femeninos van perdiendo sus ropas poco a poco conforme vas ganando turnos. El juego extiende su duración haciendo que cada lucha consista en 5 turnos, y el ordenador consigue sacar unas buenas cartas cuando menos te lo esperas, de forma que las partidas duren algo más.
Twisted (Japan)	Similar a la serie de juegos You Don't Know Jack, Twisted: the Game Show es un reto de preguntas para hasta 4 jugadores. El juego ofrece una humorística mezcla de personajes reales y gráficos generados por computadora. Tras una introducción por parte del presentador Twink Fizzdale, podrás seleccionar el personaje que te representará viendo cortes en vídeo de los diversos caracteres mientras te ruegan que los elijas. Avanzarás o retrocederás por el tablero de juego en función de tus respuestas a los variados puzles, mini-juegos y preguntas.
Twisted - The Game Show (USA)	Similar a la serie de juegos You Don't Know Jack, Twisted: the Game Show es un reto de preguntas para hasta 4 jugadores. El juego ofrece una humorística mezcla de personajes reales y gráficos generados por computadora. Tras una introducción por parte del presentador Twink Fizzdale, podrás seleccionar el personaje que te representará viendo cortes en vídeo de los diversos caracteres mientras te ruegan que los elijas. Avanzarás o retrocederás por el tablero de juego en función de tus respuestas a los variados puzles, mini-juegos y preguntas.
Uchuu Seibutsu Flopon-kun (Japan)	Trip'd es un juego de rompecabezas de bloques que caen similar a Puyo Puyo. En lugar de bloques, caen huevos alienígenas de varios colores y el jugador debe colocarlos en una línea de cuatro del mismo color para deshacerse de ellos. Sin embargo, si los huevos del mismo color están dispuestos en un cuadrado, eclosionarán y formarán un alienígena gigante que puede terminar instantáneamente el juego para el jugador. Los jugadores deben completar la etapa dentro de un cierto límite de tiempo o evitar que los huevos lleguen a la parte superior de la pantalla o su juego terminará. También tienen la opción de jugar en solitario, contra la computadora o contra un amigo.
Ultraman Powered (Japan)	Ultraman Powered Ultimate Hero es un juego de Acción, desarrollado por TOSE y publicado por Bandai, que fue lanzado en Japón en 1994.
V Goal Soccer '96 (Japan)	6 ligas, 42 equipos, prepárate para el mejor enfrentamiento de fútbol de tu vida. Tecmo te trae el juego de fútbol más realista y lleno de acción! Ve por el hat-trick y emociona a la multitud!
Virtual Cameraman Part 1 - Naomi Sawada & Anna Juri (Japan)	Asumiendo el papel de un fotógrafo, el jugador tiene un chat de diálogo y una sesión de fotos con las modelos Sawada Naomi y Juri Anna. Durante la sesión de fotos, el jugador debe intentar capturar fotografías de buena calidad para los medios.
Virtual Cameraman Part 2 - Natsumi Kawai & Kimi Tachihara (Japan)	Como fotógrafo de medios, el objetivo del jugador es realizar entrevistas y sesiones de fotos con las modelos Kawai Natsumi y Tachihara Kimi. Para asegurar el éxito de las sesiones, el jugador debe intentar capturar buenas fotografías.
Virtual Cameraman Part 3 - Yumika Sugimoto (Japan)	El jugador, en el papel de un fotógrafo, realiza una gira con Sugimoto Yumika en varios lugares para llevar a cabo entrevistas y sesiones de fotos con ella. Es importante elegir las opciones de diálogo correctas y tomar buenas fotografías de ella.
Virtual Cameraman Part 4 - Shiori Fujitani (Japan)	En Virtual Cameraman Part 4: Toya Shiori, los jugadores asumen el papel de un fotógrafo que viaja con la modelo Toya Shiori a varios lugares mientras la entrevista y le toma fotografías. El jugador debe elegir las respuestas correctas durante las entrevistas y capturar buenas fotos mientras Toya posa.
Virtual Cameraman Part 5 - Yuri Andou (Japan)	El jugador asume el papel de un fotógrafo que realiza un viaje con la modelo Anzo Ari a varios lugares donde se llevan a cabo entrevistas y sesiones de fotos. En las entrevistas, se eligen opciones de diálogo, mientras que en las sesiones de fotos, el jugador apunta la cámara hacia la modelo y espera el momento adecuado para tomar una buena fotografía.
Virtual Horror - Norowareta Yakata (Japan) (En,Ja)	Los muertos vivientes se desataron sobre el mundo. Sólo un talismán sagrado puede destruirlos, pero ha sido roto en pedazos y escondido en la Mansión de los Monstruos. Ahora debes adentrarte en la mansión maldita y encontrar las piezas para que la humanidad pueda salvarse. El juego es un shooter en primera persona en el que tienes que destruir a enemigos como fantasmas, esqueletos y zombis utilizando tu única arma. Los objetos repartidos por la casa incluyen paquetes de salud, energía para armas, tesoros y llaves que se utilizan para abrir puertas que bloquean tu camino hacia la siguiente pieza del talismán. El juego tiene doce niveles.
Virtual Puppet Reika (Japan)	Una variedad de software interactivo de la publicación única Reika. En este software, puedes crear tu propio videoclip y reproducir muchos contenidos interactivos sobre el single.
Virtual Quest - Pharaoh no Fuuin (Japan)	Seal of the Pharaoh (El Sello del Faraón) es una mezcla de RPG, puzzles y aventura en primera persona. El jugador toma el papel del hijo de un prominente arqueólogo, que descubrió recientemente la tumba perdida de Rassius III, y después desapareció. Ahora depende del jugador encontrarle explorando la tumba, mientras evita las trampas y enemigos que encontrará a su paso. La perspectiva de juego será en primera persona, mientras se mueve por la laberíntica pirámide armado con un garrote, un escudo y un diario. Al progresar debe ir evitando las trampas, pero también utilizando el garrote y el escudo para derrotar enemigos como las avispas gigantes, los escorpiones e incluso urnas encantadas. Se pueden obtener armas y objetos más poderosos explorando a fondo, así como pistas para descifrar el diario, y varios puzzles que deben ser resueltos para poder avanzar.
Virtuoso (USA)	La Música y la Realidad Virtual son tus únicas vías de escape en un mundo que se ha vuelto loco. Transfórmate en una superestrella del rock en una búsqueda virtual 3D donde el Furioso Planeta Rojo, Marte, espera tu invasión. O entra en una tenebrosa Casa Encantada con unos cuantos espectros en su interior. Sumérgete en nuestra biosfera submarina, pero cuidado, los arrecifes esconden muchos peligros. Videoclips Musicales y una banda sonora de hard rock preparan el escenario en esta increíble aventura ciber-fantástica.
VR Stalker (USA, Korea)	En un futuro cercano, los Estados Unidos han sido atacados por una misteriosa amenaza. Después de que Nueva York y Los Ángeles fuesen destruidas, muchos americanos han formado una resistencia oculta para luchar contra los atacantes utilizando un simulador de Realidad Virtual para control sus aviones y mantener a sus luchadores con vida. El jugador ha sido reclutado y dado el nombre en clave de &quot;Stalker&quot; (&quot;Acosador&quot;) para defender los EE.UU. y traer de vuelta la paz y el orden.
Waialae Country Club (USA, Canada)	Agarra tus palos y dirígete a la primera camiseta. Este juego de golf recrea el mundialmente famoso campo de golf Hawaiian Waialae, conocido por muchos bunkers y greens muy rápidos. Puedes elegir a tu golfista, asignarle un carrito, elegir tu conjunto de palos y ajustar las estadísticas de poder, putting, técnico, recuperación y juegos de viento para que se adapten a tus preferencias personales. El juego ofrece un modo de entrenamiento de práctica, un modo de torneo y la capacidad de desafiar a tus amigos en un partido de golpe. Curiosamente, este juego no fue sancionado por la PGA y supone que el golfista siempre es hombre.
Way of the Warrior (USA)	Way of the Warrior es un juego de lucha en 2D que presenta gráficos digitalizados de luchadores reales, fondos renderizados en 3D y efectos de zoom. Los jugadores deben derrotar a 9 de los mejores guerreros del mundo, además de enfrentarse a una pelea contra una &quot;sombra&quot; y un dragón, para finalmente tener la oportunidad de destronar al campeón.
Who Shot Johnny Rock (USA)	Son los alegres años 30 y alguien ha matado al popular cantante Johnny Rock en esta novela policíaca y de gangsters repleta de acción. El jugador tendrá que recorrer los callejones, salas de juego, tanatorios y las más sucias zonas de la ciudad para obtener las pistas que le darán turbios personajes y resolver el misterio de dicho asesinato. Chicos malos con ametralladoras proporcionarán un alto nivel de tiroteos.
Wicked 18 (USA)	Wicked 18 es un juego de Deportes, publicado por T&E Soft, que fue lanzado en Japón en 1995.
Wing Commander III - Heart of the Tiger (USA) (Disc 1)	La guerra contra los Kilrathi va mal para la Confederación. Su buque insignia, el Concordia, ha sido destruido, las batallas se pierden en todos los frentes. Héroe de guerra, el coronel Christopher Blair es transferido al antiguo transportista Victoria. Asume el papel de Blair y asegura el éxito del último intento de victoria de la Confederación: la destrucción del mundo natal de Kilrathi. Wing Commander III tiene la mezcla habitual de batallas espaciales y narraciones cinematográficas. Los cambios de los dos primeros juegos incluyen gráficos SVGA, el uso de polígonos mapeados con textura en lugar de mapas de bits para secuencias de vuelos espaciales y actores reales de Hollywood que aparecen en las escenas cinematográficas.
Winning Post (Japan)	Winning Post (Poste de Meta) permite al jugador tomar el control de un establo de caballos, alimentarlos y entrenarlos para lograr el objetivo final, ganar el Grand Prix de Francia. El jugador puede contratar nutricionistas, entrenadores y jockeys, y participar en más de 240 carreras para ganar más dinero y poder adquirir personal más cualificado y criar caballos más rápidos y fuertes, así como mantenerlos con buena salud. El jugador también puede apostar en las carreras. El estilo de juego consiste en tomar decisiones antes de las carreras, tales como qué caballos entrenar, qué régimen de comida deben llevar, ver estadísticas, contratar personal y hacer apuestas. Sin embargo, el jugador no tiene ningún control sobre las carreras, debiendo limitarse al papel de espectador.
Wolfenstein 3D (USA)	Inspirado en Castle Wolfenstein, Wolfenstein 3D es un FPS episódico donde juegas como B.J. Blazkowicz, un espía aliado. El juego consta de seis episodios, divididos en tres iniciales (uno distribuido como shareware) y las Misiones Nocturnas, precuelas que exploran planes nazis de guerra química. Cada episodio incluye nueve niveles, con un nivel secreto desbloqueable y un jefe final. La historia comienza con Escape from Wolfenstein, donde B.J. huye de su celda y enfrenta a Hans Grosse. En Operación: Eisenfaust, detiene al Doctor Schabbs y su ejército mutante. Finalmente, en Die, Führer, Die!, se infiltra en el Reichstag para eliminar a Hitler en su armadura robótica. Las Misiones Nocturnas lo enfrentan al Doctor Otto Giftmacher, Gretel Grosse y el General Gettgesicht. Los niveles son laberínticos, llenos de enemigos y secretos. Las armas incluyen cuchillo, pistola, ametralladora y Gatling. La salud se recupera con objetos como kits médicos y comida. Ganas vidas extra con &quot;1-ups&quot; o acumulando puntos. Aunque puedes atacar sigilosamente, la acción se centra en combates intensos y estrategias para sobrevivir.
Woody Woodpecker and Friends - Volume One (USA) (RE-1)	Woody Woodpecker and Friends contiene 26 minutos de video animado en 4 cortometrajes.
Woody Woodpecker and Friends - Volume Three (USA)	Tercer y último volumen de Woody Woodpecker y sus amigos, que contiene 26 minutos de video animado en 4 cortometrajes.
Woody Woodpecker and Friends - Volume Two (USA)	Segundo volumen de Woody Woodpecker y sus amigos, que contiene 26 minutos de video animado en 4 cortometrajes.
World Cup Golf - Hyatt Dorado Beach (USA, Europe)	World Cup Golf: Hyatt Dorado Beach en un juego de Deportes, desarrollado por Arc Developments y publicado por U.S. Gold, que fue lanzado en 1994.
World Cup Special (Japan)	Torneo de la Copa Mundial de acción con equipos de 24 países. Puedes hacer pases, trampas, aparejos deslizantes y más como jugador. Seis parámetros para cada jugador les dan un carácter realista.
Yakyuuken Special, The (Japan)	Juega Yakyuken, el popular juego erótico japonés de Piedra, Papel o Tijera, con jóvenes y atractivas chicas.
Yamada Kamachi Bijutsukan - Kamachi's Museum (Japan)	El juego está basado en el verdadero museo de arte Yamada Kamachi de Takasaki. El jugador realiza una visita autoguiada al museo en vista 3D. En cada sala, el jugador puede girar en ángulos y posiciones limitados para observar las exposiciones e interactuar con los objetos. Las exposiciones incluyen pinturas y bocetos, que pueden ser examinados de cerca para obtener más información.
Yamamura Misa Suspense - Kyoto Kurama Sansou Satsujin Jiken (Japan) (Disc 1)	Kyouto Anba Sansou Satsujin Jiken es un juego de aventuras de misterio basado en los escritos de Misa Yamamura. La protagonista, Akiko Sonoyama, investiga un asesinato después de que el hijo del anfitrión muere tras beber vino durante una cena. Con videos de acción real, el juego combina escenas en tercera persona con navegación en primera persona para explorar entornos y recolectar pistas. Durante los diálogos, el jugador puede elegir preguntas, con las respuestas presentadas como videos de personajes interactuando directamente. Quince años después de su lanzamiento para 3DO, se lanzó un remake para PSP con personajes representados como siluetas y una interfaz similar a una novela visual. Aunque conserva fondos estáticos y texto de diálogo, incluye elementos interactivos como indagar y hablar, manteniendo un enfoque único dentro del género de misterio.
Yu Yu Hakusho (Japan)	Yu Yu Hakusho es un juego de lucha basado en la franquicia de anime del mismo nombre. Desarrollado por &quot;Tomy&quot;, fue exclusivo para Japon e incluye escenas del anime a color. El juego posee 15 luchadores distintos y los personajes fueron dibujados por la misma empresa que hizo el anime. Por desgracia tuvo criticas variadas por la prensa
Yuujou Densetsu - The Doraemons (Japan)	Doraemon Yuujou Densetsu es un juego de aventuras, desarrollado y publicado por Shogakukan, que fue lanzado en Japón en 1995. Es un juego de aventuras. Doraemon, el protagonista principal, tiene la misión de averiguar por qué una pequeña tropa de Doraemons internacionales se ha amotinado en la ciudad local.
Zhadnost - The People's Party (USA, Europe)	¡Bienvenido a Zhadnost, el &quot;juego más popular en la televisión estatal de Bizzarnia&quot;! Bizzarnia, una pequeña nación comunista, ha secuestrado a concursantes para su programa de juegos favorito y los está enfrentando entre sí para competir por su libertad. En este juego de fiesta para dos a cuatro personas, estarás en constante acción. Jugarás mini juegos con nombres como Propaganda y Eye Spy. Intenta forzar a tus oponentes a participar en juegos más difíciles y descubre secretos sobre sus personajes. Todos los personajes son de acción real, incluido el presentador.
