#key	synopsis
3rd Degree (USA)	Menteriez-vous pour protéger votre patron qui a une liaison ? Si vous receviez un cadeau d'anniversaire qui ne vous plaisait pas, que feriez-vous ? Si vous trouviez 1 million de dollars, le garderiez-vous ? Vous savez comment vous répondriez… mais qu'en est-il de vos amis ? Vous pensez le savoir ? On vous posera des questions sur l'amour, la famille, la carrière, l'argent et le pot-pourri. Parfois vous avez raison, et parfois non ! La réponse vous surprendra. C'est 3rd degree, le premier jeu télévisé de CD-i. Vous êtes le candidat sur la sellette dans ce jeu interactif. Rencontrez des animateurs hilarants et un juge très astucieux. Choisissez parmi un assortiment de personnages hauts en couleur et défiez vos amis à trois tours de dilemmes provocateurs ! Au 3e degré, tout cela donne lieu à beaucoup de rires et au genre de conflit animé que tout le monde aime. Après tout, ce n'est qu'un jeu… n'est-ce pas ?
7th Guest, The (USA) (Disc 1) (The Game)	Le jeu se déroule dans le manoir inhabité du fabricant de jouets Henry Stauf, personnage étrange disparu depuis longtemps. Cette demeure est abandonnée depuis que des enfants y ont affronté la mort et que six invités s'y sont rendus pour ne plus jamais en revenir. Au hasard des incursions du joueur d'une pièce à l'autre, des scènes de cette nuit d'horreur ressurgissent et se mêlent à la réalité. Il devait y avoir un septième invité, auquel Henry Stauf a tendu un piège diabolique. Le joueur doit résoudre une série d'énigmes pour mettre fin à ce cauchemar en découvrant le secret du septième invité.
Accelerator (Europe)	Accelerator est un jeu de course classique en 2D ! Vous choisissez l'un des huit pilotes différents et c'est parti pour la course. Conduisez sur la piste aussi vite que possible en évitant les balles ennemies et en collectant de l'argent tout au long du parcours. Si vous collectez suffisamment d'argent et terminez dans l'une des quatre premières places, vous pouvez acheter vos propres munitions ou améliorer vos compétences de conduite. N'oubliez pas de choisir votre pilote avec soin, car chaque pilote a ses propres capacités, notamment la traction, l'accélération, la vitesse et le blindage.
Affaire Morlov, L' (Europe) (En,Fr)	L'affaire Morlov est un thriller d'espionnage dans lequel vous incarnez Paul Keirn, journaliste au journal &quot;Liberation&quot;. Votre petite amie Virginie a été kidnappée et vous êtes accusé d'un meurtre. Vous avez 48 heures pour effacer votre nom et sauver Virginie. Le jeu se déroule à la première personne, toutes les actions se déroulant en temps réel. Comme pour de nombreux autres jeux de détective, vos tâches principales sont de parler aux bonnes personnes, de rechercher minutieusement chaque lieu et de rechercher des indices et d'étudier les preuves photographiques. Le jeu inclut des scènes pour adultes. Pour se déplacer dans Paris, le jeu fournit une carte.
Alice au Pays des Merveilles (France)	Vous êtes Alice et le pays des merveilles vous attend. Le Chapelier Fou, le chat de Cheshire, la reine de pique et tous les personnages du pays des merveilles sont là. Ce jeu d'aventure interactif au rythme effréné du classique Alice au pays des merveilles excite le joueur avec 250 scénarios incroyables et 40 personnages excentriques et riches. Il y a des champignons, des gâteaux et des potions, tous prêts à étre manger. L'un d'eux vous rendra petit comme une souris; un autre gros comme un géant! Les personnages semblent vous aider (ou vous entraver) lorsque vous collectez des indices et obtenez les pouvoirs nécessaires pour vous échapper du pays des merveilles et rentrer chez vous. Son et couleurs numériques riches complètent l'un des programmes CD-i les plus inventifs et les plus amusants à ce jour.
Alice in Wonderland (USA)	Vous êtes Alice et le pays des merveilles vous attend. Le Chapelier Fou, le chat de Cheshire, la reine de pique et tous les personnages du pays des merveilles sont là. Ce jeu d'aventure interactif au rythme effréné du classique Alice au pays des merveilles excite le joueur avec 250 scénarios incroyables et 40 personnages excentriques et riches. Il y a des champignons, des gâteaux et des potions, tous prêts à étre manger. L'un d'eux vous rendra petit comme une souris; un autre gros comme un géant! Les personnages semblent vous aider (ou vous entraver) lorsque vous collectez des indices et obtenez les pouvoirs nécessaires pour vous échapper du pays des merveilles et rentrer chez vous. Son et couleurs numériques riches complètent l'un des programmes CD-i les plus inventifs et les plus amusants à ce jour.
Alien Gate (USA)	Un mal terrifiant menace la sécurité de votre planète. Des hordes de monstres avancent à travers la Porte des extraterrestres avec un objectif en tête: la destruction de votre monde! Vous seul pouvez prévenir de ce danger. En tant que pilote de fusée, votre sang-froid sera mis à rude épreuve. La dernière bataille a commencé.
Ange et le Demon, L' (France)	Dans le cadre du Mont Saint-Michel, votre but est de retrouver l'épée de l'Ange, dérobée par les forces du mal symbolisées par le Démon. C'est un jeu en Point & Click (un Myst-like si vous préférez), dont la progression est basée sur la résolution d'énigmes. Toutes les images du jeu sont de véritables photos du célèbre site historique, et un support documentaire est également présent.
Apprentice, The (USA)	Le pauvre Marvin a besoin de votre aide ! En tant qu'apprenti du grand sorcier Gandorf S. Wandburner III, Marvin doit accomplir des tâches dangereuses dans les tours du château. Prenez le contrôle de l'apprenti et guidez-le à travers six niveaux à couper le souffle dans le jeu de plate-forme de style arcade qui offre un jeu rapide et furieux avec des milliers d'images d'animation. Vous courrez, sauterez, volerez, nagerez même autour des tours, travaillerez contre la montre et tous les ennemis bestiaux désireux de prouver que le travail d'un sorcier n'est jamais terminé !
Arcade Classics (Europe)	Vous vous souvenez du bon vieux temps où vous passiez des heures derrière la machine d'arcade ? Ces jours sont de retour. &quot;Arcade Classics&quot; propose 3 jeux classiques de l'époque où le &quot;Game play&quot; était n°1 : Ms. Pac-Man, Galaxian et Galaga !
Asterix - Caesar's Challenge (Europe)	Nous sommes en 50 avant Jésus-Christ. Toute la Gaule est occupée par les romains... Toute ? Non ! Un village d'irréductibles Gaulois résiste encore et toujours à l'envahisseur. Vous connaissez l'histoire de ces fameux Gaulois, nul besoin de radoter. Mais cette fois, César a lancé un défi à nos héros : quitter leur village, entouré d'une palissade. Et Abraracourcix, chef incontesté des nos valeureux ancêtres, désigne quelques-uns de ses administrés pour faire un tour de l'Empire et ramener de chaque province un objet caractéristique, afin de prouver à César qui sont les plus irréductibles de tous les habitants de la Gaule. Ce qui rappelle fortement Le Tour de Gaule d'Astérix... Vous partirez pour des aventures vous menant de la Bretagne à la Mésopotamie, en passant par Rome, l'Egypte et la Grèce. Votre voyage se fera sur un plateau de jeu, et les évènements que vous affronterez dépendront de la case où vous tombez. C'est donc à une sorte de Mario Party-like que vous convie ce titre, chacune de vos étapes étant résolue par un mini-jeu, allant de la navigation entre des icebergs au déchiffrage de hiéroglyphes. Les objets recherchés se récupérant sur des cases spécifiques et uniques pour chaque pays, après avoir répondu à une question. Comme tous les party games, vous apprécierez ce jeu d'autant plus que vous le ferez à plusieurs : il est jouable en solo, mais vous n'éprouveriez alors pas la délicieuse jubilation de voir votre concurrent tomber sur la case Prison. Et puis le banquet final, c'est toujours plus sympa d'y aller accompagné...
Asterix - De Uitdaging van Caesar (Netherlands)	Nous sommes en 50 avant Jésus-Christ. Toute la Gaule est occupée par les romains... Toute ? Non ! Un village d'irréductibles Gaulois résiste encore et toujours à l'envahisseur. Vous connaissez l'histoire de ces fameux Gaulois, nul besoin de radoter. Mais cette fois, César a lancé un défi à nos héros : quitter leur village, entouré d'une palissade. Et Abraracourcix, chef incontesté des nos valeureux ancêtres, désigne quelques-uns de ses administrés pour faire un tour de l'Empire et ramener de chaque province un objet caractéristique, afin de prouver à César qui sont les plus irréductibles de tous les habitants de la Gaule. Ce qui rappelle fortement Le Tour de Gaule d'Astérix... Vous partirez pour des aventures vous menant de la Bretagne à la Mésopotamie, en passant par Rome, l'Egypte et la Grèce. Votre voyage se fera sur un plateau de jeu, et les évènements que vous affronterez dépendront de la case où vous tombez. C'est donc à une sorte de Mario Party-like que vous convie ce titre, chacune de vos étapes étant résolue par un mini-jeu, allant de la navigation entre des icebergs au déchiffrage de hiéroglyphes. Les objets recherchés se récupérant sur des cases spécifiques et uniques pour chaque pays, après avoir répondu à une question. Comme tous les party games, vous apprécierez ce jeu d'autant plus que vous le ferez à plusieurs : il est jouable en solo, mais vous n'éprouveriez alors pas la délicieuse jubilation de voir votre concurrent tomber sur la case Prison. Et puis le banquet final, c'est toujours plus sympa d'y aller accompagné...
Asterix - Die grosse Reise (Germany)	Nous sommes en 50 avant Jésus-Christ. Toute la Gaule est occupée par les romains... Toute ? Non ! Un village d'irréductibles Gaulois résiste encore et toujours à l'envahisseur. Vous connaissez l'histoire de ces fameux Gaulois, nul besoin de radoter. Mais cette fois, César a lancé un défi à nos héros : quitter leur village, entouré d'une palissade. Et Abraracourcix, chef incontesté des nos valeureux ancêtres, désigne quelques-uns de ses administrés pour faire un tour de l'Empire et ramener de chaque province un objet caractéristique, afin de prouver à César qui sont les plus irréductibles de tous les habitants de la Gaule. Ce qui rappelle fortement Le Tour de Gaule d'Astérix... Vous partirez pour des aventures vous menant de la Bretagne à la Mésopotamie, en passant par Rome, l'Egypte et la Grèce. Votre voyage se fera sur un plateau de jeu, et les évènements que vous affronterez dépendront de la case où vous tombez. C'est donc à une sorte de Mario Party-like que vous convie ce titre, chacune de vos étapes étant résolue par un mini-jeu, allant de la navigation entre des icebergs au déchiffrage de hiéroglyphes. Les objets recherchés se récupérant sur des cases spécifiques et uniques pour chaque pays, après avoir répondu à une question. Comme tous les party games, vous apprécierez ce jeu d'autant plus que vous le ferez à plusieurs : il est jouable en solo, mais vous n'éprouveriez alors pas la délicieuse jubilation de voir votre concurrent tomber sur la case Prison. Et puis le banquet final, c'est toujours plus sympa d'y aller accompagné...
Asterix - El Desafio de Cesar (Spain)	Nous sommes en 50 avant Jésus-Christ. Toute la Gaule est occupée par les romains... Toute ? Non ! Un village d'irréductibles Gaulois résiste encore et toujours à l'envahisseur. Vous connaissez l'histoire de ces fameux Gaulois, nul besoin de radoter. Mais cette fois, César a lancé un défi à nos héros : quitter leur village, entouré d'une palissade. Et Abraracourcix, chef incontesté des nos valeureux ancêtres, désigne quelques-uns de ses administrés pour faire un tour de l'Empire et ramener de chaque province un objet caractéristique, afin de prouver à César qui sont les plus irréductibles de tous les habitants de la Gaule. Ce qui rappelle fortement Le Tour de Gaule d'Astérix... Vous partirez pour des aventures vous menant de la Bretagne à la Mésopotamie, en passant par Rome, l'Egypte et la Grèce. Votre voyage se fera sur un plateau de jeu, et les évènements que vous affronterez dépendront de la case où vous tombez. C'est donc à une sorte de Mario Party-like que vous convie ce titre, chacune de vos étapes étant résolue par un mini-jeu, allant de la navigation entre des icebergs au déchiffrage de hiéroglyphes. Les objets recherchés se récupérant sur des cases spécifiques et uniques pour chaque pays, après avoir répondu à une question. Comme tous les party games, vous apprécierez ce jeu d'autant plus que vous le ferez à plusieurs : il est jouable en solo, mais vous n'éprouveriez alors pas la délicieuse jubilation de voir votre concurrent tomber sur la case Prison. Et puis le banquet final, c'est toujours plus sympa d'y aller accompagné...
Asterix - La Sfida di Cesare (Italy)	Nous sommes en 50 avant Jésus-Christ. Toute la Gaule est occupée par les romains... Toute ? Non ! Un village d'irréductibles Gaulois résiste encore et toujours à l'envahisseur. Vous connaissez l'histoire de ces fameux Gaulois, nul besoin de radoter. Mais cette fois, César a lancé un défi à nos héros : quitter leur village, entouré d'une palissade. Et Abraracourcix, chef incontesté des nos valeureux ancêtres, désigne quelques-uns de ses administrés pour faire un tour de l'Empire et ramener de chaque province un objet caractéristique, afin de prouver à César qui sont les plus irréductibles de tous les habitants de la Gaule. Ce qui rappelle fortement Le Tour de Gaule d'Astérix... Vous partirez pour des aventures vous menant de la Bretagne à la Mésopotamie, en passant par Rome, l'Egypte et la Grèce. Votre voyage se fera sur un plateau de jeu, et les évènements que vous affronterez dépendront de la case où vous tombez. C'est donc à une sorte de Mario Party-like que vous convie ce titre, chacune de vos étapes étant résolue par un mini-jeu, allant de la navigation entre des icebergs au déchiffrage de hiéroglyphes. Les objets recherchés se récupérant sur des cases spécifiques et uniques pour chaque pays, après avoir répondu à une question. Comme tous les party games, vous apprécierez ce jeu d'autant plus que vous le ferez à plusieurs : il est jouable en solo, mais vous n'éprouveriez alors pas la délicieuse jubilation de voir votre concurrent tomber sur la case Prison. Et puis le banquet final, c'est toujours plus sympa d'y aller accompagné...
Asterix - Le Defi de Cesar (France)	Nous sommes en 50 avant Jésus-Christ. Toute la Gaule est occupée par les romains... Toute ? Non ! Un village d'irréductibles Gaulois résiste encore et toujours à l'envahisseur. Vous connaissez l'histoire de ces fameux Gaulois, nul besoin de radoter. Mais cette fois, César a lancé un défi à nos héros : quitter leur village, entouré d'une palissade. Et Abraracourcix, chef incontesté des nos valeureux ancêtres, désigne quelques-uns de ses administrés pour faire un tour de l'Empire et ramener de chaque province un objet caractéristique, afin de prouver à César qui sont les plus irréductibles de tous les habitants de la Gaule. Ce qui rappelle fortement Le Tour de Gaule d'Astérix... Vous partirez pour des aventures vous menant de la Bretagne à la Mésopotamie, en passant par Rome, l'Egypte et la Grèce. Votre voyage se fera sur un plateau de jeu, et les évènements que vous affronterez dépendront de la case où vous tombez. C'est donc à une sorte de Mario Party-like que vous convie ce titre, chacune de vos étapes étant résolue par un mini-jeu, allant de la navigation entre des icebergs au déchiffrage de hiéroglyphes. Les objets recherchés se récupérant sur des cases spécifiques et uniques pour chaque pays, après avoir répondu à une question. Comme tous les party games, vous apprécierez ce jeu d'autant plus que vous le ferez à plusieurs : il est jouable en solo, mais vous n'éprouveriez alors pas la délicieuse jubilation de voir votre concurrent tomber sur la case Prison. Et puis le banquet final, c'est toujours plus sympa d'y aller accompagné...
Asterix - O Desafio de Cesar (Portugal)	Nous sommes en 50 avant Jésus-Christ. Toute la Gaule est occupée par les romains... Toute ? Non ! Un village d'irréductibles Gaulois résiste encore et toujours à l'envahisseur. Vous connaissez l'histoire de ces fameux Gaulois, nul besoin de radoter. Mais cette fois, César a lancé un défi à nos héros : quitter leur village, entouré d'une palissade. Et Abraracourcix, chef incontesté des nos valeureux ancêtres, désigne quelques-uns de ses administrés pour faire un tour de l'Empire et ramener de chaque province un objet caractéristique, afin de prouver à César qui sont les plus irréductibles de tous les habitants de la Gaule. Ce qui rappelle fortement Le Tour de Gaule d'Astérix... Vous partirez pour des aventures vous menant de la Bretagne à la Mésopotamie, en passant par Rome, l'Egypte et la Grèce. Votre voyage se fera sur un plateau de jeu, et les évènements que vous affronterez dépendront de la case où vous tombez. C'est donc à une sorte de Mario Party-like que vous convie ce titre, chacune de vos étapes étant résolue par un mini-jeu, allant de la navigation entre des icebergs au déchiffrage de hiéroglyphes. Les objets recherchés se récupérant sur des cases spécifiques et uniques pour chaque pays, après avoir répondu à une question. Comme tous les party games, vous apprécierez ce jeu d'autant plus que vous le ferez à plusieurs : il est jouable en solo, mais vous n'éprouveriez alors pas la délicieuse jubilation de voir votre concurrent tomber sur la case Prison. Et puis le banquet final, c'est toujours plus sympa d'y aller accompagné...
Atlantis - The Last Resort (Europe)	L'agent de probation vient de vous faire une offre que vous ne pouvez pas refuser... &quot;Arrêtez le réacteur au coeur de la station Atlantis et vous pourrez être libre&quot;. Vous répondez... &quot;Où est mon lance-roquettes ?&quot; 20 niveaux d'explosions insensées !
Axis and Allies (USA)	Nous sommes en 1942. La Seconde Guerre mondiale fait rage et vous contrôlez le destin des nations... sur terre, sur mer et dans les airs. Dirigez une ou plusieurs des grandes puissances : l'Allemagne, le Japon, l'URSS, le Royaume-Uni et les États-Unis, dans le plus grand conflit de l'histoire, en défiant le rusé CD-i oponente ou jusqu'à quatre autres joueurs. Faites preuve d'un jugement sûr, d'une stratégie brillante et de tactiques astucieuses pour déployer la puissance économique et militaire de votre pays afin de vaincre vos ennemis. Des séquences de combat réelles, des vues détaillées du monde, des effets sonores de qualité CD, ainsi qu'une aide en ligne complète, ajoutent des dimensions importantes à cette version CD-i captivante du célèbre jeu de société de Milton Bradley.
Backgammon (USA, Europe)	Le CD-i Backgammon contient tout ce dont vous avez besoin pour jouer au backgammon : un plateau de jeu, des pierres, des dés, un dé doubleur et même des ennemis ! Votre lecteur CD-i vous accompagne à chaque fois que vous souhaitez jouer. Choisissez votre adversaire parmi trois adversaires de différents niveaux. Que vous soyez débutant, que vous vous considériez comme un expert ou que vous vous trouviez entre les deux, vous trouverez toujours un adversaire à votre hauteur. Le backgammon est facile à apprendre. Vous ne connaissez pas exactement les règles ? Le CD-i Backgammon empêche les coups illégaux. Vous ne savez pas quel est le meilleur coup ? Le CD-i Backgammon vous donne un indice. Vous voulez reprendre un train ? Aucun problème avec le CD-i Backgammon ! Jouez avec vos amis – avec le programme comme arbitre impartial. Ou essayez le plateau de jeu en deux dimensions, sur lequel votre adversaire est invisible mais tout aussi intelligent.
Battleship (World)	Battleship est une conversion du jeu de plateau classique pour le CD-i. Le jeu se joue exactement comme le jeu de plateau original. Vous tirez à tour de rôle sur certaines coordonnées dans l'espoir de toucher les navires ennemis. Sur le côté de l'écran, une petite fenêtre montre de courtes séquences d'archives navales lorsque vous tirez ou êtes touché. Vous pouvez jouer contre l'ordinateur ou contre un ami.
Berenstain Bears, The - Bij de Berenstain Beren Thuis - Thuis en bij Jou (Netherlands)	Les Ours Berenstain : Comme des grands est un livre d'histoire interactif pour enfants basé sur la série de livres pour enfants très populaire. Une foire annuelle est arrivée au pays des ours, mais personne n'a le temps d'accompagner le frère et la sœur ours pour y aller. Maman ourse accepte qu'ils y aillent seuls s'ils prouvent qu'ils peuvent être responsables. Le jeu comprend 29 jeux éducatifs pour les enfants. Chaque fois qu'il réussit, le joueur peut gagner des étoiles. Les jeux comprennent le nettoyage de leur chambre virtuelle, la prise du bus pour l'école, la correspondance de l'alphabet, la lecture de l'horloge et d'autres encore. Au départ, tous les jeux sont autour de la maison, mais une fois que le joueur a fait preuve de responsabilité, d'autres jeux sont débloqués à la foire.
Berenstain Bears, The - On Their Own (USA)	Les Ours Berenstain : Comme des grands est un livre d'histoire interactif pour enfants basé sur la série de livres pour enfants très populaire. Une foire annuelle est arrivée au pays des ours, mais personne n'a le temps d'accompagner le frère et la sœur ours pour y aller. Maman ourse accepte qu'ils y aillent seuls s'ils prouvent qu'ils peuvent être responsables. Le jeu comprend 29 jeux éducatifs pour les enfants. Chaque fois qu'il réussit, le joueur peut gagner des étoiles. Les jeux comprennent le nettoyage de leur chambre virtuelle, la prise du bus pour l'école, la correspondance de l'alphabet, la lecture de l'horloge et d'autres encore. Au départ, tous les jeux sont autour de la maison, mais une fois que le joueur a fait preuve de responsabilité, d'autres jeux sont débloqués à la foire.
Big Bang Show (France) (En,Fr)	With the help of Sparkie, a little ball of energy created by Professir Albertus, you are going to travel through History. Your mission: collect during your journey through time and space a maximum of objects in a limited period! An arcade game full of surprises in wich logical thinking, good reflexes, skill and reasoning are the qualities required to complete this fabulous adventure.
BrainDead 13 (Europe)	Vous êtes un jeune technicien en informatique, et vous êtes appelé pour réparer l'ordinateur du futur maitre du monde, un cerveau mégalo avec un serviteur &quot;cracra&quot;. Malheureusement, après la réparation, vous allez vous retrouver enfermer dans un manoir assez hostile ! A vous de trouver le chemin pour vous en sortir ! Ce jeu est plus un dessin animé interactif qu'une véritable aventure. Une superbe animation, une histoire sympatique, un bon moment d'amusement.
Burn-Cycle (USA, Europe) (Disc 1) (The Game)	Si vous avez vu le film &quot;Johnny Mnemonic&quot; (ou si vous avez lu la nouvelle de William Gibson) vous ne serez pas dépaysé : Année 2063, vous êtes Sol Cutter, un cyberpirate, capable de récupérer des données grâce à un implant neuronal. Votre client, un groupe qui a tenu à garder l'anonymat, vous a chargé de récupérer des secrets industriels dans la base de donnée de la société Softech Cortex, ce qui nécessite d'aller sur place pour se connecter. Avec votre acolyte, vous avez pénétré les lieux, et vous vous êtes connecté. Sauf que tout ne se passe pas comme prévu : des données infectées vous ont transmis un virus d'un nouveau genre, le Burn:Cycle. Ce virus va faire monter votre température cérébrale jusqu'à causer votre mort... Dans 2h exactement. Vous avez donc 2h pour sortir du bâtiment en échappant aux gardes, trouver dans les méandres du Téléverse (réseau international où l'on se déplace en 3D... très à la mode dans la première moitié des années 1990) un moyen de vous débarrasser du virus, et au passage tenter de comprendre qui vous a piégé et pourquoi.
Caesars World of Boxing (Europe)	Vos fantasmes sportifs deviennent réalité dans ce jeu d'arcade/stratégie de boxe qui vous place sur le ring du fabuleux Ceasars Palace de Las Vegas. Dans les coulisses, le manager, les entraîneurs, les journalistes, les gros joueurs et les groupies qui composent votre entourage vous offrent des conseils, des encouragements et des tentations. Sous les projecteurs, le monde entier vous regarde pendant que vous collez les balles, grimpez dans les cordes et combattez pour la couronne des poids lourds. Vous êtes toujours au cœur de l'action (entouré de couleurs et du glamour de la vie nocturne de Las Vegas) dans Ceasars World of Boxing.
Caesars World of Gambling (USA, Europe)	Vivez l'expérience des images et des sons authentiques des casinos Caesars Palace. Écoutez le tintement des pièces et le halètement de la foule pendant que vous défiez la maison. Des graphismes de qualité cinématographique et des effets sonores stéréo haute-fidélité vous donnent l'impression d'être à Las Vegas. Caesars World of Gambling vous offre le frisson du jeu à enjeux élevés dans votre propre casino.
Caraibes Offshore (France)	Voici ta chance de gagner le paradis, mon pote. Tu es au milieu d'une aventure pleine d'action avec tes acolytes Spence (Terry &quot;Hulk&quot; Hogan) et Bru (Chris Lemmon). Frayez-vous un chemin à travers ces rencontres d'action époustouflantes alors que vous tentez de sauver la fille de Spence, Jessica, de reprendre le contrôle du M.A.J.O.R. et d'écraser votre ennemi juré, RAMPIKE ! Fonce à toute vitesse dans les Caraïbes, à bord du THUNDER, un équipement marin de haute technologie de 45 pieds. Prenez le contrôle des systèmes d'armes du bateau et défendez le THUNDER contre une pluie de menaces mortelles. Affrontez les sbires du psychotique RAMPIKE sur les sentiers étranges de l'île de Rossiter. Affrontez le M.A.J.O.R., un bio-humanoïde devenu fou, dans une bataille pour la vie de Jessica !
CD Shoot (USA) (En,Ja,Fr,De,Es,It,Nl,Pt)	CD Shoot est un jeu de tir pour le CD-i. Le jeu comporte quatre modes de jeu : sportif, Olympic trap, balltrap et English skeet. Dans le jeu, des colombes d'argile sont lancées en l'air et, à l'aide d'une croix de visée, vous devez les tirer dans le ciel.
Chaos Control (USA)	Chaos control est un jeu de tir très peu subtil paru en 1995. Le scénario est très basique. C'est la guerre. Des extra-terrestres fondent sur notre planète. Prenant place à bord d'un engin volant, vous devez détruire les envahisseurs à l'aide de ce qui semble être un laser.
Christmas Country (Europe)	Christmas Country est un jeu de plateforme en 2D pour le CD-i avec un décor de Noël. Le jeu est destiné aux jeunes enfants. Le joueur doit marcher, courir et vaincre des ennemis. Le jeu comprend 16 niveaux.
Christmas Crisis (Europe)	Serez-vous capable d'aider le Père Noël à se frayer un chemin à travers 24 niveaux, à retrouver les rennes perdus, à trouver les cadeaux dangereux et à vaincre les jouets maléfiques ? Survivre ne suffit pas, il y a des points à marquer dans les 8 niveaux bonus (si vous les trouvez) ! Combien de temps pouvez-vous faire voler le traîneau du Père Noël dans un monde en 3 dimensions ? Le Père Noël a besoin de votre aide pour sauver le Noël de cette année. Et NON, il n'y a pas de tir, c'est Noël, n'oubliez pas !
Clue (USA)	Découvrez ce qui s'est réellement passé à Arlington Hall, le célèbre manoir du Cluedo. Pourquoi M. Boddy a-t-il été assassiné ? Qui avait le mobile et l'opportunité ? Où est cachée l'arme ? Regardez le drame se dérouler dans le film alors que vous êtes témoin des événements de ce week-end fatidique. Interrogez les suspects et explorez la maison à la recherche de preuves cachées. Faites la compétition avec votre famille et vos amis pour voir qui d'entre vous est le véritable maître détective !
Clue - The Mysteries Continue (USA)	Cluedo, connu sous le nom de Clue aux États-Unis, est un jeu de société populaire sur le thème du mystère du meurtre. La version CD-i utilise pleinement la vidéo numérique pour présenter au spectateur un jeu stimulant. En interrogeant de vrais personnages et en utilisant un processus de déduction, les téléspectateurs doivent jouer les uns contre les autres pour trouver le meurtrier, l'arme du crime et la salle du crime, et accuser correctement le coupable.
Cluedo (Europe)	Découvrez ce qui s'est réellement passé à Arlington Hall, le célèbre manoir du Cluedo. Pourquoi M. Boddy a-t-il été assassiné ? Qui avait le mobile et l'opportunité ? Où est cachée l'arme ? Regardez le drame se dérouler dans le film alors que vous êtes témoin des événements de ce week-end fatidique. Interrogez les suspects et explorez la maison à la recherche de preuves cachées. Faites la compétition avec votre famille et vos amis pour voir qui d'entre vous est le véritable maître détective !
Cluedo - The Mystery Continues (Europe)	Cluedo, connu sous le nom de Clue aux États-Unis, est un jeu de société populaire sur le thème du mystère du meurtre. La version CD-i utilise pleinement la vidéo numérique pour présenter au spectateur un jeu stimulant. En interrogeant de vrais personnages et en utilisant un processus de déduction, les téléspectateurs doivent jouer les uns contre les autres pour trouver le meurtrier, l'arme du crime et la salle du crime, et accuser correctement le coupable.
Comando Tierra (Spain)	Earth Command est un jeu de simulation stratégique qui se concentre sur les menaces écologiques et sociales qui pèsent sur notre planète. Le joueur joue le rôle du chef d'un poste de commandement spécial des Nations Unies dans l'espace. Vous avez le contrôle total pour allouer des budgets et des taxes, envoyer des secours d'urgence, décréter des lois d'urgence et d'autres actions d'intérêt mondial. Vous devez combattre les catastrophes naturelles et sociales. Le jeu se déroule sur une carte du monde de haut en bas. Chaque fois qu'une situation se présente, elle est accompagnée de vidéos animées. Le jeu couvre 500 situations d'urgence possibles dans 130 pays différents et comprend des séquences vidéo réelles provenant notamment de CNN, Greenpeace et du département d'État américain.
Compton's Interactive Encyclopedia (USA)	L'intégralité des vingt-six volumes de l'Encyclopédie Compton prend vie sur votre téléviseur ! Vous pouvez accéder instantanément à des images haute résolution, à un son de qualité CD et à des segments vidéo et audio passionnants ! Voyagez dans le passé dans une machine à remonter le temps ou dans le monde d'aujourd'hui dans un atlas mondial interactif. Écoutez la musique de Bach ou de Vivaldi. Examinez les valves d'un cœur qui bat, regardez les premiers pas de l'homme sur la lune.
Connect Four (USA, Europe)	Connect Four est une version numérique du jeu de plateau Milton Bradley &quot;Puissance 4&quot; de 1974 du même nom. Dans le jeu, les joueurs se relaient pour déposer des disques de couleur sur un terrain de jeu vertical tout en essayant d'en obtenir quatre de suite, soit horizontalement, verticalement ou en diagonale. Cette version peut être jouée contre un ami ou contre l'ordinateur. Il y a trois niveaux de difficulté pour l'adversaire de l'ordinateur. Les joueurs peuvent choisir leur propre couleur.
Cosecha del Sol, La - Vincent van Gogh Revivido (Spain)	&quot;Une moisson de soleils &quot;vous convie à un voyage extraordinaire dans l'univers de Vincent Van Gogh. Vous découvrirez tous les détails de sa vie et de son art en couleurs éclatantes et sur des musiques d'époque. Dans ce disque, vous êtes critique comme Théo Van Gogh, qui fut &quot;l'agent&quot; du peintre, ou &quot;connaisseur&quot; comme le Docteur Gachet qui le soigna. Vous décidez vous-même du programme. Entrez dans l'atelier du peintre et décrochez un tableau vous voilà parti pour Paris et les rues pleines de vie de Montmartre, ou pour les plaines de Provence inondées de soleil. Vous allez pouvoir visiter à votre propre rythme et quand il vous plaira les six périodes principales de la vie dramatique de Van Gogh. Bien plus encore: vous pourrez voir les lieux mêmes où l'artiste vécut et travailla, découvrir l'endroit où il installait son chevalet et comprendre comment il observait une scène et la reproduisait. Dans la galerie musicale, vous admirerez l'oeuvre de Van Gogh aux accents des musiques de Debussy, Frank, Chabrier et Bizet en une symphonie de couleurs et de sons numériques.
Creature Shock (Europe) (Disc 1)	Le jeu se déroule en l'an 2123 et se focalise sur un navire perdu, le UNS Amazon, parti explorer différentes planètes afin de déterminer de nouveaux lieux viables après que la Terre eut été détruite par l'activité humaine. En route vers Saturne, l'Amazon est pris au piège par un être extraterrestre massif ressemblant à un astéroïde. Le protagoniste, le commandant Jason Barr, est envoyé pour enquêter sur l'incident.
Crime Patrol (Europe)	Originaire des salles d'arcade, il s'agit d'un jeu de tir vidéo en mouvement avec de vrais acteurs, produit par les créateurs de Mad Dog McCree. Crime Patrol met le joueur dans la peau d'un policier, qui commence comme recrue et doit gravir les échelons pour devenir membre du SWAT et éventuellement de l'équipe Delta Force. Pour ce faire, il doit accomplir des missions, qui consistent à éliminer des criminels dans divers endroits. En commençant par des criminels de petite envergure (comme des voleurs à l'étalage), le héros devra plus tard affronter des gangsters, des barons de la drogue et éventuellement des terroristes. Pour chaque série de missions, le personnage du joueur fait équipe avec un autre policier. Le gameplay est assez similaire à n'importe quel autre jeu de pistolet laser en direct que l'on trouve dans les salles d'arcade - tout ce que le joueur a à faire est de prendre le pistolet (ou la souris dans la version informatique) et de montrer à ces criminels qui est le chef !
Dark Castle (USA, Europe)	Le joueur contrôle Duncan, un paladin, qui doit traverser un château et récupérer des clefs et divers objets afin de pouvoir affronter un chevalier noir, gardien de ce donjon. Après avoir parcouru les ailes du château, Duncan peut se rendre invincible grâce à un bouclier magique touché par la foudre et lancer des boules de feu, pouvoirs qui lui permettent d'affronter le Chevalier noir.
Defender of the Crown (USA, Europe)	Dans Defender of the Crown, vous incarnez l'un des quatre chevaliers saxons de l'Angleterre médiévale, à une époque où le pays est en proie à des troubles car le roi est mort et sa couronne a été volée. Les Saxons et les Normands s'accusent mutuellement et se battent pour le contrôle de l'Angleterre. Après une courte introduction par Robin de Locksley lui-même, vous commencez le jeu avec un seul château et 10 soldats à vos ordres. Ensuite, vous devez construire votre armée, prendre le contrôle de territoires supplémentaires et combattre les trois seigneurs normands mais aussi parfois vos amis saxons. Le jeu a plusieurs styles différents : Vous pouvez vous engager dans un concours de joutes où vous devez faire tomber votre adversaire de son cheval à l'aide d'une lance, vous pouvez aller piller un château pour y chercher du butin ou vous pouvez attaquer un autre territoire/château.
Dimo's Quest (USA)	Pour pouvoir épouser la princesse Dori, Dimo la grenouille doit collecter tous les bonbons que son père le roi Greenfoot veut dans tout le royaume ! Cela signifie plus de 50 niveaux; donc aider Dimo dans sa quête dans ce jeu de puzzle mignon...
Do You Remember the '60s (UK)	Vous souvenez-vous des années 60 ? est un jeu-questionnaire avec des questions sur les années 60 pour toute la famille.
Domino (Netherlands)	Le domino se joue par paires. À tour de rôle, vous placez un domino sur l'un des deux côtés du serpent. Seules les demi-tailles de même valeur peuvent être placées. Le joueur qui perd toutes ses pierres en premier est le gagnant. La partie se termine par un match nul si les deux joueurs ne parviennent pas à se débarrasser d'une tuile ; personne ne marque de points. Vous pouvez convenir à l'avance du nombre de parties que vous jouerez ; le lecteur de CD enregistre le score. Pendant le jeu, vous ne pouvez pas voir les pierres de votre adversaire. Trois pierres de domino apparaissent dans l'écran d'ouverture. Choisissez les pierres de domino traditionnelles, des pierres de six couleurs différentes ou un jeu avec différentes fleurs comme motifs. Une note de musique est visible en haut à gauche et permet d'activer ou de désactiver la musique.
Dragon's Lair (USA)	Dans ce jeu, qui se présente comme un véritable dessin-animé interactif où l'humour est roi, vous incarnez un pseudo-chevalier assez risible qui doit porter secours à une charmante demoiselle. Sa jouabilité mettra vos réflexes à rude épreuve : vous devrez faire le bon geste au bon moment. La barre de la difficulté est donc placée très haute : vous devrez avant tout vous armer de patience... Le gros point fort de ce soft reste cependant sa qualité graphique remarquable, inégalée sur aucun autre support.
Dragon's Lair II - Time Warp (USA)	Dragon's Lair, deuxième du nom, sorti cette fois exclusivement sur CD-i. Une fois de plus, la princesses Daphné a encore eu le bon goût de se faire enlever (décidément). Et devinez qui s'y colle ? Notre héros poilant Dirk, qui fait donc son come-back pour une petite croisière dans l'espace-temps, afin de botter définitivement le derrière de son ennemi juré, le sorcier Mordoc ! Le système de jeu reste le même que le premier opus, impulsifs s'abstenir donc...
Drug Wars (Europe)	Si c'est la guerre que vous voulez, c'est la guerre que vous aurez ! Cibler le roi de la drogue Lopez et toute sa chaîne de distribution est une véritable guerre internationale. Drug Wars est un thriller d'action à plusieurs niveaux qui vous fera tout traverser, des trafiquants des petites villes aux cartels des grandes villes. Vous combattrez des trafiquants de drogue internationaux à la frontière. Et si vos talents de tireur sont suffisants, vous serez affecté en Amérique du Sud pour détruire la source et capturer Lopez.
Earth Command (USA)	Earth Command est un jeu de simulation stratégique qui se concentre sur les menaces écologiques et sociales qui pèsent sur notre planète. Le joueur joue le rôle du chef d'un poste de commandement spécial des Nations Unies dans l'espace. Vous avez le contrôle total pour allouer des budgets et des taxes, envoyer des secours d'urgence, décréter des lois d'urgence et d'autres actions d'intérêt mondial. Vous devez combattre les catastrophes naturelles et sociales. Le jeu se déroule sur une carte du monde de haut en bas. Chaque fois qu'une situation se présente, elle est accompagnée de vidéos animées. Le jeu couvre 500 situations d'urgence possibles dans 130 pays différents et comprend des séquences vidéo réelles provenant notamment de CNN, Greenpeace et du département d'État américain.
Earth Rhythms (USA)	Découvrez un monde fascinant et puissant qui s'étend jusqu'aux confins de la terre. Ce disque présente des musiques du monde libres, joyeuses et rythmées, ainsi que des paysages naturels époustouflants. Détendez-vous en écoutant les doux sons de la nature et profitez d'une collection d'images étonnantes et inspirantes.
Effacer (USA)	Jouez au jeu de mots classique « Hangman » à la manière du CD-i ! Effacer vous accueille dans le désert d'Urgrik, où vous devez vous efforcer d'épeler, de déchiffrer des mots croisés et de maîtriser les définitions. Mais attention aux extraterrestres ! Ils mélangent les temps des verbes, mal placent les modificateurs, utilisent des doubles négations, tentent trop de jeux de mots, s'engagent dans une écriture médiocre et utilisent des traits d'union de manière imprudente. Ils sont laids aussi. Éliminez les extraterrestres et améliorez votre vocabulaire. Choisissez cinq niveaux de difficulté, ajustez les paramètres du chronomètre et jouez contre l'ordinateur ou des adversaires humains. La liste de 40 000 mots gardera votre mission en vie. Battez les forces obscures de l'ignorance. Montrez aux extraterrestres la force de l'alphabétisation !
Escape from CyberCity (USA, Europe)	Véritable dessin animé interactif, Escape from CyberCity vous entraine dans une histoire palpitante aux fabuleux graphismes, et aux musiques et bruitages impressionnants. Reprenant le même principe que Dragon's Lair, votre mission consistera à vous échapper de la ville cybernétique et à détruire la planète des Guardians, genre de droïdes hyper évolués, ceux-ci ayant pris le contrôle de la Terre. L'utilisation d'une souris est conseillée.
Exploring Our Solar System (USA)	Volez vers les planètes, vers le soleil, les astéroïdes et les comètes. Patrick Moore, astronome et personnalité de la télévision de renommée mondiale, est votre guide de vol vers les planètes. Tom Baker, voyageur temporel extraordinaire, vous fera remonter le temps pour explorer les débuts du système solaire et découvrir comment les planètes ont obtenu leurs noms. Vous testerez vos compétences de vol interplanétaire jusqu'à la limite lorsque vous mettrez votre intelligence à l'épreuve contre la force de gravité dans les jeux fascinants de planetball et de gravity golf. Le système solaire vous offre : – Des centaines de fabuleuses photos spatiales de la NASA. – Plus de 2 heures d'informations d'experts. – Des milliers de faits et de chiffres. – Des survols planétaires et d'autres films jamais vus auparavant.
Family Games I (Europe)	Voici une collection de jeux pour toute la famille. Il va garder tout le monde collé à l'écran pendant des heures! Faites votre choix - action et aventure, casse-tête ou divertissement simple. Il y a dix grands jeux - Full Attack, Jokisen, Où est ce son, Skid Kart, Captain Alphabet, Draw Stamp Color, SuperSlide, Morphon Invasion, Wizard et Hot Rocks.
Family Games II - Junkfood Jive (Europe)	Si vous aimez voleter comme une mouche sur des résidus de nourriture sales, si vous devez vous battre avec votre partenaire pour l'addition, si vous voulez inventer votre propre garniture de pizza astucieuse, si vous avez eu de plus grandes ambitions que les personnes plus petites ou si vous avez peint (oui) vos chefs-d'œuvre sur d'épais sets de table, alors vous vous sentirez tout à fait à l'aise ici !
Flashback (USA)	L'histoire débute en 2042 lorsque Conrad B. Hart prend connaissance d'un complot lié à l'existence d'extraterrestres hostiles disséminés parmi la population. Ces derniers le kidnappent mais Hart parvient à s'enfuir. Il est vite rattrapé et atterrit en catastrophe au coeur de la jungle de Titan, un satellite de Saturne. Le joueur doit braver les dangers de la jungle environnante et déjouer le complot en place. Bien qu'une grande partie du gameplay soit consacrée à courir, sauter et tirer sur des ennemis, le jeu comporte également un élément d'exploration considérable, ainsi qu'une partie de résolution d'énigmes. Le joueur fait naviguer Conrad à travers des structures de plates-formes, en effectuant différents mouvements. Il est possible de sauter, courir, grimper, s'accrocher aux rebords et de ramasser des objets ... Pour se défendre, Conrad peut tirer sur les ennemis avec son pistolet et utiliser divers objets pour les blesser ou les distraire.
Flintstones-Jetsons Timewarp (USA)	Flintstones Jetsons: Timewarp est un jeu d'aventure graphique basé sur les deux dessins animés populaires Les Pierrafeu et Les Jetsons. Dans le jeu, Fred Pierrafeu et George Jetson ont échangé leurs places dans le temps et l'espace. C'est au joueur de remettre les choses en ordre.
Geants du Jazz, Les (France)	Le grand beat de Basie, le bebop de Charlie Parker, l'impertinence de Sarah Vaughan, le blues de Billie Holiday, le cool de Miles Davis, le swing de Stan Getz. Tous ces géants du jazz ont eu un impact monumental sur le monde de la musique et sur le monde lui-même. Découvrez dix-neuf chansons formidables dans ce disque entièrement interactif, où la musique remplit l'air et où la vie de ces géants du jazz est à portée de main. Les notes de l'artiste offrent une biographie illustrée de chaque interprète. Les notes de pochette offrent des informations sur les chansons, la compétition, les musiciens, les anecdotes des sessions et des conseils techniques.
Girl's Club (USA, Europe)	Girl's Club est un jeu de simulation de rencontres fantastiques avec l'actrice américaine Heidi Lucas. Il n'est cependant pas possible de sortir avec Heidi, car ce jeu s'adresse aux filles et permet au joueur de sortir avec trente hommes différents.
Girls (France) (En,Fr,De,Es,Nl)	Girl's Club est un jeu de simulation de rencontres fantastiques avec l'actrice américaine Heidi Lucas. Il n'est cependant pas possible de sortir avec Heidi, car ce jeu s'adresse aux filles et permet au joueur de sortir avec trente hommes différents.
Gnomes (USA)	Souhaitez-vous savoir à quel âge un Gnome prend sa retraite, quelle est sa force par rapport à un être humain et comment il gère les Trolls et les Snotgurks ?
Go (Spain)	Go: Special Edition est une version numérique du jeu de société chinois classique. Le jeu se joue à deux joueurs ou contre une IA. Comme dans le jeu de société, les joueurs placent à tour de rôle des marqueurs blancs ou noirs aux intersections de la grille de jeu. Le but est d'obtenir le contrôle majoritaire du plateau. Les joueurs peuvent supprimer les marqueurs d'un adversaire en l'entourant complètement avec les leurs. Le jeu comprend des tutoriels vidéo de joueurs de Go professionnels, un historique complet du jeu de Go et un guide de stratégie.
Goal! FIFA World Cup Soccer Quiz Game (Europe) (En,Ja,Fr,De,Es,It,Nl,Pt)	GOAL est quiz sur la Coupe du Monde de Football de la FIFA pour deux joueurs ou équipes dans une des huit langues proposées. Les questions sont prises au hasard dans une base de données de plusieurs centaines sur les joueurs, les lieux des rencontres et les résultats d'un des plus fameux championnats.
Golden Oldies I (Europe)	Golden Oldies I est une collection de deux jeux qui imitent les mécanismes de jeu des jeux d'arcade classiques. Les jeux sont: Guardian, un remake de Defender. Invaders, un remake de Space Invaders Les deux jeux ont des graphismes modernisés par rapport à l'original, tandis que le gameplay reste essentiellement le même. Dans Guardian, vous volez sur un arrière-plan à défilement horizontal en tirant sur les ennemis. Dans Invaders, vous planez au bas de l'écran et tirez sur les ennemis qui descendent du ciel. Il y a trois bunkers dans lesquels vous pouvez vous cacher, jusqu'à ce qu'ils soient réduits en miettes.
Golden Oldies II (Europe)	Golden Oldies II est une suite de Golden Oldies I. Comme le titre précédent, il s'agit d'une collection de deux jeux qui imitent les mécanismes de jeu des jeux d'arcade classiques. Pour la partie II les jeux sont : Blockbuster, un remake d'Arkanoid. Bughunt, un remake de Centipede. Les deux jeux ont des graphismes modernisés par rapport à l'original, tandis que le gameplay reste essentiellement le même. Dans Blockbuster, le joueur déplace une palette de gauche à droite pour faire rebondir une balle contre des blocs en haut de l'écran. Les blocs sont détruits lorsqu'ils sont touchés par la balle et pour gagner, tous les blocs doivent être détruits. Certains blocs contiennent des bonus qui facilitent la tâche du joueur. Dans Bughunt, le joueur essaie de tuer des mille-pattes en lui tirant dessus depuis le bas de l'écran. Chaque fois qu'ils sont abattus, les mille-pattes perdent des parties de leur corps, ce qui les rend plus difficiles à frapper pour un coup successif.
Golden Oldies Jukebox (USA)	Golden Oldies I est une collection de deux jeux qui imitent les mécanismes de jeu des jeux d'arcade classiques. Les jeux sont: Guardian, un remake de Defender. Invaders, un remake de Space Invaders Les deux jeux ont des graphismes modernisés par rapport à l'original, tandis que le gameplay reste essentiellement le même. Dans Guardian, vous volez sur un arrière-plan à défilement horizontal en tirant sur les ennemis. Dans Invaders, vous planez au bas de l'écran et tirez sur les ennemis qui descendent du ciel. Il y a trois bunkers dans lesquels vous pouvez vous cacher, jusqu'à ce qu'ils soient réduits en miettes.
Golf Tips (Europe) (En,Ja)	Un mélange d'animations, de photos, de graphiques et de vidéos encartées fournit des instructions de golf incroyablement claires adaptées à tous les niveaux. Le matériel du disque a été compilé par une équipe internationale dirigée par John Stirling, professionnel britannique respecté de la PGA et entraîneur national anglais. Fault Finder et Course Management offrent un accès instantané à des conseils percutants d'un choix de trois pros, dont l'un est sûr de vous aider dans votre jeu.
Great Day at the Races, A (USA)	A Great Day at the Races est un didacticiel interactif destiné aux joueurs en herbe qui souhaitent apprendre à parier sur les courses de chevaux et à apprendre des méthodes de handicap avancées. Il propose également des leçons sur l'histoire des courses de chevaux et un dictionnaire où les joueurs peuvent apprendre le jargon de la piste. Il propose également des courses simulées où les joueurs, six au total, peuvent tester leurs nouvelles compétences et s'essayer aux courses FMV avant de les essayer sur la vraie chose.
Guignols de l'Info, Les ...le Jeu ! (France)	Retrouvez vos marionnettes préférées dans ce jeu de 1995. Vous êtes un journaliste débutant fraîchement embauché par WCITV (World Company Incorporated Television), la chaîne dirigée par Monsieur Sylvestre. Vous commencez au sous-sol dans un bureau minable, et devez monter dans le Gigamat pour réussir à prendre la place du plus grand journaliste : PPD. Pour réussir il faudra réaliser des reportages vous apportant Crédibilité et Popularité. Le sujet de votre reportage ayant une grande importance dans les points gagnés ou perdus : aidez un puissant à monter en notoriété et vous serez récompensé, faire descendre un loser vous permet aussi de gagner de points, par contre déstabiliser un puissant peut entrainer un retour de manivelle. Vous devrez réaliser des reportages (au début on vous impose un sujet, plus vous montez dans le Gigamat et plus vous avez de choix) sur des personnalités, le tout dans un temps imparti. Pour réaliser votre reportage, vous allez sur le lieu de mission, et cliquez sur tout ce que vous pouvez trouver, sélectionnez votre caméra pour enregistrer ce qui vous paraît important, mais attention, la batterie de la caméra est limitée. Une fois le reportage prêt, vous retournez à WCITV pour la diffusion. Si vous n'avez aucun élément intéressant, on vous engueule et vous descendez beaucoup dans le Gigamat. Vous pouvez aussi choisir vous-même de ne pas diffuser si vous savez que vous vous êtes plantés, vous perdez quelques points mais vous ne vous faites pas rétrograder.
Harvest of the Sun - Van Gogh - Une Moisson de Soleils (France)	&quot;Une moisson de soleils &quot;vous convie à un voyage extraordinaire dans l'univers de Vincent Van Gogh. Vous découvrirez tous les détails de sa vie et de son art en couleurs éclatantes et sur des musiques d'époque. Dans ce disque, vous êtes critique comme Théo Van Gogh, qui fut &quot;l'agent&quot; du peintre, ou &quot;connaisseur&quot; comme le Docteur Gachet qui le soigna. Vous décidez vous-même du programme. Entrez dans l'atelier du peintre et décrochez un tableau vous voilà parti pour Paris et les rues pleines de vie de Montmartre, ou pour les plaines de Provence inondées de soleil. Vous allez pouvoir visiter à votre propre rythme et quand il vous plaira les six périodes principales de la vie dramatique de Van Gogh. Bien plus encore: vous pourrez voir les lieux mêmes où l'artiste vécut et travailla, découvrir l'endroit où il installait son chevalet et comprendre comment il observait une scène et la reproduisait. Dans la galerie musicale, vous admirerez l'oeuvre de Van Gogh aux accents des musiques de Debussy, Frank, Chabrier et Bizet en une symphonie de couleurs et de sons numériques.
Harvest of the Sun - Vincent Van Gogh Revisited (USA)	&quot;Une moisson de soleils &quot;vous convie à un voyage extraordinaire dans l'univers de Vincent Van Gogh. Vous découvrirez tous les détails de sa vie et de son art en couleurs éclatantes et sur des musiques d'époque. Dans ce disque, vous êtes critique comme Théo Van Gogh, qui fut &quot;l'agent&quot; du peintre, ou &quot;connaisseur&quot; comme le Docteur Gachet qui le soigna. Vous décidez vous-même du programme. Entrez dans l'atelier du peintre et décrochez un tableau vous voilà parti pour Paris et les rues pleines de vie de Montmartre, ou pour les plaines de Provence inondées de soleil. Vous allez pouvoir visiter à votre propre rythme et quand il vous plaira les six périodes principales de la vie dramatique de Van Gogh. Bien plus encore: vous pourrez voir les lieux mêmes où l'artiste vécut et travailla, découvrir l'endroit où il installait son chevalet et comprendre comment il observait une scène et la reproduisait. Dans la galerie musicale, vous admirerez l'oeuvre de Van Gogh aux accents des musiques de Debussy, Frank, Chabrier et Bizet en une symphonie de couleurs et de sons numériques.
Hieroglyph (Germany)	Hieroglyph est un jeu de réflexion sur le thème égyptien. Comme dans le jeu de société Master Labyrinth, le joueur contrôle la disposition d'un labyrinthe composé de différentes tuiles. Le joueur doit aider la marionnette à s'échapper. Le jeu propose trois niveaux de difficulté : lent, normal et rapide.
Hotel Mario (USA)	Hotel Mario est un jeu de puzzle développé sur CD-i par Philips. Le joueur y incarne Mario et doit parcourir les sept hôtels de Koopa du royaume Champignon. Chaque hôtel contient dix niveaux et l'objectif est de fermer toutes les portes de chaque niveau. Ces portes peuvent cacher des objets comme des pièces, des étoiles ou des fleurs de feu. Mario devra faire face à des ennemis comme des Goombas ou des carapeurs tout en ramassant le plus de pièces possible
Inca (USA)	Vous incarnez l'Elu, Eldorado, et votre quête cruciale est la suivante : retrouver les 3 pouvoirs de vos ancêtres - le Temps, la Matière, et l'Energie - dissimulés dans l'espace-temps, avant vos ennemis les conquistadores. Un magnifique jeu d'aventure dans monde des Incas, dont la progression se fera le plus souvent par la résolution d'énigmes variées. On trouvera aussi quelques sympathiques phases de shoot.
International Tennis Open (USA) (En,Fr)	Les joueurs se font passer pour &quot;Victor Player&quot; - Un joueur expérimenté dont la nationalité dépend de la langue que vous avez sélectionnée. Il y a plusieurs styles de gameplay différents : Match - Permet aux joueurs de jouer un seul match de tennis Tournoi - Permet aux joueurs de jouer une série de jeux contre des adversaires différents Entraînement - Les joueurs sont autorisés à s'entraîner avant de jouer. Il s'agit de jouer contre une balle que lance la machine. Pendant la partie ou au début, le commentateur sportif George Eddy fait des commentaires sur le jeu.
Jan Pienkowski Haunted House (Europe) (En,Fr,De,Es,It,Nl)	Piégé dans une maison hantée, vous devez vous emparer de la clé qui se trouve dans la cave... Simple? Encore faudra-t-il trouver la combinaison de la serrure, affronter les monstres, et rechercher les indices dissimulés dans dix salles de cauchemars...
Jazz Giants - From Big Band to Bossa Nova (USA, Europe)	Le grand beat de Basie, le bebop de Charlie Parker, l'impertinence de Sarah Vaughan, le blues de Billie Holiday, le cool de Miles Davis, le swing de Stan Getz. Tous ces géants du jazz ont eu un impact monumental sur le monde de la musique et sur le monde lui-même. Découvrez dix-neuf chansons formidables dans ce disque entièrement interactif, où la musique remplit l'air et où la vie de ces géants du jazz est à portée de main. Les notes de l'artiste offrent une biographie illustrée de chaque interprète. Les notes de pochette offrent des informations sur les chansons, la compétition, les musiciens, les anecdotes des sessions et des conseils techniques.
Jeopardy! (USA)	Si vous avez toujours rêvé de participer à Jeopardy! (et qui ne l'a pas rêvé), jouez au jeu de questions-réponses le plus populaire au monde et sentez-vous comme sur le plateau ! Vous êtes devant les caméras, la main sur le buzzer, tandis que l'animateur Alex Trebek vous appelle par votre nom et vous bombarde de catégories et de montants en dollars. Passez du tour de Jeopardy! au Double Jeopardy! et enfin au Jeopardy final, mis au défi par le jeu lui-même et par vos brillants adversaires. Remportez le plus d'argent, devenez champion et voyez votre score immortalisé dans le Jeopardy! Hall of Fame. La réponse unique au répertoire sur CD-I rend cette version aussi rapide que le jeu télévisé lui-même.
Jigsaw - The Ultimate Electronic Puzzle (USA)	Jigsaw: The Ultimate Electronic Puzzle est une collection de puzzles numériques. Le jeu vous permet de choisir une image dans sa bibliothèque et de sélectionner le nombre de pièces (3 000 à 15 000) et la forme des pièces. Le jeu dispose d'une fonction d'aide simple qui montre l'emplacement correct d'une pièce en appuyant simplement sur un bouton. Le jeu est accompagné d'une bande-son New Age apaisante.
Joker's Wild! Jr., The (USA)	« C'est le jeu où la connaissance est reine et la chance est reine... C'est The Joker's Wild ! » The Joker's Wild ! est l'un des jeux télévisés les plus populaires d'Amérique depuis des années, et cette version interactive regorge de tout le divertissement et de l'excitation de l'original. Rejoignez l'animateur Wink Martindale pour faire tourner les roues et répondre à des questions dans plusieurs catégories pour trois tours amusants et rapides. Gagnez le plus d'argent ! Montez, commencez à faire tourner... et rappelez-vous, The Joker's Wild !
Joker's Wild!, The (USA)	« C'est le jeu où la connaissance est reine et la chance est reine... C'est The Joker's Wild ! » The Joker's Wild ! est l'un des jeux télévisés les plus populaires d'Amérique depuis des années, et cette version interactive regorge de tout le divertissement et de l'excitation de l'original. Rejoignez l'animateur Wink Martindale pour faire tourner les roues et répondre à des questions dans plusieurs catégories pour trois tours amusants et rapides. Gagnez le plus d'argent ! Montez, commencez à faire tourner... et rappelez-vous, The Joker's Wild !
Joy of Sex, The (USA)	Bienvenue dans « La joie du sexe » sur CD interactif. Vous découvrirez un guide sage, divertissant et décomplexé sur les rapports sexuels, contenant une combinaison étincelante de vidéos, d'illustrations, de commentaires et de musique, rendus facilement et instantanément accessibles. Les techniques et positions sexuelles, ainsi que les idées sur l'amour et les relations, sont explorées à travers des séquences vidéo intimes, des centaines de dessins candides et tendres et plus de trois heures de commentaires. C'est vous qui décidez exactement ce que vous voulez voir ensuite, mais pour vous aider, les fonctionnalités interactives du disque comprennent: Introduction Guides Insights Questionnaire Jeu Bookmark
Karaoke Voetbal (Netherlands)	CHANTEZ AVEC LES TOP HITS NÉERLANDAIS !
Kether (USA) (En,Fr)	Mettant en oeuvre des effets spéciaux et des images de synthèse, ce jeu est vraiment impressionnant. Vous partez à la recherche de la princesse Eta Carène, de la planète Kether, retenue prisonnière par les forces de Khor. L'action se déroule en plusieurs phases d'arcade qui mettent vos nerfs à rude épreuve. Grandiose !!!
Kingdom - The Far Reaches (USA)	Aventurez-vous dans un monde de jeu entièrement animé, peuplé de sorciers et de spectres, d'acier brillant et de magie noire, d'actes héroïques et de trahisons de base. Vous incarnez Lathan, qui s'efforce de restaurer une amulette d'une grande puissance - désormais dispersée dans trois royaumes - et de vaincre le maléfique Torlock, dont le règne de terreur a vaincu votre patrie. Récupérez des objets de pouvoir et de magie, apprenez des indices pour distinguer les amis des ennemis et efforcez-vous de ramener la princesse Grace Delight sur le trône, car chaque mouvement que vous faites ouvre de nouvelles perspectives d'animation impressionnante et la possibilité de conquérir The Far Reaches !
Labyrinth of Crete (Europe)	Labyrinth of Crete est un jeu de réflexion graphique basé sur la mythologie grecque. Fait unique à l'époque de la sortie du jeu, vous contrôlez deux personnages distincts. Jason et Hercules sont en quête pour récupérer la Toison d'or au cœur du terrible Labyrinthe, réunissant trois mythes sans rapport en un seul. Le labyrinthe est divisé en trois sections, chacune étant vaguement cartographiée au dos de la couverture. Votre succès n'est en aucun cas assuré - les astuces, les pièges et les monstres abondent. Le jeu propose des graphismes haute résolution pour certains lieux, mais il s'agit par ailleurs d'une aventure textuelle.
Labyrinth von Kreta (Germany)	Labyrinth of Crete est un jeu de réflexion graphique basé sur la mythologie grecque. Fait unique à l'époque de la sortie du jeu, vous contrôlez deux personnages distincts. Jason et Hercules sont en quête pour récupérer la Toison d'or au cœur du terrible Labyrinthe, réunissant trois mythes sans rapport en un seul. Le labyrinthe est divisé en trois sections, chacune étant vaguement cartographiée au dos de la couverture. Votre succès n'est en aucun cas assuré - les astuces, les pièges et les monstres abondent. Le jeu propose des graphismes haute résolution pour certains lieux, mais il s'agit par ailleurs d'une aventure textuelle.
Laser Lords (USA)	Laser Lords est un jeu d'aventure comique qui se déroule dans l'espace. Dans le jeu, le joueur incarne un auto-stoppeur humain qui est enlevé sur une route déserte par un vaisseau spatial. L'intrigue se déroulera pour que le joueur sauve l'univers. Un être maléfique et ancien appelé Sarpedon essaie d'obtenir un certain cristal qui lui permettra de posséder l'univers entier. Inutile de dire que le joueur doit empêcher que cela se produise. Le jeu vous demande d'explorer sept planètes, chacune ayant des décors qui ressemblent à notre propre mythologie et histoire, comme la planète Argos qui ressemble beaucoup à la Grèce antique. Chaque monde regorge de références à des événements et des histoires historiques. Le jeu combine des éléments de jeu d'aventure avec des éléments de jeu de plateforme. Le joueur a 9 vies. Lorsque vous en manquez, le jeu est terminé, mais vous pouvez sauvegarder et charger le jeu pour éviter de devoir recommencer complètement le jeu. Vous pouvez collecter et échanger des objets pour résoudre des énigmes. Lorsque vous parlez à des PNJ, les mots mis en évidence dans leur dialogue peuvent être mémorisés. Cela les place dans votre « banque de mots » et vous permet de poser des questions à d'autres PNJ sur ces sujets. Tous les PNJ sont entièrement doublés. Les acteurs ont souvent imité des voix célèbres comme celles d'Arnold Schwarzenegger, John Wayne et Gregory Peck. Malgré sa classification « 12 ans et plus », le jeu regorge d'humour noir, de références au sexe, à la drogue, à l'homosexualité et aux jeux d'argent. Il est même possible de jouer à la roulette russe dans le jeu.
Last Bounty Hunter, The (Europe)	Alors, tu es le nouveau chasseur de primes dont toute la ville parle. Tu vas affronter ces quatre hors-la-loi vicieux et leurs gangs, hein ? Eh bien, étranger, tu as ce regard dans les yeux qui dit que tu n'as peur de rien. C'est bien, car il y a de quoi avoir peur avec ces quatre méchants.
Lemmings (USA)	Le joueur doit guider des dizaines de lemmings, minuscules créatures écervelées, dans des niveaux alambiqués truffés de dangers mortels. Le jeu est fondé sur le mythe populaire selon lequel les lemmings, petits rongeurs bien réels des régions arctiques, se livreraient au suicide collectif en se jetant des falaises.
Lingo (Netherlands)	Lingo est une version numérique du jeu télévisé du même nom. Comme dans le jeu télévisé, l'objectif est de deviner des mots de cinq lettres. On ne vous donne que la première lettre. Vous avez plusieurs essais et à chaque essai, les lettres sont marquées qui sont correctement placées et celles qui apparaissent dans le mot mais à un endroit différent. Dans les mots, vous devez tirer à l'aveugle une boule dans un pool. Il y a 17 boules numérotées qui correspondent à un numéro sur une carte de bingo. Il y a une boule avec un point d'interrogation qui permet aux joueurs de choisir un numéro à volonté. Lorsque les joueurs complètent une ligne ou une colonne, ils reçoivent des points bonus. Il y a aussi trois boules rouges qui passent le tour à l'autre joueur et trois boules vertes. Une boule verte vous permet de choisir une autre boule et également lorsque vous obtenez trois boules vertes avant la fin du jeu, vous gagnez un jackpot. Le jeu commence avec deux joueurs, mais après quelques tours, le joueur avec le plus de points passe à la finale. Le jeu est en néerlandais et ne propose donc que des mots néerlandais. Il contient une bibliothèque de 15 000 mots. Il existe également des options pour les jeux de six et sept lettres. Il est officiellement sous licence de l'itération néerlandaise du jeu télévisé et inclut donc le présentateur de télévision néerlandais François Boulangé.
Link - De Gezichten van het Kwaad (Netherlands)	Jeu reprenant les aventures de Link et assez similaire à &quot;Zelda - The Wand of Gamelon&quot; sorti la même année. Un Zelda à la sauce arcade donc, voire une sorte de beat'em all. Les graphismes sont toujours aussi irréprochables, malgré cependant quelques petits bugs de collision. Les animations qui s'intercalent entre les nombreux niveaux sont toujours sous forme de dessins animés. La jouabilité est elle aussi assez bonne, tout comme la durée de vie.
Link - Die Fratzen des Boesen (Germany)	Jeu reprenant les aventures de Link et assez similaire à &quot;Zelda - The Wand of Gamelon&quot; sorti la même année. Un Zelda à la sauce arcade donc, voire une sorte de beat'em all. Les graphismes sont toujours aussi irréprochables, malgré cependant quelques petits bugs de collision. Les animations qui s'intercalent entre les nombreux niveaux sont toujours sous forme de dessins animés. La jouabilité est elle aussi assez bonne, tout comme la durée de vie.
Link - The Faces of Evil (USA)	Jeu reprenant les aventures de Link et assez similaire à &quot;Zelda - The Wand of Gamelon&quot; sorti la même année. Un Zelda à la sauce arcade donc, voire une sorte de beat'em all. Les graphismes sont toujours aussi irréprochables, malgré cependant quelques petits bugs de collision. Les animations qui s'intercalent entre les nombreux niveaux sont toujours sous forme de dessins animés. La jouabilité est elle aussi assez bonne, tout comme la durée de vie.
Litil Divil (USA)	Le but du jeu est de traverser le Labyrinthe du Chaos et ses 5 niveaux pour aller récupérer la Légendaire Pizza du Glouton. Le jeu alterne les phases dans le labyrinthe en lui-même, constitué de couloirs et de nombreuses intersections parsemés de pièges divers et variés (pics surgissant du sol, fosse?), et les phases d'action lors de 50 tableaux (ou salles) où Mutt doit soit résoudre une énigme, soit vaincre un adversaire beaucoup plus puissant que lui. Les contrôles sont très classiques : 4 directions et 2 boutons, servant à sauter dans les couloirs, ou à des actions diverses lors de la traversées des tableaux. Si sa barre de santé atteint zéro, ou s'il est rattrapé par l'Entité (en clair, si le joueur prend trop de temps pour conclure un niveau), Mutt sera envoyé dans la salle de torture, mettant fin à la partie. Si au contraire tout se passe bien, le niveau se conclut alors par le sauvetage de l'âme d'un prédécesseur de Mutt qui a échoué à ramener la Pizza.
Lords of the Rising Sun (USA)	Lords of the Rising Sun est un jeu de stratégie avec une interface basée sur une carte géographique. Le joueur doit coordonner le déploiement de ses armées, assurer leur ressources et gérer leur compétences dans le but de combattre les armées adverses et de conquérir de nouveaux territoires. Le jeu inclut une dimension diplomatique permettant de négocier des alliances avec d'autres clans et propose de prendre part directement aux combats à travers cinq séquences d'action. Les deux personnages jouables, Yoritomo et Yoshitsune, possèdent des compétences différentes : le premier est meilleur négociateur tandis que le second possède des armées plus aguerries. Avec Yoshitsune, les séquences d'action deviennent facultatives. Chaque partie peut avoir un cheminement très dissemblable compte tenu des possibilités d'évolution dans le clan Minamoto, des interactions avec les clans indépendants et de la difficulté de jeu adaptative (plus le joueur est fort, plus la difficulté augmente). À la fin de la partie, le joueur reçoit une évaluation parmi vingt-cinq possibles. Elle dépend des compétences acquises, du nombre de généraux commandés, de territoires détenus et de trésors sacrés collectés.
Lost Eden (Europe) (En,Fr,De,Es,It)	Le jeu se déroule dans un passé légendaire de la Terre où les humains et les dinosaures cohabitent et où les dinosaures ont une intelligence humaine. La scène cinématique d'introduction a pour narrateur Eloi, un ptérodactyle, qui raconte a posteriori l'histoire du roi Adam de Mô, qu'il a connu dans sa jeunesse. Eloi jeune apparaît dans le jeu, où il fait partie des compagnons d'Adam, mais Eloi âgé fait quelques apparitions en tant que narrateur dans certaines scènes cinématiques.
Lost Ride, The (Europe)	The Lost Ride est un jeu de tir sur rails dans lequel vous êtes littéralement sur des rails. Le joueur est placé à l'intérieur de montagnes russes futuristes et doit tirer sur tout ce qui pourrait se mettre en travers de son chemin. Le jeu propose trois thèmes différents pour ses niveaux : Mine World, Aqua World et Future World. Chaque monde possède différents arrière-plans 3D pré-rendus sans couture qui servent de toile de fond à l'action de tir. À la fin de chaque étape, une créature Boss doit être tuée, ce qui débloquera un tour bonus. Ces pistes générées aléatoirement ressemblent à des labyrinthes et vous obligent à choisir une direction à différents moments. Elles sont présentées en son surround pour donner vraiment l'impression d'être à l'intérieur de montagnes russes.
Lucky Luke - The Video Game (Europe)	Avec Lucky Luke, vous pourrez vous amuser à poursuivre les frères Dalton.
Machine a Remonter le Temps, La (France)	Installez-vous aux commandes de cette merveilleuse machine. Vous allez pouvoir visiter le temps, explorer un paysage et ses transformations, rentrer dans les maisons, visiter et découvrir les progrès de l'humanité, de la préhistoire à nos jours. Le micro vous permettra d'écouter des sons d'il y a longtemps. Avec l'appareil photo vous pourrez prendre des photos souvenirs de votre voyage. Dans chaque époque visionnez le journal télévisé présenté par Bernard Haller avec la participation de Jérome Bonaldi. De retour de voyage les jeux vous attendent. Attachez votre ceinture...
Mad Dog 2 - Le Tresor Perdu (France)	Une aventure live-action qui met à l'épreuve vos compétences de tir en affrontant des bandits, des renégats et les hommes de Mad Dog. Sélectionnez l'un des trois guides différents et découvrez une variété de sentiers dans une quête pour battre Mad Dog jusqu'à l'or perdu et revenir avec lui à l'ancienne mission où la plus longue bataille interactive jamais filmée attend le joueur le plus habile !
Mad Dog II - El Oro Perdido (Spain)	Une aventure live-action qui met à l'épreuve vos compétences de tir en affrontant des bandits, des renégats et les hommes de Mad Dog. Sélectionnez l'un des trois guides différents et découvrez une variété de sentiers dans une quête pour battre Mad Dog jusqu'à l'or perdu et revenir avec lui à l'ancienne mission où la plus longue bataille interactive jamais filmée attend le joueur le plus habile !
Mad Dog II - The Lost Gold (Europe)	Une aventure live-action qui met à l'épreuve vos compétences de tir en affrontant des bandits, des renégats et les hommes de Mad Dog. Sélectionnez l'un des trois guides différents et découvrez une variété de sentiers dans une quête pour battre Mad Dog jusqu'à l'or perdu et revenir avec lui à l'ancienne mission où la plus longue bataille interactive jamais filmée attend le joueur le plus habile !
Mad Dog McCree (USA, Europe)	Le maire et sa fille ont été enlevés par McCree et sa bande. Le joueur doit traverser différents tableaux pour se rendre à la cachette de McCree pour le duel final. Chaque tableau prend place dans différents endroits de la ville. Des séquences vidéos donnant des informations précieuses au joueur sont jouées entre les tableaux. Il faudra apporter une attention particulière : aux informations fournies par le vieux fou barbu. Le joueur pourra obtenir des bonus en tirants sur des éléments déterminés du décor, exemple, des bouteilles vides. à la carte qui mène à la cachette. Si le joueur se trompe de chemin, il tombera irrémédiablement dans des pièges mortels.
Magic Eraser (Germany)	Magic Eraser est un jeu d'action et de réflexion graphique. Le jeu met en scène six célèbres tableaux russes maculés d'encre. C'est au joueur d'utiliser sa gomme magique pour effacer l'encre. Pendant ce temps, les bouteilles d'encre éclaboussent continuellement le tableau lorsqu'elles entrent en contact avec la gomme. Le joueur doit donc faire attention où il se déplace.
Making the Grade (UK)	Bienvenue dans Making the Grade. Jetez vos disques de shoot'em up et ouvrez votre intellect. Ce jeu est rapide, stimulant et amusant et comprend de nombreuses vidéos de haute qualité, en plein écran et en mouvement complet. Vous êtes le directeur général responsable de la planification, de la construction et de la gestion d'une usine chimique sur une période de 10 ans et vous avez une équipe de personnages plus grands que nature qui travaillent avec vous. Des heures de plaisir et de formation en gestion, il n'y a jamais eu de jeu comme celui-ci!
Maquina de Cuentos, La - Cuentos Magicos (Spain)	Tout le monde adore les histoires avec de belles jeunes filles, de beaux princes, des méchants diaboliques et des décors fantastiques. Voici un excellent moyen de créer vos propres histoires, qu'il s'agisse de contes de fées avec une fin heureuse ou de récits d'aventure palpitants. Nous vous fournissons tous les outils nécessaires pour concevoir des histoires de A à Z: des dizaines de scènes, des centaines de personnages qui se croisent, un clavier alphanumérique complet pour la narration et les dialogues, et même un accompagnement musical pour accompagner chaque rebondissement!
Marco Polo (Europe) (Disc 1) (The Game)	Incarnant un jeune commerçant vénitien, vous partez à la conquète de l'Asie afin de faire fortune. Mais votre chemin sera parsemé d'embûches, et les vendeurs que vous rencontrerez ne seront pas toujours honnêtes. Disposant d'une misérable somme d'argent, vous devrez faire fructifier celle-ci dans quelques-unes des 60 villes que comprend le jeu. Mais pour commercer, il faut avant tout une certaine notoriété et une confiance réciproque. Après de nombreuses missions que l'on vous aura confié, vous pourrez forger votre propre image et acquérir de l'importance afin de devenir un commerçant de renom.
Master Labyrinth (Europe) (En,Fr,De,Nl)	Master Labyrinth est une version numérique du jeu de société éponyme de Ravensburger, sorti en 1991. La version numérique se joue exactement comme le jeu de société. Les joueurs alternent les tours au cours desquels ils peuvent déplacer des rangées ou des colonnes du plateau de jeu, ce qui représente la disposition du labyrinthe. Différents composants magiques sont dispersés dans le labyrinthe et doivent être collectés par les joueurs. Les cartes déterminent les composants à collecter. Le joueur qui collecte le plus de composants remporte la partie.
Mega Maze (USA)	Mega Maze est une approche de jeu vidéo des jeux réels où vous devez faire tourner une plate-forme d'un labyrinthe avec une boule en métal pour éviter les trous et atteindre le milieu en quelques tours. Vous contrôlez une boule d'acier, poursuivie par des boules ennemies qui peuvent vous détruire en explosant lorsqu'elles vous touchent. Vous devez également éviter les pièges explosifs, les trappes et les capteurs électriques. Vous pouvez même fabriquer des boules factices pour attirer les boules ennemies ou les utiliser pour les placer sur un interrupteur afin de maintenir le poids dessus, ce qui vous donne le temps de traverser un piège sans vous faire attraper. Il comporte 75 niveaux, chacun avec un labyrinthe à nettoyer jusqu'à trois labyrinthes.
Merlin's Apprentice (USA)	Merlin's Apprentice est un jeu de puzzle dans lequel vous devez devenir un apprenti de Merlin le Magicien -- mais d'abord vous devez le trouver en résolvant de nombreux puzzles et en essayant de déjouer trois démons intelligents. Le jeu a des graphismes de style cartoon et drôle de son & voix.
Micro Machines (Europe)	Micro Machines est un jeu de course en vue de dessus jouable à deux. Chaque joueur dirige des voitures miniatures sur des circuits à échelle humaine. La vue de dessus toujours orientée vers le nord garde le véhicule du joueur au centre de l'écran.
Monty Python's Invasion from the Planet Skyron (Europe)	Monty Python's Invasion from the Planet Skyron est une &quot;émission de variétés interactive&quot; pour le CD-i. Vous guidez un groupe appelé les Lost Boys à travers neuf niveaux dans lesquels vous devez découvrir par vous-même ce qu'il faut faire. Chaque niveau consiste en un écran dans le style artistique typique des Monty Python. Cliquer sur des éléments peut déclencher ou non un événement qui peut être positif ou négatif. Derrière les Lost Boys marche un mouton qui garde le score qui monte ou descend chaque fois que vous faites quelque chose. Les niveaux sont divisés par des croquis du spectacle. Avec suffisamment de points, il est également possible d'acheter de nouveaux croquis. Il existe plusieurs mini-jeux dans le jeu tels que la mémoire, &quot;devinez qui l'a dit&quot; et &quot;devinez le croquis&quot; dans lesquels des points supplémentaires peuvent être marqués.
Monty Python's More Naughty Bits (USA)	Une collection CD-i de sketches classiques des Monty Python, avec lecture vidéo de ces moments mémorables des films, séries et émissions télévisées, ainsi que des morceaux supplémentaires idiots dans le menu Gilliamesque.
Mutant Rampage - Bodyslam (USA)	La civilisation est en décadence. Des équipes de guerriers bioniques règnent sur les capitales ravagées du monde. Mais maintenant, un défi humain a été lancé - VOUS! Vous seul avez la vitesse et les compétences nécessaires pour vaincre les mutants et triompher dans MUTANT RAMPAGE ! Affrontez dix équipes de mutants dans dix villes ravagées à travers le monde. Attendez-vous à être raillé et taquiné par des ennemis en face dans une animation vidéo numérique plein écran.
Myst (Europe)	Voyagez dans un monde insulaire étrangement teinté de mystère - où chaque pierre, chaque bout de papier, chaque son fugace contient un indice sur un ancien mystère. Entrez, si vous l'osez, dans un paysage d'une beauté saisissante enveloppé d'intrigues et d'injustices. Seuls votre intelligence et votre imagination détiennent le pouvoir de débloquer la trahison choquante des âges passés. Au cours de votre exploration virtuelle, Myst défie votre intelligence, votre instinct et votre capacité d'observation.
Mystic Midway - Phantom Express (USA)	Mystic Midway: Phantom Express est un jeu de tir en galerie et un spin-off du jeu Mystic Midway: Rest in Pieces. Dans le jeu, chaque niveau représente une période de votre vie, qui se présente comme un tour de montagnes russes où vous êtes agressé par divers objets de cette période (jouets pour bébé, appareils dentaires, etc.). Le but est de tirer sur le plus grand nombre possible d'entre eux pour obtenir un score suffisamment élevé pour passer au niveau suivant. Pendant les trajets, vous pouvez également entendre des parties de conversations où les gens se disputent à votre sujet ou vous reprochent des problèmes. Entre les niveaux, vous êtes accueilli par un hôte hostile qui essaie seulement de vous insulter.
Mystic Midway - Rest in Pieces (USA, Europe)	Mystic Midway: Rest In Pieces est en fait un stand de tir sur le thème des films d'horreur de série B/TV - avec un hôte démoniaque appelé Dr. Dearth, des zombies et d'autres choses effrayantes qui brillent dans le noir. Comme dans un jeu de stand de tir classique, votre objectif est de déplacer une arme sur l'écran, en tirant sur des crânes, des insectes, des fantômes et d'autres créatures effrayantes qui apparaissent à des intervalles aléatoires. Vous aurez un temps et des munitions limités pour le faire. Chaque fois que vous touchez une cible, vous marquez des points. Tirer sur une cible entraîne généralement une animation et un effet sonore. Dans certaines étapes, des pierres tombales se déplacent au bas de l'écran pour bloquer vos tirs. Chaque étape nécessite un certain nombre de points pour être terminée et les étapes deviendront plus difficiles à mesure que vous avancez dans le jeu.
Name That Tune (USA)	Name That Tune est un quiz musical animé par Bob Goen. Il s'agit d'une adaptation de l'émission de télévision américaine du même nom. Dans ce jeu, le joueur est interrogé sur 160 catégories différentes et entend 600 chansons différentes, des années 50 aux années 90. L'émission comporte quatre manches différentes avec un gameplay différent.
NFL Football Trivia Challenge '94-'95 Edition (USA)	NFL Football Trivia Challenge '94-'95 Edition est un jeu de quiz sous licence de la National Football League. Il s'agit d'une version mise à jour de NFL Football Trivia Challenge avec de nouvelles questions et séquences. Le gameplay est assez identique au jeu précédent. Chaque joueur peut choisir son équipe préférée avec laquelle jouer. Les commentateurs télé Pat Summerall et Tom Bookshier décrivent diverses situations de jeu accompagnées de 1 200 images et de 300 clips vidéo Full Motion. 1 500 questions à choix multiples attendent d'être répondues dans le jeu. Pour chaque bonne réponse, le joueur gagne du terrain dans le jeu et augmente ses chances de marquer un point. Le joueur avec le plus de points après 60 questions remporte la partie. Il existe trois niveaux de difficulté différents.
NFL Football Trivia Challenge (USA)	Mesurez-vous aux esprits les plus coriaces du football américain dans ce jeu-questionnaire qui vous place sur le terrain ! Commencez dans les vestiaires, où vous choisissez votre équipe NFL préférée et l'un des trois niveaux de compétence : débutant, vétéran ou professionnel. Montez ensuite sur la rampe et entrez sur le terrain pour le coup d'envoi. Les célèbres commentateurs de télévision Pat Summerall et Tom Brookshier décrivent le jeu par jeu pendant que vous faites face à plus de 1 500 questions, illustrées par plus de 1 200 images de la NFL pleines d'action et 300 extraits de films passionnants. Gagnez du terrain en répondant rapidement et correctement pour faire avancer le ballon vers l'avant. Marquez un touchdown ou un field goal, ou faites un punt si vous le devez sur le quatrième down. Alors que la foule rugit et que le temps presse, la chance de vous montrer à la hauteur et d'agir comme un véritable champion de la NFL est entre vos mains.
NFL Hall of Fame Football (USA)	NFL – Hall of Fame Football vous permet de vivre le fantasme footballistique ultime. Recrutez votre équipe de rêve parmi les 145 légendes du football du Pro Football Hall of Fame et affrontez 40 des équipes NFL les plus redoutables à avoir jamais foulé le terrain.
Noah's Ark (USA)	The Ultimate Noah's Ark est une version numérique du livre d'images du même nom de l'artiste Mike Wilks. Comme dans le livre, le joueur se voit présenter un grand dessin de l'Arche de Noé. Sur l'Arche, 354 espèces animales différentes sont à découvrir. Toutes, sauf une, ont un partenaire. C'est à l'utilisateur de trouver quel animal a perdu son partenaire. Le dessin original peut être divisé en 256 gros plans détaillés différents sur l'écran. En plus du dessin, ce logiciel est fourni avec des informations supplémentaires sur tous les animaux, y compris des vidéos d'eux dans leur habitat naturel.
Open de Palm Springs, L' (France)	ABC Sports Presents: Le Palm Springs Open un jeu de golf. Le jeu utilise de vrais acteurs et des arrière-plans photographiques. Pour chaque tour, vous pouvez sélectionner le club que vous souhaitez utiliser et décider de la façon dont vous souhaitez tapper la balle. Le jeu comprend un seul parcours, celui de Palm Springs, qui compte 18 trous. Tout au long du jeu, deux commentateurs discutent de votre progression.
Origami (Europe) (En,Fr,De,Nl)	L'origami, l'art japonais du pliage de papier, transforme des feuilles de papier plates en oeuvre d'art en trois dimensions. Dans &quot;Origami&quot;, les subtilités des techniques sont montrées plus clairement que n'importe quel autre livre d'instructions. Vous tiendrez bientôt vos propres cartes de voeux, petites maisons, animaux, et bien plus.
Othello (Europe)	N'avez-vous pas toujours eu le désir secret de défier certains des plus grands esprits de tous les temps ? Avec ce jeu, vous pouvez. Affrontez Albert Einstein ou Léonard de Vinci alors qu'ils se disputent la chance de vous jouer à Othello !
Ours Berenstain, Les - Comme des Grands (France)	Les Ours Berenstain : Comme des grands est un livre d'histoire interactif pour enfants basé sur la série de livres pour enfants très populaire. Une foire annuelle est arrivée au pays des ours, mais personne n'a le temps d'accompagner le frère et la sœur ours pour y aller. Maman ourse accepte qu'ils y aillent seuls s'ils prouvent qu'ils peuvent être responsables. Le jeu comprend 29 jeux éducatifs pour les enfants. Chaque fois qu'il réussit, le joueur peut gagner des étoiles. Les jeux comprennent le nettoyage de leur chambre virtuelle, la prise du bus pour l'école, la correspondance de l'alphabet, la lecture de l'horloge et d'autres encore. Au départ, tous les jeux sont autour de la maison, mais une fois que le joueur a fait preuve de responsabilité, d'autres jeux sont débloqués à la foire.
Pac Panic (Europe) (Beta) (1995-10-17)	Quand on mélange l'aspect de Tetris avec le concept de Pacman, le clône obtenu se nomme Pac Panic ! Tout est dit, le principe reste le même : vous devez assembler les pièces de Tetris, composées de blocs &quot;solides&quot; et de monstres qui serviront de 4h au glouton jaune de chez Namco, afin de faire des lignes.
Pac-Panic (Europe)	Quand on mélange l'aspect de Tetris avec le concept de Pacman, le clône obtenu se nomme Pac Panic ! Tout est dit, le principe reste le même : vous devez assembler les pièces de Tetris, composées de blocs &quot;solides&quot; et de monstres qui serviront de 4h au glouton jaune de chez Namco, afin de faire des lignes.
Palm Springs Open, The (World)	ABC Sports Presents: Le Palm Springs Open un jeu de golf. Le jeu utilise de vrais acteurs et des arrière-plans photographiques. Pour chaque tour, vous pouvez sélectionner le club que vous souhaitez utiliser et décider de la façon dont vous souhaitez tapper la balle. Le jeu comprend un seul parcours, celui de Palm Springs, qui compte 18 trous. Tout au long du jeu, deux commentateurs discutent de votre progression.
Pinball (World)	Pinball est un jeu de flipper qui porte bien son nom pour le CD-i. Le jeu propose quatre tables différentes : Cyber, Meltdown, Spring Break et Dogfight. Cyber dispose d'une bande magnétique au centre de la table qui peut contenir votre balle dans son champ à certains moments. Lorsqu'il l'est, vous pouvez essayer de le désactiver au bon moment pour guider votre balle vers la cible que vous souhaitez atteindre. Meltdown propose diverses goulottes dans un réacteur qui peuvent être ouvertes pour plus de points. Spring Break a un thème de plage où vous devez épeler les mots Spring Break. Dogfight a un thème d'avion de la Première Guerre mondiale. À la table, vous devez ravitailler vos flippers de temps en temps, sinon ils s'éteignent.
Power Hitter (USA)	ABC Sports Presents: Power Hitter est un jeu de baseball destiné au CD-i. Avant de battre, on vous montre des écrans dans lesquels vous devez sélectionner des stratégies de frappeurs et deviner le type de lancer. Après vous êtes présenté avec une vue à la première personne du frappeur vous devez chronométrer votre swing. Lorsque vous frappez, le reste de l'action est un clip vidéo d'un match réel. Le jeu n'a pas de licence d'équipe, toutes les équipes sont donc fictives. Le jeu propose un commentaire audio. Le joueur ne joue pas pour une équipe spécifique, donc un seul joueur bat pour les deux équipes ou deux joueurs peuvent alterner entre les équipes. L'IA ne peut pas assumer le rôle du frappeur.
Pyramid Adventures - Episode 1 - Treasures of the Lost Pyramid (USA)	Pyramid Adventures : Episode 1 - Treasures of the Lost Pyramid est le premier et le seul volet de la série Pyramid Adventures. Il n'a jamais été prévu de suite. Le jeu est une adaptation d'un livre de Jack Sughrue. L'histoire raconte l'histoire de l'archéologue de renommée mondiale Dr Olivia Pitt et de son neveu Dash Daniels qui découvrent une ancienne pyramide en Égypte. Ils se retrouvent piégés à l'intérieur et le Dr Pitt est kidnappé par le pharaon maléfique Antu. C'est à Dash et à son chat de l'aider à s'échapper de la pyramide. Le jeu se déroule comme un jeu de plateforme à défilement latéral typique avec une touche éducative. Le thème principal du jeu est la nutrition et le jeu a été sponsorisé par le National Cancer Institute des États-Unis. Dans le jeu, le joueur contrôle Dash et doit vaincre les serviteurs maléfiques d'Antu et rétablir l'ordre à l'intérieur de la pyramide. Dash est aidé spirituellement par les dieux Tofu et Yam. Avec sa fronde, il peut vaincre les ennemis. Dash peut également ramasser des objets et les stocker dans votre sac à dos. Les objets à collectionner incluent des vies bonus et de l'or. L'or peut être utilisé pour acheter des objets importants pour la survie, comme un sac de couchage. Dash peut examiner tout ce qui se trouve dans la pyramide et chaque examen fournit des indices supplémentaires pour découvrir les secrets de la pyramide. Dash doit manger et dormir régulièrement pour rester en vie. Il doit donc chercher de la nourriture saine. Il doit également nourrir plusieurs créatures à l'intérieur de la pyramide (dans le cadre du rétablissement de l'équilibre), comme un sphinx et Sebek le Dévoreur. Ce faisant, le joueur apprend à connaître la pyramide des groupes alimentaires de l'USDA. La pyramide comprend également une salle d'arcade où le joueur peut jouer à des mini-jeux. À chaque mini-jeu, il peut gagner de l'or.
Renaissance Gallery, The (USA)	Ce disque vous emmène dans une visite époustouflante des trésors de la Renaissance, des premières fresques de Giotto au triomphe de la chapelle Sixtine de Michel-Ange.
Richard Scarry - La Citta piu Indaffarata del Mondo! (Italy)	La Ville Surprise de Richard Scarry est un jeu éducatif pour enfants basé sur un livre de Richard Scarry. Dans le jeu, les joueurs explorent Busytown, un lieu fictif où il se passe toujours beaucoup de choses. Toute la ville prend vie dans des animations de dessins animés. Les joueurs choisissent les lieux et les personnages à visiter. Dans ces lieux, les joueurs peuvent s'entraîner et apprendre d'importantes compétences de pré-lecture et écouter des histoires.
Richard Scarry's Allerbeste Buurt Disc! (Netherlands)	La Ville Surprise de Richard Scarry est un jeu éducatif pour enfants basé sur un livre de Richard Scarry. Dans le jeu, les joueurs explorent Busytown, un lieu fictif où il se passe toujours beaucoup de choses. Toute la ville prend vie dans des animations de dessins animés. Les joueurs choisissent les lieux et les personnages à visiter. Dans ces lieux, les joueurs peuvent s'entraîner et apprendre d'importantes compétences de pré-lecture et écouter des histoires.
Richard Scarry's Allerwitzigste Geschichten aus Schaffenau (Germany)	La Ville Surprise de Richard Scarry est un jeu éducatif pour enfants basé sur un livre de Richard Scarry. Dans le jeu, les joueurs explorent Busytown, un lieu fictif où il se passe toujours beaucoup de choses. Toute la ville prend vie dans des animations de dessins animés. Les joueurs choisissent les lieux et les personnages à visiter. Dans ces lieux, les joueurs peuvent s'entraîner et apprendre d'importantes compétences de pré-lecture et écouter des histoires.
Richard Scarry's Best Neighborhood Disc Ever! (USA)	La Ville Surprise de Richard Scarry est un jeu éducatif pour enfants basé sur un livre de Richard Scarry. Dans le jeu, les joueurs explorent Busytown, un lieu fictif où il se passe toujours beaucoup de choses. Toute la ville prend vie dans des animations de dessins animés. Les joueurs choisissent les lieux et les personnages à visiter. Dans ces lieux, les joueurs peuvent s'entraîner et apprendre d'importantes compétences de pré-lecture et écouter des histoires.
Richard Scarry's Best Neighbourhood Disc Ever - Richard Scarry no Saikou ni Tanoshii Nakamatachi (Japan)	La Ville Surprise de Richard Scarry est un jeu éducatif pour enfants basé sur un livre de Richard Scarry. Dans le jeu, les joueurs explorent Busytown, un lieu fictif où il se passe toujours beaucoup de choses. Toute la ville prend vie dans des animations de dessins animés. Les joueurs choisissent les lieux et les personnages à visiter. Dans ces lieux, les joueurs peuvent s'entraîner et apprendre d'importantes compétences de pré-lecture et écouter des histoires.
Richard Scarry's Busiest Neighborhood Disc Ever! (World)	La Ville Surprise de Richard Scarry est un jeu éducatif pour enfants basé sur un livre de Richard Scarry. Dans le jeu, les joueurs explorent Busytown, un lieu fictif où il se passe toujours beaucoup de choses. Toute la ville prend vie dans des animations de dessins animés. Les joueurs choisissent les lieux et les personnages à visiter. Dans ces lieux, les joueurs peuvent s'entraîner et apprendre d'importantes compétences de pré-lecture et écouter des histoires.
Richard Scarry's Busiest Neighbourhood Disc Ever - Richard Scarry no Isogashii Nakamatachi (Japan)	La Ville Surprise de Richard Scarry est un jeu éducatif pour enfants basé sur un livre de Richard Scarry. Dans le jeu, les joueurs explorent Busytown, un lieu fictif où il se passe toujours beaucoup de choses. Toute la ville prend vie dans des animations de dessins animés. Les joueurs choisissent les lieux et les personnages à visiter. Dans ces lieux, les joueurs peuvent s'entraîner et apprendre d'importantes compétences de pré-lecture et écouter des histoires.
Richard Scarry's wunderbarste Geschichten aus Schaffenau (Germany)	La Ville Surprise de Richard Scarry est un jeu éducatif pour enfants basé sur un livre de Richard Scarry. Dans le jeu, les joueurs explorent Busytown, un lieu fictif où il se passe toujours beaucoup de choses. Toute la ville prend vie dans des animations de dessins animés. Les joueurs choisissent les lieux et les personnages à visiter. Dans ces lieux, les joueurs peuvent s'entraîner et apprendre d'importantes compétences de pré-lecture et écouter des histoires.
Rise of the Robots (Europe)	Rise of the Robots est un jeu de combat en 2,5D . On y incarne le cyborg Eco35-2, mi-homme mi-robot, créé par la société Electrocorp, afin de contrer la mutinerie qui se prépare dans leur usine de Metropolis 4, suite à la reprogrammation de certains robots en leur injectant le virus EGO, les rendant conscient de leur situation et donc agressif. Il faudra donc les affronter un par un dans des combats en duel pour arrêter cette rébellion. Le titre se voulait graphiquement révolutionnaire. Mais bien que les robots de combats sont assez jolis (avec des sprites 3D retranscrits dans un univers 2D), les décors ne sont qu'en 2D statique assez ternes. Aussi, l'animation en jeu est lente, voire assez &quot;lourde&quot; impactant directement la maniabilité. La lenteur de votre robot et la puissance des ennemis qui varie (au point que certains robots sont ultra puissants et vous atomisent en deux coups) rendent vite les combats déséquilibrés.
Sargon Chess (USA)	Sargon Chess est, comme l'indique son nom, un jeu d'échec basique. Pour ceux qui ne connaissent pas les règles, un didacticiel est inclu. 16 niveaux de jeu possibles. Jouable à 1 ou 2 joueurs.
Schtroumpfs, Les - Le Teleportaschtroumpf (France)	Les Schtroumpfs : Le Téléportaschtroumpf est un jeu de plateforme en 2D basé sur la bande dessinée du dessinateur belge Pierre Culliford (Peyo) . Le jeu propose deux modes de jeu. Le premier est un jeu de plateforme classique à défilement horizontal où vous incarnez un Schtroumpf et devez sauver la Schtroumpfette des griffes du maléfique Gargamel. Le Grand Schtroumpf a découvert un sort de téléportation, mais il a besoin que le joueur trouve tous les ingrédients magiques nécessaires, disséminés à travers le Pays des Schtroumpfs. Durant sa quête, le joueur pourra compter sur l'aide du Grand Schtroumpf. Le deuxième mode de jeu propose des mini-jeux pour un maximum de quatre joueurs. Le premier joueur à remporter 10 parties gagne. Chaque mini-jeu requiert de l'action et des réflexes pour être remporté. Le jeu propose plusieurs niveaux de difficulté.
Scotland Yard Interactif (France)	Scotland Yard Interactive est une version numérique du jeu de société Scotland Yard de Ravensburger. M. X est le criminel le plus recherché de Londres et c'est aux joueurs de l'attraper. Dans le jeu, à chaque tour, les joueurs essaient de chasser M. X. Les joueurs ont des jetons pour utiliser les taxis, les bus et le métro. Mais lorsque les jetons sont épuisés, le financement de la chasse est en hausse et M. X est libéré. Monsieur X. reçoit tous les jetons utilisés et il lui devient plus facile de se déplacer tout au long de la partie. Mais comme indice pour les autres joueurs, il doit montrer quel jeton il utilise à chaque tour. Monsieur X. a un nombre limité de jetons noirs qui pourraient représenter n'importe quel moyen de transport. À cinq moments précis du jeu, M. X doit révéler sa position actuelle. Les détectives gagnent lorsqu'ils atterrissent sur la même case que MX. MX gagne lorsque tous les jetons sont dépensés. Cette conversion numérique comprend la photographie numérique et l'animation de Londres. Le jeu peut être joué avec jusqu'à six joueurs et M.X. et les détectives peuvent être A.I. contrôlée.
Scotland Yard Interactive (Europe)	Scotland Yard Interactive est une version numérique du jeu de société Scotland Yard de Ravensburger. M. X est le criminel le plus recherché de Londres et c'est aux joueurs de l'attraper. Dans le jeu, à chaque tour, les joueurs essaient de chasser M. X. Les joueurs ont des jetons pour utiliser les taxis, les bus et le métro. Mais lorsque les jetons sont épuisés, le financement de la chasse est en hausse et M. X est libéré. Monsieur X. reçoit tous les jetons utilisés et il lui devient plus facile de se déplacer tout au long de la partie. Mais comme indice pour les autres joueurs, il doit montrer quel jeton il utilise à chaque tour. Monsieur X. a un nombre limité de jetons noirs qui pourraient représenter n'importe quel moyen de transport. À cinq moments précis du jeu, M. X doit révéler sa position actuelle. Les détectives gagnent lorsqu'ils atterrissent sur la même case que MX. MX gagne lorsque tous les jetons sont dépensés. Cette conversion numérique comprend la photographie numérique et l'animation de Londres. Le jeu peut être joué avec jusqu'à six joueurs et M.X. et les détectives peuvent être A.I. contrôlée.
Secret Mission (Europe)	Un scénario déjà palpitant : le cadre spatio-temporel, Opalie (pays fictif), 1952, pôle stratégique en temps de Guerre Froide, convoité par l'URSS et les USA, et donc des réseaux d'espions qui se mettent en place. Ajoutez à cela un climat intérieur extrêmement tendu et des tentatives de coup d'Etat. Vous êtes JEF, et arrivez sur place chargé d'une mission classée Top Secret. Seulement voilà, lorsque vous vous réveillez dans votre chambre d'hôtel, vous êtes totalement amnésique ! En quête de votre identité, vous allez devoir coûte que coûte mener à bien votre mission.. Niveau graphique, Secret Mission tient vraiment la route, avec aussi de belles cinématiques en images de synthèse. La jouabilité est impeccable, et les doublages et dialogues renforcent l'intérêt de l'intrigue principale.
Shadoan (Europe)	Il s'agit de la suite de Kingdom : The Far Reaches. Il y a de nombreuses années, le sage Mobus a brisé une puissante amulette appelée « La Main » en 5 morceaux pour éviter qu'elle ne tombe entre les mains de son frère maléfique Torlock. Ces morceaux ont été envoyés aux quatre coins du monde. En tant que jeune prince Lathan Kandor, vous avez déjà récupéré la masse noire, le cor de chasse et l'orbe de Mobus (dans le jeu précédent). Vous devez maintenant récupérer les deux dernières pièces (la dague d'Arne et la couronne de Malric), vaincre le mal et retrouver la princesse Grace Delight. Il s'agit d'une aventure réalisée par les créateurs de Dragon's Lair. L'intrigue n'est pas vraiment originale ou complexe, mais l'animation est fluide et bien dessinée. Le jeu consiste à utiliser le bon objet ou à faire le bon choix entre les séquences animées ; certains de ces choix sont chronométrés, ce qui signifie que vous pouvez perdre de la santé ou même mourir, mais il y a de nombreuses occasions de reconstituer votre santé. Il convient de souligner l'omniprésence d'une musique digne de Disney.
Shaolin's Road (Europe) (En,Fr)	Entrez dans la légende des arts martiaux. Les seigneurs de la guerre vous ont volé le sabre sacré. Vous avez juré de reprendre votre bien. Votre longue quête sera parsemée de pièges, de sorts et de combats. Vous devrez acquérir force, savoir et sagesse. Les secrets ancestraux du Kung-Fu vous seront révélés. Mais n'oubliez jamais que face à la cruauté des hommes, votre véritable arme s'appelle « le courage ». Ainsi, vos épreuves deviendront des jeux. Et les dieux guideront vos pas sur la longue route… La Route de Shaolin.
Solar Crusade (Europe)	Solar Crusade est un jeu de tir réaliste qui vous fera découvrir des décors époustouflants, des confins de la galaxie jusqu'au cœur même de la Terre. Embarquez pour un voyage périlleux et fantastique à travers des mondes entièrement modélisés en 3D grâce à la station de travail SiliconGraphics.
Solar System (Europe)	Volez vers les planètes, vers le soleil, les astéroïdes et les comètes. Patrick Moore, astronome et personnalité de la télévision de renommée mondiale, est votre guide de vol vers les planètes. Tom Baker, voyageur temporel extraordinaire, vous fera remonter le temps pour explorer les débuts du système solaire et découvrir comment les planètes ont obtenu leurs noms. Vous testerez vos compétences de vol interplanétaire jusqu'à la limite lorsque vous mettrez votre intelligence à l'épreuve contre la force de gravité dans les jeux fascinants de planetball et de gravity golf. Le système solaire vous offre : – Des centaines de fabuleuses photos spatiales de la NASA. – Plus de 2 heures d'informations d'experts. – Des milliers de faits et de chiffres. – Des survols planétaires et d'autres films jamais vus auparavant.
Space Ace (USA)	Vous incarnez Dexter, un homme qui combat le maléfique Borf, un fou furieux qui a kidnappé votre petite amie Kimberly et menace désormais le monde avec son arme redoutable, le « rayon Infanto », capable de transformer les adultes en petits enfants. Le jeu se déroule comme une bande dessinée : les graphismes sont similaires à ceux de nombreux films d'animation. Dans chaque scène, vous devez simplement décider dans quelle direction appuyer sur le clavier afin d'éviter l'un des innombrables écrans de mort et de passer à l'écran suivant...
Sport Freaks (Netherlands)	Sport Freaks est un jeu de quiz sportif basé sur un jeu télévisé néerlandais du même nom. Le jeu comprend toutes les questions qui ont été écrites pour l'émission mais qui n'ont jamais été utilisées. Toutes les questions portent sur une sélection de 45 sports dans 50 pays depuis 1900. Le nombre de questions du jeu (1250) équivaut à 60 épisodes du jeu télévisé. À l'aide d'une sorte de machine à sous, on choisit à chaque tour un sport, une année et un pays sur lesquels on reçoit une question. L'accent est mis sur l'histoire du sport néerlandais.
Steel Machine (Europe)	Votre mission est de détruire 6 énormes croiseurs de combat pour sauver la planète. Vous avez 15 jours pour détruire les navires avant qu'ils n'atteignent votre planète. Si elles le font, les conséquences seront désastreuses. Votre prototype de navire a été développé et son nom est &quot;Steel Machine&quot;. Vous devrez trouver un moyen de détruire les réacteurs principaux de chaque croiseur de combat, en détruisant le réacteur principal le navire déstabilisera provoquant l'explosion du croiseur. Les croiseurs ont beaucoup de défenses ennemies à détruire. Le jeu est un shoot'em-up horizontal basé sur l'ancien jeu Commodore 64 Uridium d'Andrew Braybrook. C'est l'un des premiers jeux CDi qui utilise pleinement le matériel. Contrôler la machine en acier est assez simple.
Story Machine - Magic Tales (USA)	Tout le monde adore les histoires avec de belles jeunes filles, de beaux princes, des méchants diaboliques et des décors fantastiques. Voici un excellent moyen de créer vos propres histoires, qu'il s'agisse de contes de fées avec une fin heureuse ou de récits d'aventure palpitants. Nous vous fournissons tous les outils nécessaires pour concevoir des histoires de A à Z: des dizaines de scènes, des centaines de personnages qui se croisent, un clavier alphanumérique complet pour la narration et les dialogues, et même un accompagnement musical pour accompagner chaque rebondissement!
Story Maschine - Maerchenzauber (Germany)	Tout le monde adore les histoires avec de belles jeunes filles, de beaux princes, des méchants diaboliques et des décors fantastiques. Voici un excellent moyen de créer vos propres histoires, qu'il s'agisse de contes de fées avec une fin heureuse ou de récits d'aventure palpitants. Nous vous fournissons tous les outils nécessaires pour concevoir des histoires de A à Z: des dizaines de scènes, des centaines de personnages qui se croisent, un clavier alphanumérique complet pour la narration et les dialogues, et même un accompagnement musical pour accompagner chaque rebondissement!
Striker Pro (USA)	Un des 2 jeux de football sur CD-i, jouable à 1 ou 2 joueurs. Celui-ci est le jeu officiel de la coupe du monde USA 94. Les matchs se déroulent en vue aérienne, les possibilités de mouvement sont assez simplistes (course, shoot, passe). Sinon les paramètres de jeu, eux, sont nombreux : choix du lieu (gymnase ou plein air), des conditions météo, de l'arbitrage, du temps de jeu... Bref, c'est configurable. Assez agréable dans l'ensemble.
Strip Poker Live (Europe) (En,It)	Strip Poker Live est un jeu de strip poker. Il y a six femmes contre lesquelles jouer : une blonde suédoise, une brune méditerranéenne, une Maui, une parisienne et une fille athlétique. Comme dans la plupart des jeux de strip poker, vous jouez au poker contre l'IA et au fur et à mesure que vous gagnez, l'adversaire perdra progressivement des vêtements.
Strip-Poker Pro (France) (En,Fr)	Prête pour une soirée torride ? Devant votre télé, Michael, Max, Lucie, Jane et Nadia vont tenter de gagner en jouant au poker avec vous, mais pas n'importe quel poker... Stip poker ! Vous l'avez compris, il faut préparer votre tactique et votre stratégie si vous ne voulez pas finir en short ! De l'autre côté, si vous gagnez, la récompense sera grande si vous gagnez contre Jane, Lucie ou Nadia, tous plus sexy les uns que les autres, ou contre Max et Michael, de beaux playboys musclés.
Super Mario's Wacky Worlds (USA) (Proto) (1993-03-03)	Super Mario's Wacky Worlds est un jeu vidéo de plateforme Mario annulé développé par NovaLogic pour le système Philips CD-i. Le jeu a été conçu comme une suite de Super Mario World
Surf City (USA)	Surf City est une comédie musicale interactive avec des chansons des Beach Boys. Dans le jeu, le joueur se voit présenter une carte générale de la ville balnéaire bien nommée Surf City. Le joueur peut cliquer sur différentes rues, ce qui déclenche une scène où la rue défile et le joueur peut cliquer sur les différents bâtiments qu'il souhaite visiter. À l'intérieur du bâtiment, le joueur peut parler aux gens et interagir avec des objets. Les scènes sont accompagnées de la musique des Beach Boys des années 60 et aident à raconter l'histoire des personnages principaux du jeu. Il existe également divers jeux et activités à jouer, tels que: Construire un hot rod Aller au bowling au Beach Bowl Concevoir une planche de surf Jouer au jukebox vidéo Faire la course de voitures sur le circuit d'arcade Prendre une commande de pizza Apprenez le jargon du surf avec Tiki Rendez visite au conteur d'amour Répondez à un quiz surprise au lycée Regardez les feux d'artifice sur la jetée Commander un hamburger à emporter Jouer à la bouteille chez Wendy
Taiyou o Karitoru Hito - Harvest of the Sun - Vincent van Gogh (Japan)	&quot;Une moisson de soleils &quot;vous convie à un voyage extraordinaire dans l'univers de Vincent Van Gogh. Vous découvrirez tous les détails de sa vie et de son art en couleurs éclatantes et sur des musiques d'époque. Dans ce disque, vous êtes critique comme Théo Van Gogh, qui fut &quot;l'agent&quot; du peintre, ou &quot;connaisseur&quot; comme le Docteur Gachet qui le soigna. Vous décidez vous-même du programme. Entrez dans l'atelier du peintre et décrochez un tableau vous voilà parti pour Paris et les rues pleines de vie de Montmartre, ou pour les plaines de Provence inondées de soleil. Vous allez pouvoir visiter à votre propre rythme et quand il vous plaira les six périodes principales de la vie dramatique de Van Gogh. Bien plus encore: vous pourrez voir les lieux mêmes où l'artiste vécut et travailla, découvrir l'endroit où il installait son chevalet et comprendre comment il observait une scène et la reproduisait. Dans la galerie musicale, vous admirerez l'oeuvre de Van Gogh aux accents des musiques de Debussy, Frank, Chabrier et Bizet en une symphonie de couleurs et de sons numériques.
Tangram (Europe) (En,Ja,Fr,De,Es,It,Nl,Pt)	Tangram, ou l'art du casse-tête dans la tradition chinoise. Un jeu bien singulier, et je pense exclusivement sorti sur CD-i. Le but : reformer des objets reconnaissables ou des figures qui ont été &quot;cassés&quot; (sur la capture d'écran, vous devez réordonner les formes du carré noir de façon à obtenir la figure de gauche). Le meilleur moyen de vous faire une idée est de télécharger ce jeu distrayant.
Tetris (USA, Europe)	Qui ne connait pas Tetris, ce célèbrissime casse-tête dont le but est de faire des lignes en assemblant des pièces de formes diverses qui tombent du ciel ? Voici sa version CD-i. Une dizaine de niveaux de jeu est proposée, avec une difficulté croissante à chaque fois. Chacun de ces niveaux se présente sur un fond de paysage animé superbe (forêt, montagne, cascade, plage, etc...), assorti d'une musique vraiment géniale et qui se distingue des habituelles bandes son stressantes pour ce type de jeu sur les autres supports.
Tetsuo Gaiden (Europe)	Tetsuo Gaiden, un vol fantastique à travers les royaumes des ténèbres extraterrestres. Avec ce que CD-i a de mieux à offrir : une vidéo 3D incroyable, un gameplay captivant et une bande-son qui vous fera fondre... Préparez-vous à plus de 80 niveaux enflammés remplis du gameplay le meilleur et le plus rapide jamais créé sur CD-i. Proposé par l'équipe primée de Christmas Country, Tetsuo Gaiden regorge de fonctionnalités intéressantes comme des objets bonus, des tirs laser multiples, des bombes intelligentes, des boucliers énergétiques et des super bonus. Préparez-vous pour le meilleur jeu du printemps 1997.
Text Tiles (USA, Europe)	Text Tiles est un jeu de puzzle stratégique dans lequel les joueurs doivent constituer des mots. En utilisant un jeu de lettres donné, les joueurs doivent former des mots, un peu comme au Scrabble. Le jeu se pratique sur un tableau 12x12. Les lettres peuvent être utilisées pour former un mot long ou plusieurs mots courts. Les points sont marqués pour chaque mot correct. Les lettres apparaissent une par une et disparaissent à après un certain temps, créant une certaine tension. Le joueur peut voir quelle sera sa prochaine lettre pour pouvoir planifier. Le jeu peut se pratique jusqu'à quatre joueurs.
Thunder in Paradise (USA) (Disc 1) (The Game)	Voici ta chance de gagner le paradis, mon pote. Tu es au milieu d'une aventure pleine d'action avec tes acolytes Spence (Terry &quot;Hulk&quot; Hogan) et Bru (Chris Lemmon). Frayez-vous un chemin à travers ces rencontres d'action époustouflantes alors que vous tentez de sauver la fille de Spence, Jessica, de reprendre le contrôle du M.A.J.O.R. et d'écraser votre ennemi juré, RAMPIKE ! Fonce à toute vitesse dans les Caraïbes, à bord du THUNDER, un équipement marin de haute technologie de 45 pieds. Prenez le contrôle des systèmes d'armes du bateau et défendez le THUNDER contre une pluie de menaces mortelles. Affrontez les sbires du psychotique RAMPIKE sur les sentiers étranges de l'île de Rossiter. Affrontez le M.A.J.O.R., un bio-humanoïde devenu fou, dans une bataille pour la vie de Jessica !
Time-Life Astrology (USA)	Découvrez l'histoire fascinante et les principes de l'astrologie à travers une présentation captivante d'objets, de dessins et de peintures de l'ancienne Sumérie à nos jours. Saisissez vos statistiques personnelles pour recevoir un thème astral détaillé, un horoscope quotidien et déterminez votre compatibilité avec un ami ou un amoureux.
Tom - Der Maximagier (Germany) (En,Fr,De)	Une façon amusante d'enrichir le vocabulaire anglais de votre enfant et de l'aider à faire ses premiers pas en français et en espagnol. Le disque contient plus de 700 images avec sous-titres, musique et effets sonores. Il est si facile à utiliser que même les tout-petits peuvent y jouer. Les jeux en famille et les activités pédagogiques permettent aux parents de se joindre à eux et d'encourager leurs enfants à acquérir de nouvelles compétences linguistiques.
Tom - Il Dizionario Magico (Italy) (En,Fr,It)	Une façon amusante d'enrichir le vocabulaire anglais de votre enfant et de l'aider à faire ses premiers pas en français et en espagnol. Le disque contient plus de 700 images avec sous-titres, musique et effets sonores. Il est si facile à utiliser que même les tout-petits peuvent y jouer. Les jeux en famille et les activités pédagogiques permettent aux parents de se joindre à eux et d'encourager leurs enfants à acquérir de nouvelles compétences linguistiques.
Tom - Magic Picture Show (Europe) (En,Fr,Es)	Une façon amusante d'enrichir le vocabulaire anglais de votre enfant et de l'aider à faire ses premiers pas en français et en espagnol. Le disque contient plus de 700 images avec sous-titres, musique et effets sonores. Il est si facile à utiliser que même les tout-petits peuvent y jouer. Les jeux en famille et les activités pédagogiques permettent aux parents de se joindre à eux et d'encourager leurs enfants à acquérir de nouvelles compétences linguistiques.
TR-I - No World Order (USA)	Achetez un CD et recevez-en un million gratuitement. Et si votre lecteur de CD acceptait vos idées sur la façon dont la musique doit être jouée ? C'est votre opportunité de répondre à la Musique - TR-I. Vous pouvez désormais changer la musique aussi facilement que vous changez d'avis. En puisant dans un vaste catalogue d'idées musicales, No World Order prendra vos ordres et construira une performance unique basée sur vos commentaires. Une interaction simple et non technique vous permet de spécifier les instruments de musique tels que l'ambiance, le tempo et le mixage. Vous bénéficiez même des conseils des producteurs de renommée mondiale Bob Clearmountain, Jerry Harrison, Don Was et Hal Willner - pour vous aider. Bienvenue amis, sur le CD qui ne finit jamais.
Ultimate Noah's Ark, The (USA)	The Ultimate Noah's Ark est une version numérique du livre d'images du même nom de l'artiste Mike Wilks. Comme dans le livre, le joueur se voit présenter un grand dessin de l'Arche de Noé. Sur l'Arche, 354 espèces animales différentes sont à découvrir. Toutes, sauf une, ont un partenaire. C'est à l'utilisateur de trouver quel animal a perdu son partenaire. Le dessin original peut être divisé en 256 gros plans détaillés différents sur l'écran. En plus du dessin, ce logiciel est fourni avec des informations supplémentaires sur tous les animaux, y compris des vidéos d'eux dans leur habitat naturel.
Ultra CD-i Soccer (Europe)	Ultra CD-i Soccer est un jeu de football en vue de dessus. Le jeu propose 72 équipes européennes avec lesquelles jouer contre l'ordinateur ou un ami. Le jeu permet au joueur de jouer une compétition totale avec toutes les équipes et de créer sa propre compétition avec jusqu'à quatre équipes.
Uncover featuring Tatjana (Europe)	Uncover featuring Tatjana est un jeu d'action mettant en vedette la mannequin, actrice et chanteuse croato-néerlandaise Tatjana Simić. Le jeu est similaire au jeu d'arcade Qix. Le jeu se déroule sur un terrain de jeu rectangulaire. Le joueur doit tracer des lignes afin de colorier certaines parties du terrain. Un ennemi se déplaçant de manière erratique se déplace sur le terrain de jeu, mais ne peut blesser le joueur que lorsqu'il trace des lignes. Lorsque le joueur ne dessine pas de lignes, il ne peut se déplacer que sur les bords extérieurs du terrain de jeu. Il y a aussi des ennemis sur ces frontières qui se déplacent dans le sens des aiguilles d'une montre ou dans le sens inverse des aiguilles d'une montre. Lorsque le joueur touche un ennemi, le joueur perd une vie. Contrairement à l'original où le joueur perd également une vie lorsque l'ennemi erratique touche une forme incomplète, il poursuit désormais le joueur le long de la ligne. Des parties colorées dans cette version du jeu sont des parties d'images de Tatjana.
USA '94 World Cup (Europe)	Coupe du Monde USA 94, une façon fantastique de profiter au maximum du tournoi sportif le plus populaire au monde : la Coupe du Monde de football. Ce CD-i vous emmène à travers les États-Unis, vous fournit des informations détaillées sur les équipes, les entraîneurs et les stades et vous permet d'évaluer les scores ! Une façon unique de suivre les matchs de près et de créer vos propres souvenirs de la Coupe du Monde 1994 !
Vegas Girls (Europe)	Vegas Girls propose aux joueurs de jouer à toutes sortes de jeux de casino tels que la roulette, le blackjack, le poker, les dés et les machines à sous. Chacun des jeux se joue selon les règles familières des jeux, mais dans le style strip-poker. Cela signifie que le joueur joue contre une femme virtuelle qui perdra un vêtement à chaque fois que le joueur gagnera. Il y a différentes filles contre lesquelles jouer.
Video Speedway - Grand Prix (France)	Video Speedway est un jeu de course pour le CD-i. Le jeu est présenté dans une vue à la première personne de l'intérieur des voitures de course fictives de Formule Un. Avant chaque course, le joueur doit effectuer un tour d'essai sur la piste. Différentes pistes ont des arrière-plans différents
Video Speedway - The Ultimate Racing Experience (USA)	Video Speedway est un jeu de course pour le CD-i. Le jeu est présenté dans une vue à la première personne de l'intérieur des voitures de course fictives de Formule Un. Avant chaque course, le joueur doit effectuer un tour d'essai sur la piste. Différentes pistes ont des arrière-plans différents
Voetbal (Netherlands)	CHANTEZ AVEC LES TOP HITS NÉERLANDAIS !
Voyeur (USA)	Code d'accès au jeu : 3333 Vous en aurez plein les yeux en scrutant la vie sordide de vos voisins dans le mystère interactif méchamment séduisant, Voyeur. Chantage politique... meurtre... intrigue séduisante... vous verrez tout! Mais allez-vous seulement regarder, caché comme un vrai voyeur? Ou allez-vous entrer dans le drame et essayer d'empêcher un meurtre ? Voyeur combine jeu dramatique avec un suspense effrayant et des nuances érotiques garanties pour maintenir votre niveau d'excitation. Des acteurs hollywoodiens, une excellente qualité de film et un scénario séduisant en font un thriller grésillant qui fera sortir le voyeur caché en chacun. Allez! Nous savons que vous voulez regarder!
Voyeur ...Don't Get Caught (Europe)	Code d'accès au jeu : 3333 Vous en aurez plein les yeux en scrutant la vie sordide de vos voisins dans le mystère interactif méchamment séduisant, Voyeur. Chantage politique... meurtre... intrigue séduisante... vous verrez tout! Mais allez-vous seulement regarder, caché comme un vrai voyeur? Ou allez-vous entrer dans le drame et essayer d'empêcher un meurtre ? Voyeur combine jeu dramatique avec un suspense effrayant et des nuances érotiques garanties pour maintenir votre niveau d'excitation. Des acteurs hollywoodiens, une excellente qualité de film et un scénario séduisant en font un thriller grésillant qui fera sortir le voyeur caché en chacun. Allez! Nous savons que vous voulez regarder!
Voyeur ...Lass Dich Nicht Erwischen! (Germany)	Code d'accès au jeu : 3333 Vous en aurez plein les yeux en scrutant la vie sordide de vos voisins dans le mystère interactif méchamment séduisant, Voyeur. Chantage politique... meurtre... intrigue séduisante... vous verrez tout! Mais allez-vous seulement regarder, caché comme un vrai voyeur? Ou allez-vous entrer dans le drame et essayer d'empêcher un meurtre ? Voyeur combine jeu dramatique avec un suspense effrayant et des nuances érotiques garanties pour maintenir votre niveau d'excitation. Des acteurs hollywoodiens, une excellente qualité de film et un scénario séduisant en font un thriller grésillant qui fera sortir le voyeur caché en chacun. Allez! Nous savons que vous voulez regarder!
Wacky World of Miniature Golf with Eugene Levy, The (USA)	Dans The Wacky World of Miniature Golf, le joueur peut choisir parmi une multitude de golfeurs de dessins animés et s'affronter sur 18 trous de golf miniature dans une variété de décors fantastiques de dessins animés tels que l'Égypte, la préhistoire, l'Atlantide, une prison et bien d'autres. Le gameplay ressemble davantage à un dessin animé interactif où le joueur choisit la direction dans laquelle il souhaite frapper la balle et appuie sur le bouton d'action. Si le joueur a choisi le bon chemin, il la frappera avec succès et aura droit à une cinématique où la balle évitera les différents obstacles et atterrira dans le trou. Cependant, s'il choisit le mauvais chemin, sa balle sera détruite par divers obstacles et le joueur sera obligé de réessayer. Une caractéristique du jeu est le talent de doublage d'Eugene Levy, qui est surtout connu pour ses apparitions au cinéma dans la série de films American Pie.
Whack a Bubble (Europe)	Whack a Bubble est un jeu de casse-briques dans la veine de Breakout. Vous contrôlez une raquette en bas de l'écran et devez éliminer les bulles en haut de l'écran en faisant rebondir une balle contre elles. Si la balle quitte l'écran en bas, vous perdez une vie. Le jeu comprend 100 niveaux et 3 difficultés. Le jeu propose également un mode deux joueurs où les joueurs s'affrontent.
Who Shot Johnny Rock (USA)	Voyagez dans les années 30 dans ce roman policier bourré d'action pour découvrir qui a tué la star de la chanson populaire Johnny Rock ! Vous aurez besoin de votre esprit vif et de votre arme au poing pour parcourir les rues sombres de cette ville à la recherche d'indices qui vous aideront à résoudre l'affaire. Le danger est à chaque coin de rue et des personnages dangereux ne demanderaient rien de mieux que de vous voir à la morgue ! C'est une affaire difficile à résoudre, serez-vous prêt à relever le défi ?
Wimbledon Challenge (Europe) (En,Ja,Fr,De,Es,It)	Wimbledon Challenge est un jeu de quiz de tennis à choix multiples pour deux joueurs ou équipes dans l'une des six langues disponibles. Des questions sont posées au hasard parmi une base de données de centaines de questions sur les joueurs, les matchs et la vie autour des championnats.
Wordplay (Europe)	Affrontez jusqu'à trois autres joueurs dans ce jeu de compétences et de tactiques pour former un mot et enregistrer un score. « Bob », le personnage du jeu, calculera le score en fonction de la longueur du mot et de la valeur de ses lettres. En fin de compte, le jeu est une course pour marquer 200 points, mais les retardataires peuvent rapidement devenir leaders de la course en raison de la manière aléatoire dont « Bob » présente les nouvelles lettres. Contient du vocabulaire anglais et américain.
World Cup Golf (Europe) (En,Fr,De)	World Cup Golf emmène le joueur sur le parcours de golf Hyatt Dorado Beach de Porto Rico, où il peut choisir parmi une multitude de golfeurs fictifs ou créer le sien en 18 parties de golf. Il y a 15 types de tournois parmi lesquels choisir, dont les skins, les médailles et les stableford, pour n'en citer que quelques-uns. Les joueurs peuvent également s'entraîner à leur swing sur le practice. Les joueurs peuvent également personnaliser les conditions météorologiques et choisir parmi une multitude de prises de vue, notamment la « Ball Cam » qui suit la balle jusqu'à son emplacement. Comme dans de nombreux jeux de golf, un compteur est utilisé pour déterminer la précision et la puissance du swing des joueurs et propose également des commentaires en jeu.
Zelda - De Toverstaf van Gamelon (Netherlands)	Un jour, au château d'Hyrule, le roi Harkinian annonce à sa fille Zelda qu'il part pour l'île de Gamelon aider son cousin le duc d'Onkled et combattre Ganon, et lui demande d'envoyer Link s'il ne donne pas de signe de vie un mois plus tard. Ce fut le cas, et donc Link fut envoyé à Gamelon pour trouver le roi. Encore plus tard, Zelda décide de partir elle-même pour Gamelon avec sa servante Impa et la Triforce de la Sagesse, pour sauver son père ainsi que Link, et battre Ganon.
Zelda - Der Zauberstab von Gamelon (Germany)	Un jour, au château d'Hyrule, le roi Harkinian annonce à sa fille Zelda qu'il part pour l'île de Gamelon aider son cousin le duc d'Onkled et combattre Ganon, et lui demande d'envoyer Link s'il ne donne pas de signe de vie un mois plus tard. Ce fut le cas, et donc Link fut envoyé à Gamelon pour trouver le roi. Encore plus tard, Zelda décide de partir elle-même pour Gamelon avec sa servante Impa et la Triforce de la Sagesse, pour sauver son père ainsi que Link, et battre Ganon.
Zelda - The Wand of Gamelon (USA)	Un jour, au château d'Hyrule, le roi Harkinian annonce à sa fille Zelda qu'il part pour l'île de Gamelon aider son cousin le duc d'Onkled et combattre Ganon, et lui demande d'envoyer Link s'il ne donne pas de signe de vie un mois plus tard. Ce fut le cas, et donc Link fut envoyé à Gamelon pour trouver le roi. Encore plus tard, Zelda décide de partir elle-même pour Gamelon avec sa servante Impa et la Triforce de la Sagesse, pour sauver son père ainsi que Link, et battre Ganon.
Zelda's Adventure (Europe)	Ganon a enlevé Link et volé les sept cristaux plongeant ainsi le royaume de Tolemac dans les ténèbres. La princesse Zelda doit réunir ces cristaux pour vaincre Ganon et sauver Link.
Zenith (Europe)	Zenith est un drôle de jeu à la croisée des chemins entre Marble Madness et le jeu de plate-forme. Le joueur doit diriger une balle rebondissante en acier jusqu'à la sortie du niveau. Il y a 6 niveaux au total, ils sont remplis de bonus à récupérer et de trous et autres dangers à éviter. Un jeu sorti environ 1 an après l'abandon officiel du CD-I par Philips et on sent qu'il manque une phase de beta-testing car des niveaux supplémentaires, trois niveaux de difficulté ou encore des musiques pendant le jeu auraient bien complété ce titre.
Zombie Dinos de la Planete Zeltoide (France)	D'innocents dinosaures sont devenus de dangereux zombies contrôlés par le diabolique Harry le Hâbleur et ses alliés les Cervelles Molles. Mais tout n'est pas perdu. Dexter Le Dinodroïd super malin a réussi à leur échapper et à apporter sur Terre l'incroyable Machine à Remonter le Temps. Son but, avec ton aide : prendre sa revanche. Grâce à la machine à Remonter le Temps qui te ramène 200 millions d'années en arrière, il faut localiser chaque Dinosaure avant que les Cervelles Molles ne s'en emparent. Empêche les Dinosaures d'être renvoyés sur terre et d'anéantir tout sur leur passage. Dexter t'y aidera. Avec l'aide de l'Encyclopédie qui se trouve dans la mémoire de la Machine à Remonter le Temps, tu trouveras tout ce dont tu as besoin pour sauver les Dinosaures et .... la planète.
Zombie Dinos from Planet Zeltoid (USA)	D'innocents dinosaures sont devenus de dangereux zombies contrôlés par le diabolique Harry le Hâbleur et ses alliés les Cervelles Molles. Mais tout n'est pas perdu. Dexter Le Dinodroïd super malin a réussi à leur échapper et à apporter sur Terre l'incroyable Machine à Remonter le Temps. Son but, avec ton aide : prendre sa revanche. Grâce à la machine à Remonter le Temps qui te ramène 200 millions d'années en arrière, il faut localiser chaque Dinosaure avant que les Cervelles Molles ne s'en emparent. Empêche les Dinosaures d'être renvoyés sur terre et d'anéantir tout sur leur passage. Dexter t'y aidera. Avec l'aide de l'Encyclopédie qui se trouve dans la mémoire de la Machine à Remonter le Temps, tu trouveras tout ce dont tu as besoin pour sauver les Dinosaures et .... la planète.
Zombie Dinos van de Planeet Zeltoid (Netherlands)	D'innocents dinosaures sont devenus de dangereux zombies contrôlés par le diabolique Harry le Hâbleur et ses alliés les Cervelles Molles. Mais tout n'est pas perdu. Dexter Le Dinodroïd super malin a réussi à leur échapper et à apporter sur Terre l'incroyable Machine à Remonter le Temps. Son but, avec ton aide : prendre sa revanche. Grâce à la machine à Remonter le Temps qui te ramène 200 millions d'années en arrière, il faut localiser chaque Dinosaure avant que les Cervelles Molles ne s'en emparent. Empêche les Dinosaures d'être renvoyés sur terre et d'anéantir tout sur leur passage. Dexter t'y aidera. Avec l'aide de l'Encyclopédie qui se trouve dans la mémoire de la Machine à Remonter le Temps, tu trouveras tout ce dont tu as besoin pour sauver les Dinosaures et .... la planète.
Zombie Dinos vom Planeten Zeltoid (Germany)	D'innocents dinosaures sont devenus de dangereux zombies contrôlés par le diabolique Harry le Hâbleur et ses alliés les Cervelles Molles. Mais tout n'est pas perdu. Dexter Le Dinodroïd super malin a réussi à leur échapper et à apporter sur Terre l'incroyable Machine à Remonter le Temps. Son but, avec ton aide : prendre sa revanche. Grâce à la machine à Remonter le Temps qui te ramène 200 millions d'années en arrière, il faut localiser chaque Dinosaure avant que les Cervelles Molles ne s'en emparent. Empêche les Dinosaures d'être renvoyés sur terre et d'anéantir tout sur leur passage. Dexter t'y aidera. Avec l'aide de l'Encyclopédie qui se trouve dans la mémoire de la Machine à Remonter le Temps, tu trouveras tout ce dont tu as besoin pour sauver les Dinosaures et .... la planète.
